trial,index,start_state
0,0,120
0,1,124
0,2,149
0,3,197
0,4,213
0,5,221
0,6,276
0,7,343
0,8,384
0,9,410
0,10,542
0,11,651
0,12,657
0,13,693
0,14,758
0,15,787
0,16,853
0,17,865
0,18,931
0,19,957
0,20,1017
0,21,1169
0,22,1231
0,23,1304
0,24,1340
0,25,1348
0,26,1360
0,27,1374
0,28,1396
0,29,1402
0,30,1526
0,31,1655
0,32,1667
0,33,1724
0,34,1783
0,35,1883
0,36,1942
0,37,1982
0,38,2064
0,39,2164
0,40,2281
0,41,2388
0,42,2402
0,43,2403
0,44,2441
0,45,2516
0,46,2544
0,47,2692
0,48,2781
0,49,2787
0,50,2815
0,51,2884
0,52,2933
0,53,2957
0,54,3103
0,55,3184
0,56,3233
0,57,3294
0,58,3300
0,59,3309
0,60,3445
0,61,3753
0,62,3899
0,63,3903
0,64,3991
0,65,4053
0,66,4100
0,67,4253
0,68,4282
0,69,4289
0,70,4384
0,71,4407
0,72,4520
0,73,4546
0,74,4605
0,75,4639
0,76,4664
0,77,4710
0,78,4741
0,79,4745
0,80,4750
0,81,5047
0,82,5072
0,83,5095
0,84,5149
0,85,5163
0,86,5219
0,87,5265
0,88,5375
0,89,5394
0,90,5408
0,91,5452
0,92,5473
0,93,5541
0,94,5558
0,95,5603
0,96,5656
0,97,5777
0,98,5814
0,99,5913
0,100,5927
0,101,5934
0,102,5941
0,103,5995
0,104,6006
0,105,6072
0,106,6082
0,107,6114
0,108,6252
0,109,6292
0,110,6392
0,111,6473
0,112,6490
0,113,6539
0,114,6702
0,115,6881
0,116,6895
0,117,7017
0,118,7050
0,119,7152
0,120,7178
0,121,7237
0,122,7263
0,123,7300
0,124,7302
0,125,7569
0,126,7587
0,127,7841
0,128,7853
0,129,7955
0,130,7985
0,131,8081
0,132,8152
0,133,8192
0,134,8222
0,135,8235
0,136,8254
0,137,8266
0,138,8283
0,139,8303
0,140,8427
0,141,8444
0,142,8514
0,143,8552
0,144,8606
0,145,8613
0,146,8661
0,147,8739
0,148,8771
0,149,8860
0,150,8947
0,151,8977
0,152,9014
0,153,9021
0,154,9091
0,155,9183
0,156,9227
0,157,9256
0,158,9269
0,159,9334
0,160,9356
0,161,9480
0,162,9531
0,163,9604
0,164,9711
0,165,9962
0,166,9989
0,167,10098
0,168,10266
0,169,10465
0,170,10518
0,171,10574
0,172,10612
0,173,10667
0,174,10701
0,175,10799
0,176,10828
0,177,10921
0,178,11037
0,179,11112
0,180,11127
0,181,11152
0,182,11210
0,183,11311
0,184,11462
0,185,11582
0,186,11589
0,187,11597
0,188,11709
0,189,11981
0,190,11987
0,191,11992
0,192,12010
0,193,12012
0,194,12082
0,195,12172
0,196,12454
0,197,12535
0,198,12556
0,199,12569
0,200,12648
0,201,12776
0,202,12796
0,203,12808
0,204,12906
0,205,13013
0,206,13082
0,207,13115
0,208,13232
0,209,13303
0,210,13477
0,211,13568
0,212,13884
0,213,13885
0,214,13900
0,215,14140
0,216,14218
0,217,14256
0,218,14288
0,219,14338
0,220,14414
0,221,14464
0,222,14601
0,223,14668
0,224,14675
0,225,14699
0,226,14715
0,227,14729
0,228,14761
0,229,14801
0,230,14872
0,231,14960
0,232,15163
0,233,15235
0,234,15243
0,235,15265
0,236,15328
0,237,15377
0,238,15416
0,239,15444
0,240,15459
0,241,15477
0,242,15606
0,243,15634
0,244,15696
0,245,15724
0,246,15775
0,247,15809
0,248,15899
0,249,15909
0,250,15920
0,251,15986
0,252,16102
0,253,16161
0,254,16181
0,255,16205
0,256,16216
0,257,16390
0,258,16432
0,259,16480
0,260,16546
0,261,16701
0,262,16704
0,263,16715
0,264,16763
0,265,16769
0,266,16774
0,267,16861
0,268,16880
0,269,16970
0,270,17041
0,271,17080
0,272,17084
0,273,17105
0,274,17117
0,275,17189
0,276,17338
0,277,17433
0,278,17468
0,279,17566
0,280,17672
0,281,17769
0,282,17839
0,283,17850
0,284,17871
0,285,17887
0,286,18102
0,287,18119
0,288,18238
0,289,18283
0,290,18464
0,291,18567
0,292,18584
0,293,18817
0,294,18831
0,295,18877
0,296,18967
0,297,19224
0,298,19255
0,299,19443
0,300,19503
0,301,19553
0,302,19570
0,303,19579
0,304,19583
0,305,19715
0,306,19724
0,307,19779
0,308,19898
0,309,19908
0,310,19970
0,311,20001
0,312,20067
0,313,20350
0,314,20414
0,315,20469
0,316,20555
0,317,20591
0,318,20608
0,319,20613
0,320,20760
0,321,20875
0,322,20878
0,323,20885
0,324,20891
0,325,20892
0,326,20979
0,327,20995
0,328,21027
0,329,21057
0,330,21062
0,331,21122
0,332,21158
0,333,21216
0,334,21441
0,335,21481
0,336,21696
0,337,21740
0,338,21970
0,339,21991
0,340,22027
0,341,22148
0,342,22233
0,343,22251
0,344,22283
0,345,22303
0,346,22487
0,347,22504
0,348,22558
0,349,22584
0,350,22627
0,351,22741
0,352,22873
0,353,22911
0,354,22962
0,355,22966
0,356,23153
0,357,23240
0,358,23406
0,359,23592
0,360,23593
0,361,23645
0,362,23672
0,363,23674
0,364,23826
0,365,23881
0,366,23912
0,367,23993
0,368,24056
0,369,24243
0,370,24264
0,371,24313
0,372,24348
0,373,24416
0,374,24479
0,375,24658
0,376,24693
0,377,24700
0,378,24718
0,379,24766
0,380,24812
0,381,24840
0,382,24955
0,383,25050
0,384,25089
0,385,25107
0,386,25109
0,387,25156
0,388,25182
0,389,25188
0,390,25379
0,391,25429
0,392,25430
0,393,25478
0,394,25598
0,395,25652
0,396,25658
0,397,25671
0,398,25723
0,399,25748
0,400,25755
0,401,26004
0,402,26042
0,403,26238
0,404,26242
0,405,26294
0,406,26301
0,407,26308
0,408,26394
0,409,26527
0,410,26550
0,411,26660
0,412,26674
0,413,26691
0,414,26704
0,415,26856
0,416,26861
0,417,26938
0,418,26983
0,419,27081
0,420,27153
0,421,27162
0,422,27298
0,423,27334
0,424,27418
0,425,27528
0,426,27543
0,427,27572
0,428,27573
0,429,27645
0,430,27656
0,431,27822
0,432,27871
0,433,27934
0,434,27937
0,435,28007
0,436,28053
0,437,28093
0,438,28101
0,439,28114
0,440,28156
0,441,28248
0,442,28336
0,443,28341
0,444,28351
0,445,28398
0,446,28445
0,447,28478
0,448,28506
0,449,28574
0,450,28665
0,451,28707
0,452,28709
0,453,28793
0,454,28873
0,455,28943
0,456,28971
0,457,29130
0,458,29325
0,459,29447
0,460,29466
0,461,29481
0,462,29506
0,463,29556
0,464,29742
0,465,29912
0,466,30010
0,467,30379
0,468,30388
0,469,30394
0,470,30494
0,471,30618
0,472,30622
0,473,30691
0,474,30762
0,475,30794
0,476,30890
0,477,30919
0,478,30946
0,479,31098
0,480,31120
0,481,31185
0,482,31498
0,483,31532
0,484,31594
0,485,31628
0,486,31665
0,487,31787
0,488,31854
0,489,31992
0,490,32108
0,491,32130
0,492,32265
0,493,32275
0,494,32312
0,495,32330
0,496,32456
0,497,32488
0,498,32552
0,499,32575
0,500,32679
0,501,32710
0,502,32798
0,503,32838
0,504,32867
0,505,32961
0,506,32964
0,507,32991
0,508,33050
0,509,33052
0,510,33054
0,511,33088
0,512,33141
0,513,33218
0,514,33219
0,515,33245
0,516,33283
0,517,33302
0,518,33326
0,519,33401
0,520,33434
0,521,33615
0,522,33780
0,523,33783
0,524,33873
0,525,33877
0,526,33899
0,527,33912
0,528,34016
0,529,34106
0,530,34208
0,531,34210
0,532,34307
0,533,34349
0,534,34391
0,535,34428
0,536,34438
0,537,34448
0,538,34465
0,539,34552
0,540,34620
0,541,34643
0,542,34766
0,543,34808
0,544,34935
0,545,35037
0,546,35082
0,547,35094
0,548,35218
0,549,35250
0,550,35376
0,551,35418
0,552,35443
0,553,35444
0,554,35571
0,555,35603
0,556,35722
0,557,35745
0,558,35824
0,559,35840
0,560,35882
0,561,36020
0,562,36035
0,563,36094
0,564,36117
0,565,36123
0,566,36124
0,567,36141
0,568,36238
0,569,36275
0,570,36277
0,571,36340
0,572,36343
0,573,36355
0,574,36396
0,575,36400
0,576,36545
0,577,36583
0,578,36586
0,579,36605
0,580,36680
0,581,36690
0,582,36740
0,583,36833
0,584,36889
0,585,37025
0,586,37081
0,587,37123
0,588,37180
0,589,37207
0,590,37244
0,591,37317
0,592,37361
0,593,37396
0,594,37403
0,595,37459
0,596,37524
0,597,37562
0,598,37581
0,599,37601
0,600,37782
0,601,37843
0,602,37939
0,603,38002
0,604,38078
0,605,38138
0,606,38172
0,607,38211
0,608,38335
0,609,38364
0,610,38383
0,611,38663
0,612,38678
0,613,38722
0,614,38783
0,615,38938
0,616,39110
0,617,39127
0,618,39161
0,619,39736
0,620,39772
0,621,39780
0,622,39788
0,623,39877
0,624,39883
0,625,39934
0,626,39953
0,627,40130
0,628,40154
0,629,40188
0,630,40197
0,631,40213
0,632,40243
0,633,40247
0,634,40304
0,635,40348
0,636,40350
0,637,40373
0,638,40396
0,639,40540
0,640,40563
0,641,40796
0,642,40934
0,643,41127
0,644,41192
0,645,41319
0,646,41415
0,647,41506
0,648,41557
0,649,41678
0,650,41716
0,651,41728
0,652,41862
0,653,41935
0,654,42002
0,655,42028
0,656,42049
0,657,42052
0,658,42056
0,659,42143
0,660,42174
0,661,42193
0,662,42348
0,663,42498
0,664,42704
0,665,42756
0,666,42864
0,667,42885
0,668,43035
0,669,43064
0,670,43111
0,671,43394
0,672,43471
0,673,43503
0,674,43520
0,675,43526
0,676,43527
0,677,43708
0,678,43721
0,679,43776
0,680,43958
0,681,43971
0,682,44032
0,683,44073
0,684,44164
0,685,44194
0,686,44333
0,687,44374
0,688,44394
0,689,44466
0,690,44550
0,691,44605
0,692,44638
0,693,44650
0,694,44703
0,695,44796
0,696,44815
0,697,44867
0,698,44879
0,699,44905
0,700,44965
0,701,45032
0,702,45038
0,703,45110
0,704,45147
0,705,45244
0,706,45473
0,707,45475
0,708,45479
0,709,45531
0,710,45722
0,711,45962
0,712,45965
0,713,46102
0,714,46133
0,715,46202
0,716,46276
0,717,46360
0,718,46363
0,719,46483
0,720,46641
0,721,46674
0,722,46741
0,723,46758
0,724,46855
0,725,46865
0,726,46876
0,727,46891
0,728,46907
0,729,46912
0,730,46915
0,731,46959
0,732,46998
0,733,47049
0,734,47150
0,735,47166
0,736,47167
0,737,47175
0,738,47324
0,739,47325
0,740,47406
0,741,47425
0,742,47445
0,743,47491
0,744,47508
0,745,47547
0,746,47566
0,747,47615
0,748,47674
0,749,47676
0,750,47725
0,751,47731
0,752,47750
0,753,47797
0,754,47836
0,755,47931
0,756,47965
0,757,48094
0,758,48150
0,759,48215
0,760,48294
0,761,48335
0,762,48343
0,763,48475
0,764,48486
0,765,48600
0,766,48732
0,767,48796
0,768,48807
0,769,48824
0,770,48840
0,771,48945
0,772,48954
0,773,49057
0,774,49079
0,775,49266
0,776,49338
0,777,49422
0,778,49467
0,779,49492
0,780,49633
0,781,49758
0,782,49775
0,783,49795
0,784,49842
0,785,49893
0,786,49962
0,787,50077
0,788,50145
0,789,50503
0,790,50513
0,791,50626
0,792,50638
0,793,50659
0,794,50829
0,795,51009
0,796,51015
0,797,51097
0,798,51155
0,799,51526
0,800,51641
0,801,51655
0,802,51698
0,803,51865
0,804,51959
0,805,52007
0,806,52204
0,807,52294
0,808,52362
0,809,52387
0,810,52466
0,811,52482
0,812,52488
0,813,52511
0,814,52622
0,815,52724
0,816,52928
0,817,53072
0,818,53091
0,819,53101
0,820,53209
0,821,53449
0,822,53586
0,823,53587
0,824,53657
0,825,53698
0,826,53746
0,827,53760
0,828,53867
0,829,53894
0,830,53901
0,831,53999
0,832,54033
0,833,54087
0,834,54137
0,835,54144
0,836,54188
0,837,54189
0,838,54203
0,839,54210
0,840,54303
0,841,54320
0,842,54343
0,843,54463
0,844,54507
0,845,54673
0,846,54717
0,847,54728
0,848,54746
0,849,54889
0,850,54916
0,851,54919
0,852,54949
0,853,55068
0,854,55114
0,855,55148
0,856,55204
0,857,55354
0,858,55358
0,859,55463
0,860,55466
0,861,55648
0,862,55681
0,863,55724
0,864,55786
0,865,55811
0,866,55820
0,867,55897
0,868,55902
0,869,55988
0,870,56013
0,871,56020
0,872,56050
0,873,56097
0,874,56160
0,875,56171
0,876,56185
0,877,56199
0,878,56289
0,879,56345
0,880,56424
0,881,56479
0,882,56492
0,883,56493
0,884,56497
0,885,56783
0,886,56868
0,887,56906
0,888,56912
0,889,56915
0,890,56921
0,891,56927
0,892,56951
0,893,56970
0,894,57099
0,895,57186
0,896,57425
0,897,57507
0,898,57671
0,899,57706
0,900,57715
0,901,57803
0,902,57816
0,903,57879
0,904,58219
0,905,58289
0,906,58390
0,907,58465
0,908,58589
0,909,58756
0,910,58776
0,911,58885
0,912,58999
0,913,59048
0,914,59057
0,915,59198
0,916,59215
0,917,59252
0,918,59302
0,919,59332
0,920,59354
0,921,59413
0,922,59417
0,923,59603
0,924,59627
0,925,59679
0,926,59715
0,927,59812
0,928,59866
0,929,59916
0,930,59940
0,931,59960
0,932,60001
0,933,60002
0,934,60004
0,935,60033
0,936,60040
0,937,60053
0,938,60056
0,939,60138
0,940,60327
0,941,60534
0,942,60544
0,943,60591
0,944,60682
0,945,60761
0,946,60775
0,947,60817
0,948,60888
0,949,61008
0,950,61046
0,951,61116
0,952,61178
0,953,61222
0,954,61353
0,955,61511
0,956,61517
0,957,61553
0,958,61592
0,959,61615
0,960,61620
0,961,61743
0,962,61744
0,963,61749
0,964,61818
0,965,61959
0,966,62062
0,967,62084
0,968,62115
0,969,62168
0,970,62170
0,971,62174
0,972,62243
0,973,62282
0,974,62347
0,975,62476
0,976,62489
0,977,62498
0,978,62589
0,979,62594
0,980,62675
0,981,62694
0,982,62788
0,983,62840
0,984,62907
0,985,62946
0,986,63029
0,987,63081
0,988,63108
0,989,63188
0,990,63351
0,991,63483
0,992,63490
0,993,63550
0,994,63744
0,995,63775
0,996,63885
0,997,63931
0,998,64027
0,999,64066
0,1000,64117
0,1001,64121
0,1002,64159
0,1003,64185
0,1004,64216
0,1005,64293
0,1006,64378
0,1007,64387
0,1008,64530
0,1009,64612
0,1010,64667
0,1011,64695
0,1012,64720
0,1013,64791
0,1014,64859
0,1015,64947
0,1016,64969
0,1017,64988
0,1018,65213
0,1019,65248
0,1020,65379
0,1021,65383
0,1022,65442
0,1023,65527
1,0,6
1,1,17
1,2,62
1,3,87
1,4,145
1,5,214
1,6,215
1,7,265
1,8,485
1,9,545
1,10,581
1,11,647
1,12,710
1,13,726
1,14,778
1,15,818
1,16,831
1,17,871
1,18,892
1,19,1046
1,20,1191
1,21,1228
1,22,1297
1,23,1390
1,24,1405
1,25,1535
1,26,1668
1,27,1779
1,28,1871
1,29,1880
1,30,1947
1,31,2091
1,32,2124
1,33,2159
1,34,2276
1,35,2434
1,36,2473
1,37,2511
1,38,2519
1,39,2595
1,40,2610
1,41,2682
1,42,2701
1,43,2746
1,44,2847
1,45,2882
1,46,2915
1,47,2967
1,48,3043
1,49,3081
1,50,3145
1,51,3246
1,52,3426
1,53,3573
1,54,3747
1,55,3793
1,56,3894
1,57,4021
1,58,4132
1,59,4320
1,60,4372
1,61,4420
1,62,4431
1,63,4448
1,64,4509
1,65,4515
1,66,4653
1,67,4731
1,68,4758
1,69,4785
1,70,4822
1,71,4831
1,72,4837
1,73,4847
1,74,4979
1,75,5095
1,76,5200
1,77,5206
1,78,5231
1,79,5263
1,80,5320
1,81,5322
1,82,5342
1,83,5399
1,84,5526
1,85,5572
1,86,5598
1,87,5688
1,88,5689
1,89,5713
1,90,5745
1,91,5817
1,92,5853
1,93,6030
1,94,6044
1,95,6119
1,96,6144
1,97,6283
1,98,6393
1,99,6395
1,100,6425
1,101,6487
1,102,6538
1,103,6564
1,104,6764
1,105,6862
1,106,6960
1,107,7164
1,108,7242
1,109,7245
1,110,7323
1,111,7341
1,112,7418
1,113,7460
1,114,7569
1,115,7716
1,116,7771
1,117,7773
1,118,7835
1,119,7837
1,120,7861
1,121,7879
1,122,7905
1,123,7922
1,124,7927
1,125,8025
1,126,8076
1,127,8091
1,128,8100
1,129,8121
1,130,8128
1,131,8430
1,132,8443
1,133,8525
1,134,8588
1,135,8716
1,136,8724
1,137,8774
1,138,8793
1,139,9032
1,140,9089
1,141,9119
1,142,9158
1,143,9303
1,144,9438
1,145,9559
1,146,9676
1,147,9738
1,148,9822
1,149,9938
1,150,9949
1,151,9965
1,152,9975
1,153,9999
1,154,10038
1,155,10210
1,156,10238
1,157,10505
1,158,10532
1,159,10547
1,160,10593
1,161,10643
1,162,10798
1,163,10826
1,164,10869
1,165,10897
1,166,10943
1,167,10971
1,168,11078
1,169,11208
1,170,11236
1,171,11300
1,172,11318
1,173,11409
1,174,11501
1,175,11548
1,176,11608
1,177,11711
1,178,11733
1,179,11744
1,180,11847
1,181,11977
1,182,12011
1,183,12012
1,184,12018
1,185,12088
1,186,12122
1,187,12143
1,188,12284
1,189,12299
1,190,12326
1,191,12357
1,192,12405
1,193,12513
1,194,12606
1,195,12733
1,196,12748
1,197,12793
1,198,12839
1,199,12845
1,200,12943
1,201,12959
1,202,12980
1,203,13030
1,204,13232
1,205,13254
1,206,13264
1,207,13273
1,208,13289
1,209,13321
1,210,13465
1,211,13485
1,212,13520
1,213,13533
1,214,13567
1,215,13590
1,216,13812
1,217,13823
1,218,13843
1,219,13911
1,220,13912
1,221,13965
1,222,13975
1,223,14189
1,224,14386
1,225,14608
1,226,14636
1,227,14647
1,228,14679
1,229,14791
1,230,14834
1,231,14845
1,232,14876
1,233,14877
1,234,14878
1,235,14925
1,236,14937
1,237,14939
1,238,14972
1,239,15091
1,240,15199
1,241,15362
1,242,15574
1,243,15582
1,244,15664
1,245,15714
1,246,15806
1,247,15823
1,248,15866
1,249,15887
1,250,15900
1,251,15912
1,252,15957
1,253,16145
1,254,16378
1,255,16389
1,256,16433
1,257,16503
1,258,16589
1,259,16687
1,260,16849
1,261,16859
1,262,16884
1,263,16890
1,264,16897
1,265,16922
1,266,16928
1,267,16961
1,268,17015
1,269,17061
1,270,17144
1,271,17153
1,272,17309
1,273,17604
1,274,17634
1,275,17643
1,276,17696
1,277,17766
1,278,17928
1,279,17949
1,280,18106
1,281,18175
1,282,18259
1,283,18325
1,284,18386
1,285,18585
1,286,18640
1,287,18776
1,288,18799
1,289,18836
1,290,18889
1,291,18969
1,292,18970
1,293,18971
1,294,18973
1,295,19110
1,296,19188
1,297,19197
1,298,19362
1,299,19416
1,300,19439
1,301,19444
1,302,19495
1,303,19497
1,304,19549
1,305,19628
1,306,19773
1,307,19811
1,308,19943
1,309,19980
1,310,19990
1,311,20065
1,312,20112
1,313,20121
1,314,20248
1,315,20351
1,316,20443
1,317,20454
1,318,20464
1,319,20519
1,320,20678
1,321,20679
1,322,20681
1,323,20837
1,324,20859
1,325,20866
1,326,21170
1,327,21349
1,328,21442
1,329,21484
1,330,21544
1,331,21568
1,332,21570
1,333,21657
1,334,21677
1,335,21803
1,336,21877
1,337,21878
1,338,21891
1,339,21894
1,340,21898
1,341,21948
1,342,21970
1,343,21993
1,344,22055
1,345,22088
1,346,22188
1,347,22220
1,348,22392
1,349,22402
1,350,22442
1,351,22448
1,352,22524
1,353,22895
1,354,23094
1,355,23190
1,356,23344
1,357,23347
1,358,23377
1,359,23535
1,360,23577
1,361,23620
1,362,23627
1,363,23709
1,364,23790
1,365,23814
1,366,23818
1,367,23903
1,368,24009
1,369,24097
1,370,24233
1,371,24347
1,372,24448
1,373,24696
1,374,24787
1,375,24916
1,376,24944
1,377,24977
1,378,25017
1,379,25048
1,380,25057
1,381,25143
1,382,25246
1,383,25520
1,384,25673
1,385,25730
1,386,25748
1,387,25791
1,388,25795
1,389,25817
1,390,25820
1,391,25926
1,392,25929
1,393,25962
1,394,26204
1,395,26208
1,396,26272
1,397,26315
1,398,26531
1,399,26558
1,400,26610
1,401,26653
1,402,26777
1,403,26907
1,404,27017
1,405,27027
1,406,27111
1,407,27181
1,408,27221
1,409,27237
1,410,27261
1,411,27325
1,412,27582
1,413,27695
1,414,27717
1,415,27776
1,416,27779
1,417,27857
1,418,27940
1,419,27989
1,420,28059
1,421,28099
1,422,28131
1,423,28171
1,424,28253
1,425,28285
1,426,28294
1,427,28320
1,428,28329
1,429,28354
1,430,28395
1,431,28411
1,432,28425
1,433,28590
1,434,28621
1,435,28645
1,436,28736
1,437,28788
1,438,28808
1,439,28817
1,440,28827
1,441,28860
1,442,28952
1,443,29055
1,444,29063
1,445,29090
1,446,29134
1,447,29143
1,448,29255
1,449,29284
1,450,29287
1,451,29380
1,452,29397
1,453,29436
1,454,29482
1,455,29485
1,456,29532
1,457,29581
1,458,29587
1,459,29615
1,460,29968
1,461,30079
1,462,30085
1,463,30157
1,464,30210
1,465,30212
1,466,30448
1,467,30464
1,468,30505
1,469,30538
1,470,30552
1,471,30629
1,472,30693
1,473,30726
1,474,30752
1,475,30764
1,476,30778
1,477,30846
1,478,30930
1,479,30981
1,480,31047
1,481,31166
1,482,31212
1,483,31226
1,484,31259
1,485,31306
1,486,31403
1,487,31473
1,488,31501
1,489,31669
1,490,31712
1,491,31721
1,492,31786
1,493,31811
1,494,31870
1,495,31887
1,496,31982
1,497,31993
1,498,32007
1,499,32025
1,500,32066
1,501,32074
1,502,32110
1,503,32126
1,504,32163
1,505,32227
1,506,32234
1,507,32342
1,508,32399
1,509,32463
1,510,32557
1,511,32696
1,512,32698
1,513,32745
1,514,32792
1,515,32816
1,516,32845
1,517,32890
1,518,32951
1,519,33038
1,520,33056
1,521,33077
1,522,33100
1,523,33161
1,524,33183
1,525,33202
1,526,33217
1,527,33427
1,528,33500
1,529,33567
1,530,33622
1,531,33656
1,532,33765
1,533,33828
1,534,33911
1,535,33960
1,536,34081
1,537,34195
1,538,34217
1,539,34283
1,540,34316
1,541,34317
1,542,34363
1,543,34381
1,544,34403
1,545,34408
1,546,34457
1,547,34541
1,548,34544
1,549,34552
1,550,34712
1,551,34805
1,552,34847
1,553,34878
1,554,34912
1,555,34952
1,556,34959
1,557,35131
1,558,35139
1,559,35260
1,560,35345
1,561,35440
1,562,35543
1,563,35611
1,564,35829
1,565,35871
1,566,35969
1,567,36046
1,568,36156
1,569,36158
1,570,36208
1,571,36218
1,572,36274
1,573,36329
1,574,36357
1,575,36374
1,576,36446
1,577,36494
1,578,36515
1,579,36645
1,580,36705
1,581,36724
1,582,36741
1,583,36747
1,584,36835
1,585,36890
1,586,37003
1,587,37036
1,588,37073
1,589,37146
1,590,37311
1,591,37358
1,592,37374
1,593,37503
1,594,37526
1,595,37555
1,596,37693
1,597,37704
1,598,37761
1,599,37769
1,600,37827
1,601,37874
1,602,37886
1,603,37939
1,604,37963
1,605,38009
1,606,38079
1,607,38173
1,608,38223
1,609,38253
1,610,38469
1,611,38649
1,612,38664
1,613,38769
1,614,38858
1,615,38876
1,616,38975
1,617,38979
1,618,38982
1,619,39045
1,620,39055
1,621,39068
1,622,39072
1,623,39188
1,624,39204
1,625,39240
1,626,39259
1,627,39326
1,628,39329
1,629,39417
1,630,39505
1,631,39594
1,632,39662
1,633,39697
1,634,39759
1,635,39856
1,636,39936
1,637,39971
1,638,40057
1,639,40114
1,640,40241
1,641,40397
1,642,40446
1,643,40466
1,644,40584
1,645,40614
1,646,40697
1,647,40699
1,648,40738
1,649,40759
1,650,40786
1,651,40878
1,652,40928
1,653,41001
1,654,41012
1,655,41024
1,656,41069
1,657,41102
1,658,41115
1,659,41183
1,660,41207
1,661,41329
1,662,41336
1,663,41487
1,664,41677
1,665,41693
1,666,41933
1,667,41976
1,668,41977
1,669,42061
1,670,42209
1,671,42270
1,672,42398
1,673,42410
1,674,42418
1,675,42561
1,676,42570
1,677,42702
1,678,42734
1,679,42776
1,680,42854
1,681,42891
1,682,42924
1,683,42934
1,684,42998
1,685,43025
1,686,43059
1,687,43062
1,688,43088
1,689,43165
1,690,43186
1,691,43494
1,692,43736
1,693,43737
1,694,43758
1,695,43850
1,696,43867
1,697,43907
1,698,44009
1,699,44217
1,700,44268
1,701,44457
1,702,44567
1,703,44633
1,704,44665
1,705,44684
1,706,44781
1,707,44795
1,708,44914
1,709,44952
1,710,45043
1,711,45077
1,712,45136
1,713,45323
1,714,45384
1,715,45457
1,716,45481
1,717,45590
1,718,45606
1,719,45632
1,720,45786
1,721,45805
1,722,45811
1,723,45857
1,724,45880
1,725,45975
1,726,46034
1,727,46041
1,728,46044
1,729,46061
1,730,46199
1,731,46217
1,732,46233
1,733,46336
1,734,46510
1,735,46539
1,736,46543
1,737,46640
1,738,46679
1,739,46709
1,740,46798
1,741,46840
1,742,46860
1,743,47103
1,744,47297
1,745,47431
1,746,47449
1,747,47457
1,748,47663
1,749,47689
1,750,47897
1,751,47903
1,752,47920
1,753,48032
1,754,48124
1,755,48199
1,756,48263
1,757,48326
1,758,48353
1,759,48543
1,760,48570
1,761,48580
1,762,48610
1,763,48728
1,764,48855
1,765,48905
1,766,49161
1,767,49170
1,768,49304
1,769,49373
1,770,49466
1,771,49548
1,772,49701
1,773,49808
1,774,49817
1,775,49852
1,776,49870
1,777,49874
1,778,49999
1,779,50033
1,780,50059
1,781,50125
1,782,50131
1,783,50168
1,784,50209
1,785,50225
1,786,50290
1,787,50299
1,788,50465
1,789,50588
1,790,50607
1,791,50734
1,792,50748
1,793,50816
1,794,50897
1,795,50933
1,796,50982
1,797,51343
1,798,51409
1,799,51432
1,800,51516
1,801,51622
1,802,51822
1,803,51873
1,804,51874
1,805,51909
1,806,51979
1,807,52012
1,808,52087
1,809,52149
1,810,52202
1,811,52204
1,812,52233
1,813,52237
1,814,52285
1,815,52528
1,816,52626
1,817,52798
1,818,52842
1,819,52844
1,820,52967
1,821,53023
1,822,53095
1,823,53107
1,824,53213
1,825,53286
1,826,53299
1,827,53395
1,828,53428
1,829,53484
1,830,53534
1,831,53542
1,832,53545
1,833,53702
1,834,53710
1,835,53724
1,836,54088
1,837,54130
1,838,54135
1,839,54161
1,840,54418
1,841,54422
1,842,54456
1,843,54457
1,844,54507
1,845,54523
1,846,54665
1,847,54680
1,848,54787
1,849,54817
1,850,54863
1,851,54870
1,852,54924
1,853,54964
1,854,55112
1,855,55281
1,856,55341
1,857,55348
1,858,55364
1,859,55399
1,860,55496
1,861,55559
1,862,55573
1,863,55594
1,864,55618
1,865,55725
1,866,55735
1,867,55747
1,868,55757
1,869,56023
1,870,56053
1,871,56107
1,872,56122
1,873,56127
1,874,56128
1,875,56211
1,876,56232
1,877,56339
1,878,56352
1,879,56392
1,880,56410
1,881,56559
1,882,56583
1,883,56640
1,884,56705
1,885,57021
1,886,57048
1,887,57138
1,888,57184
1,889,57185
1,890,57200
1,891,57225
1,892,57372
1,893,57376
1,894,57494
1,895,57553
1,896,57669
1,897,57710
1,898,57854
1,899,57880
1,900,57882
1,901,57936
1,902,58056
1,903,58062
1,904,58069
1,905,58219
1,906,58221
1,907,58300
1,908,58400
1,909,58484
1,910,58506
1,911,58527
1,912,58563
1,913,58567
1,914,58575
1,915,58579
1,916,58636
1,917,58662
1,918,58718
1,919,58722
1,920,58845
1,921,58935
1,922,59081
1,923,59140
1,924,59173
1,925,59344
1,926,59363
1,927,59381
1,928,59452
1,929,59485
1,930,59807
1,931,59918
1,932,59996
1,933,60052
1,934,60184
1,935,60235
1,936,60289
1,937,60335
1,938,60351
1,939,60479
1,940,60690
1,941,60741
1,942,60790
1,943,60842
1,944,60874
1,945,60988
1,946,61000
1,947,61012
1,948,61095
1,949,61097
1,950,61223
1,951,61240
1,952,61243
1,953,61257
1,954,61300
1,955,61337
1,956,61338
1,957,61721
1,958,61730
1,959,61804
1,960,61809
1,961,61820
1,962,61944
1,963,62023
1,964,62080
1,965,62168
1,966,62284
1,967,62313
1,968,62415
1,969,62485
1,970,62651
1,971,62679
1,972,62857
1,973,62881
1,974,62949
1,975,62991
1,976,63054
1,977,63212
1,978,63298
1,979,63354
1,980,63366
1,981,63390
1,982,63395
1,983,63440
1,984,63475
1,985,63586
1,986,63778
1,987,63784
1,988,63844
1,989,63871
1,990,63908
1,991,63914
1,992,64022
1,993,64053
1,994,64082
1,995,64202
1,996,64317
1,997,64408
1,998,64413
1,999,64446
1,1000,64461
1,1001,64597
1,1002,64623
1,1003,64640
1,1004,64837
1,1005,64937
1,1006,64973
1,1007,65014
1,1008,65036
1,1009,65087
1,1010,65128
1,1011,65171
1,1012,65176
1,1013,65186
1,1014,65188
1,1015,65204
1,1016,65289
1,1017,65350
1,1018,65370
1,1019,65378
1,1020,65424
1,1021,65452
1,1022,65495
1,1023,65499
2,0,74
2,1,118
2,2,253
2,3,278
2,4,335
2,5,508
2,6,557
2,7,633
2,8,677
2,9,716
2,10,807
2,11,858
2,12,964
2,13,970
2,14,1043
2,15,1046
2,16,1096
2,17,1131
2,18,1171
2,19,1327
2,20,1380
2,21,1593
2,22,1618
2,23,1619
2,24,1630
2,25,1797
2,26,1801
2,27,1826
2,28,1896
2,29,1912
2,30,1959
2,31,2076
2,32,2271
2,33,2280
2,34,2329
2,35,2445
2,36,2455
2,37,2592
2,38,2679
2,39,2710
2,40,2813
2,41,2820
2,42,2917
2,43,3011
2,44,3024
2,45,3053
2,46,3085
2,47,3103
2,48,3310
2,49,3311
2,50,3339
2,51,3392
2,52,3395
2,53,3398
2,54,3485
2,55,3535
2,56,3699
2,57,3718
2,58,3816
2,59,4220
2,60,4272
2,61,4309
2,62,4423
2,63,4574
2,64,4624
2,65,4764
2,66,4882
2,67,4914
2,68,5066
2,69,5133
2,70,5197
2,71,5238
2,72,5408
2,73,5415
2,74,5477
2,75,5516
2,76,5656
2,77,5682
2,78,5784
2,79,5805
2,80,5883
2,81,5961
2,82,5994
2,83,6130
2,84,6162
2,85,6192
2,86,6258
2,87,6380
2,88,6427
2,89,6547
2,90,6628
2,91,6673
2,92,6741
2,93,6743
2,94,6757
2,95,6812
2,96,6825
2,97,6826
2,98,6845
2,99,6869
2,100,6923
2,101,6942
2,102,6954
2,103,7010
2,104,7038
2,105,7060
2,106,7158
2,107,7342
2,108,7402
2,109,7421
2,110,7501
2,111,7681
2,112,7770
2,113,7780
2,114,7886
2,115,7890
2,116,7983
2,117,8036
2,118,8062
2,119,8119
2,120,8187
2,121,8440
2,122,8462
2,123,8468
2,124,8594
2,125,8634
2,126,8648
2,127,8726
2,128,8811
2,129,9060
2,130,9223
2,131,9338
2,132,9363
2,133,9459
2,134,9510
2,135,9588
2,136,9688
2,137,9695
2,138,9712
2,139,9768
2,140,9790
2,141,9847
2,142,9946
2,143,9971
2,144,9991
2,145,10005
2,146,10019
2,147,10081
2,148,10258
2,149,10316
2,150,10360
2,151,10386
2,152,10387
2,153,10423
2,154,10462
2,155,10541
2,156,10568
2,157,10582
2,158,10638
2,159,10683
2,160,10758
2,161,10775
2,162,10923
2,163,10966
2,164,11001
2,165,11014
2,166,11104
2,167,11253
2,168,11295
2,169,11422
2,170,11457
2,171,11570
2,172,11611
2,173,11851
2,174,11909
2,175,11911
2,176,11948
2,177,11984
2,178,12076
2,179,12087
2,180,12199
2,181,12233
2,182,12288
2,183,12350
2,184,12425
2,185,12447
2,186,12500
2,187,12569
2,188,12690
2,189,12733
2,190,12755
2,191,12782
2,192,12845
2,193,12863
2,194,12879
2,195,12910
2,196,13058
2,197,13146
2,198,13147
2,199,13191
2,200,13219
2,201,13318
2,202,13354
2,203,13395
2,204,13445
2,205,13452
2,206,13466
2,207,13526
2,208,13559
2,209,13595
2,210,13611
2,211,13635
2,212,13656
2,213,13785
2,214,13849
2,215,13877
2,216,14072
2,217,14173
2,218,14373
2,219,14379
2,220,14402
2,221,14463
2,222,14490
2,223,14538
2,224,14608
2,225,14651
2,226,14703
2,227,14963
2,228,15025
2,229,15046
2,230,15065
2,231,15141
2,232,15195
2,233,15209
2,234,15213
2,235,15218
2,236,15422
2,237,15439
2,238,15537
2,239,15687
2,240,15704
2,241,15740
2,242,15747
2,243,15780
2,244,15840
2,245,15857
2,246,15898
2,247,16037
2,248,16111
2,249,16118
2,250,16123
2,251,16177
2,252,16326
2,253,16332
2,254,16366
2,255,16374
2,256,16476
2,257,16698
2,258,16781
2,259,16936
2,260,16939
2,261,16979
2,262,17003
2,263,17038
2,264,17081
2,265,17094
2,266,17177
2,267,17187
2,268,17194
2,269,17439
2,270,17473
2,271,17482
2,272,17510
2,273,17542
2,274,17573
2,275,17613
2,276,17636
2,277,17644
2,278,17681
2,279,17814
2,280,17828
2,281,17881
2,282,17926
2,283,17960
2,284,18152
2,285,18160
2,286,18423
2,287,18582
2,288,18584
2,289,18617
2,290,18635
2,291,18671
2,292,18714
2,293,18762
2,294,18768
2,295,18912
2,296,18945
2,297,18991
2,298,19028
2,299,19173
2,300,19303
2,301,19420
2,302,19493
2,303,19550
2,304,19558
2,305,19808
2,306,19856
2,307,19960
2,308,19976
2,309,20001
2,310,20017
2,311,20098
2,312,20314
2,313,20358
2,314,20387
2,315,20392
2,316,20521
2,317,20573
2,318,20677
2,319,20721
2,320,20768
2,321,20799
2,322,20833
2,323,20926
2,324,21003
2,325,21090
2,326,21107
2,327,21148
2,328,21183
2,329,21242
2,330,21266
2,331,21292
2,332,21313
2,333,21350
2,334,21399
2,335,21450
2,336,21537
2,337,21755
2,338,21765
2,339,21854
2,340,21934
2,341,22066
2,342,22077
2,343,22173
2,344,22187
2,345,22233
2,346,22277
2,347,22318
2,348,22421
2,349,22446
2,350,22593
2,351,22663
2,352,22810
2,353,22821
2,354,22840
2,355,22956
2,356,22970
2,357,23328
2,358,23356
2,359,23380
2,360,23392
2,361,23416
2,362,23450
2,363,23552
2,364,23557
2,365,23566
2,366,23723
2,367,23750
2,368,23867
2,369,23893
2,370,24056
2,371,24233
2,372,24245
2,373,24253
2,374,24433
2,375,24445
2,376,24476
2,377,24486
2,378,24491
2,379,24694
2,380,24745
2,381,24782
2,382,24930
2,383,25066
2,384,25087
2,385,25150
2,386,25215
2,387,25327
2,388,25354
2,389,25386
2,390,25431
2,391,25532
2,392,25533
2,393,25683
2,394,25756
2,395,25762
2,396,25867
2,397,25984
2,398,26037
2,399,26118
2,400,26174
2,401,26198
2,402,26270
2,403,26300
2,404,26386
2,405,26496
2,406,26610
2,407,26687
2,408,26746
2,409,26776
2,410,26882
2,411,26972
2,412,27004
2,413,27044
2,414,27050
2,415,27081
2,416,27124
2,417,27173
2,418,27204
2,419,27211
2,420,27225
2,421,27286
2,422,27299
2,423,27313
2,424,27328
2,425,27422
2,426,27470
2,427,27519
2,428,27532
2,429,27568
2,430,27676
2,431,27861
2,432,27862
2,433,27899
2,434,27927
2,435,27970
2,436,27993
2,437,28068
2,438,28102
2,439,28112
2,440,28176
2,441,28201
2,442,28227
2,443,28376
2,444,28435
2,445,28480
2,446,28519
2,447,28555
2,448,28681
2,449,28753
2,450,28773
2,451,28774
2,452,28781
2,453,28801
2,454,28971
2,455,29032
2,456,29052
2,457,29216
2,458,29333
2,459,29395
2,460,29450
2,461,29527
2,462,29615
2,463,29706
2,464,29768
2,465,29896
2,466,29901
2,467,30000
2,468,30016
2,469,30093
2,470,30121
2,471,30156
2,472,30214
2,473,30293
2,474,30377
2,475,30394
2,476,30531
2,477,30533
2,478,30541
2,479,30618
2,480,30803
2,481,30844
2,482,30861
2,483,30927
2,484,30969
2,485,31063
2,486,31137
2,487,31289
2,488,31355
2,489,31531
2,490,31626
2,491,31632
2,492,31679
2,493,31680
2,494,31695
2,495,31717
2,496,31891
2,497,31929
2,498,31951
2,499,32112
2,500,32194
2,501,32392
2,502,32487
2,503,32526
2,504,32553
2,505,32598
2,506,32704
2,507,32719
2,508,32733
2,509,32890
2,510,32907
2,511,32920
2,512,32932
2,513,32965
2,514,33038
2,515,33061
2,516,33072
2,517,33083
2,518,33095
2,519,33103
2,520,33343
2,521,33414
2,522,33488
2,523,33615
2,524,33618
2,525,33637
2,526,33702
2,527,33716
2,528,33805
2,529,33923
2,530,34057
2,531,34089
2,532,34122
2,533,34150
2,534,34186
2,535,34286
2,536,34373
2,537,34432
2,538,34454
2,539,34474
2,540,34502
2,541,34564
2,542,34622
2,543,34629
2,544,34801
2,545,34857
2,546,34994
2,547,35000
2,548,35002
2,549,35041
2,550,35045
2,551,35156
2,552,35208
2,553,35211
2,554,35331
2,555,35345
2,556,35394
2,557,35457
2,558,35475
2,559,35566
2,560,35572
2,561,35580
2,562,35593
2,563,35661
2,564,35701
2,565,35765
2,566,36015
2,567,36098
2,568,36102
2,569,36159
2,570,36249
2,571,36310
2,572,36470
2,573,36641
2,574,36647
2,575,36667
2,576,36885
2,577,36913
2,578,36940
2,579,36956
2,580,36986
2,581,37117
2,582,37165
2,583,37208
2,584,37354
2,585,37407
2,586,37490
2,587,37533
2,588,37560
2,589,37604
2,590,37626
2,591,37709
2,592,37760
2,593,37818
2,594,38113
2,595,38120
2,596,38142
2,597,38174
2,598,38184
2,599,38235
2,600,38260
2,601,38310
2,602,38392
2,603,38424
2,604,38683
2,605,38694
2,606,38735
2,607,38755
2,608,38799
2,609,38911
2,610,38923
2,611,38940
2,612,38948
2,613,39103
2,614,39134
2,615,39144
2,616,39203
2,617,39221
2,618,39238
2,619,39360
2,620,39631
2,621,39672
2,622,39728
2,623,39846
2,624,39855
2,625,39935
2,626,40192
2,627,40368
2,628,40403
2,629,40429
2,630,40452
2,631,40484
2,632,40507
2,633,40560
2,634,40577
2,635,40758
2,636,40888
2,637,40991
2,638,41030
2,639,41066
2,640,41100
2,641,41179
2,642,41214
2,643,41345
2,644,41395
2,645,41410
2,646,41623
2,647,41625
2,648,41645
2,649,41711
2,650,41723
2,651,41735
2,652,41807
2,653,41814
2,654,41941
2,655,41980
2,656,42042
2,657,42066
2,658,42111
2,659,42182
2,660,42221
2,661,42252
2,662,42288
2,663,42292
2,664,42384
2,665,42393
2,666,42439
2,667,42562
2,668,42878
2,669,42919
2,670,43086
2,671,43115
2,672,43191
2,673,43197
2,674,43211
2,675,43214
2,676,43313
2,677,43350
2,678,43355
2,679,43606
2,680,43856
2,681,43930
2,682,43970
2,683,44030
2,684,44067
2,685,44107
2,686,44110
2,687,44130
2,688,44139
2,689,44303
2,690,44347
2,691,44403
2,692,44405
2,693,44408
2,694,44478
2,695,44479
2,696,44539
2,697,44626
2,698,44723
2,699,44746
2,700,44795
2,701,44933
2,702,45097
2,703,45099
2,704,45133
2,705,45147
2,706,45178
2,707,45314
2,708,45376
2,709,45440
2,710,45465
2,711,45530
2,712,45544
2,713,45576
2,714,45605
2,715,45740
2,716,45783
2,717,45908
2,718,45912
2,719,46156
2,720,46233
2,721,46302
2,722,46420
2,723,46462
2,724,46531
2,725,46614
2,726,46688
2,727,46745
2,728,46776
2,729,46794
2,730,46802
2,731,46838
2,732,46859
2,733,46925
2,734,46964
2,735,46990
2,736,47169
2,737,47215
2,738,47312
2,739,47411
2,740,47710
2,741,47726
2,742,47828
2,743,47830
2,744,47842
2,745,47948
2,746,47994
2,747,48009
2,748,48126
2,749,48154
2,750,48201
2,751,48236
2,752,48394
2,753,48536
2,754,48564
2,755,48596
2,756,48627
2,757,48670
2,758,48763
2,759,48853
2,760,48972
2,761,49126
2,762,49140
2,763,49211
2,764,49227
2,765,49244
2,766,49261
2,767,49275
2,768,49298
2,769,49312
2,770,49378
2,771,49535
2,772,49571
2,773,49603
2,774,49686
2,775,49769
2,776,49782
2,777,49794
2,778,49921
2,779,50021
2,780,50045
2,781,50141
2,782,50257
2,783,50368
2,784,50381
2,785,50410
2,786,50475
2,787,50489
2,788,50547
2,789,50564
2,790,50817
2,791,50880
2,792,50902
2,793,50909
2,794,50935
2,795,50984
2,796,50990
2,797,51046
2,798,51066
2,799,51174
2,800,51220
2,801,51266
2,802,51293
2,803,51374
2,804,51383
2,805,51410
2,806,51573
2,807,51686
2,808,51700
2,809,51762
2,810,51863
2,811,51869
2,812,51925
2,813,51941
2,814,52068
2,815,52130
2,816,52136
2,817,52171
2,818,52284
2,819,52334
2,820,52348
2,821,52355
2,822,52372
2,823,52398
2,824,52571
2,825,52600
2,826,52741
2,827,52792
2,828,52793
2,829,52857
2,830,52907
2,831,52974
2,832,52992
2,833,53291
2,834,53341
2,835,53382
2,836,53412
2,837,53572
2,838,53638
2,839,53793
2,840,53816
2,841,53845
2,842,53850
2,843,53867
2,844,53945
2,845,53969
2,846,54056
2,847,54067
2,848,54296
2,849,54340
2,850,54351
2,851,54391
2,852,54513
2,853,54537
2,854,54670
2,855,54780
2,856,54851
2,857,54992
2,858,55105
2,859,55183
2,860,55252
2,861,55440
2,862,55571
2,863,55582
2,864,55611
2,865,55663
2,866,55802
2,867,55811
2,868,55907
2,869,55927
2,870,55963
2,871,55969
2,872,56000
2,873,56003
2,874,56025
2,875,56049
2,876,56129
2,877,56133
2,878,56177
2,879,56215
2,880,56459
2,881,56497
2,882,56562
2,883,56633
2,884,56928
2,885,57003
2,886,57043
2,887,57068
2,888,57171
2,889,57209
2,890,57275
2,891,57315
2,892,57571
2,893,57639
2,894,57658
2,895,57695
2,896,57740
2,897,57753
2,898,57785
2,899,57892
2,900,57937
2,901,58059
2,902,58067
2,903,58258
2,904,58331
2,905,58382
2,906,58391
2,907,58424
2,908,58483
2,909,58488
2,910,58520
2,911,58577
2,912,58598
2,913,58667
2,914,58706
2,915,58780
2,916,58817
2,917,58825
2,918,58864
2,919,58866
2,920,58897
2,921,58957
2,922,59020
2,923,59046
2,924,59094
2,925,59317
2,926,59337
2,927,59413
2,928,59568
2,929,59618
2,930,59731
2,931,59738
2,932,59780
2,933,59818
2,934,59992
2,935,60000
2,936,60033
2,937,60096
2,938,60172
2,939,60276
2,940,60337
2,941,60339
2,942,60389
2,943,60468
2,944,60593
2,945,60676
2,946,60717
2,947,60795
2,948,60803
2,949,60845
2,950,60874
2,951,60918
2,952,60948
2,953,60965
2,954,61111
2,955,61186
2,956,61239
2,957,61387
2,958,61399
2,959,61505
2,960,61600
2,961,61745
2,962,61784
2,963,61793
2,964,61799
2,965,61934
2,966,62106
2,967,62108
2,968,62146
2,969,62255
2,970,62358
2,971,62402
2,972,62427
2,973,62481
2,974,62549
2,975,62635
2,976,62691
2,977,62698
2,978,62718
2,979,62754
2,980,62819
2,981,62827
2,982,62922
2,983,62946
2,984,63167
2,985,63218
2,986,63270
2,987,63271
2,988,63286
2,989,63311
2,990,63409
2,991,63415
2,992,63540
2,993,63608
2,994,63669
2,995,63676
2,996,63699
2,997,63762
2,998,63795
2,999,63827
2,1000,63876
2,1001,63884
2,1002,63964
2,1003,63966
2,1004,63987
2,1005,64070
2,1006,64248
2,1007,64496
2,1008,64510
2,1009,64686
2,1010,64721
2,1011,64722
2,1012,64726
2,1013,64727
2,1014,64763
2,1015,64840
2,1016,64948
2,1017,64996
2,1018,65301
2,1019,65361
2,1020,65379
2,1021,65443
2,1022,65444
2,1023,65458
3,0,21
3,1,84
3,2,87
3,3,102
3,4,230
3,5,262
3,6,268
3,7,276
3,8,278
3,9,280
3,10,323
3,11,377
3,12,454
3,13,509
3,14,522
3,15,567
3,16,669
3,17,997
3,18,1021
3,19,1056
3,20,1059
3,21,1080
3,22,1087
3,23,1124
3,24,1163
3,25,1173
3,26,1215
3,27,1228
3,28,1253
3,29,1311
3,30,1323
3,31,1329
3,32,1363
3,33,1396
3,34,1422
3,35,1470
3,36,1478
3,37,1515
3,38,1525
3,39,1536
3,40,1538
3,41,1549
3,42,1594
3,43,1642
3,44,1666
3,45,1767
3,46,1773
3,47,1851
3,48,1880
3,49,1966
3,50,1989
3,51,2024
3,52,2070
3,53,2096
3,54,2136
3,55,2157
3,56,2175
3,57,2255
3,58,2351
3,59,2357
3,60,2471
3,61,2484
3,62,2599
3,63,2699
3,64,2703
3,65,2739
3,66,2765
3,67,2890
3,68,3027
3,69,3094
3,70,3114
3,71,3119
3,72,3122
3,73,3240
3,74,3268
3,75,3290
3,76,3319
3,77,3370
3,78,3454
3,79,3604
3,80,3629
3,81,3631
3,82,3706
3,83,3790
3,84,3822
3,85,3878
3,86,3934
3,87,3972
3,88,3973
3,89,3982
3,90,3994
3,91,4004
3,92,4260
3,93,4262
3,94,4266
3,95,4278
3,96,4335
3,97,4411
3,98,4493
3,99,4507
3,100,4511
3,101,4594
3,102,4631
3,103,4638
3,104,4698
3,105,4748
3,106,4775
3,107,4799
3,108,4822
3,109,5016
3,110,5084
3,111,5134
3,112,5139
3,113,5144
3,114,5309
3,115,5404
3,116,5579
3,117,5591
3,118,5672
3,119,5708
3,120,5718
3,121,5764
3,122,5790
3,123,5864
3,124,6067
3,125,6140
3,126,6143
3,127,6194
3,128,6234
3,129,6236
3,130,6352
3,131,6434
3,132,6561
3,133,6600
3,134,6613
3,135,6635
3,136,6702
3,137,6716
3,138,6902
3,139,7104
3,140,7135
3,141,7142
3,142,7157
3,143,7235
3,144,7255
3,145,7411
3,146,7455
3,147,7459
3,148,7609
3,149,7626
3,150,7723
3,151,7762
3,152,7905
3,153,8029
3,154,8094
3,155,8157
3,156,8167
3,157,8202
3,158,8214
3,159,8257
3,160,8411
3,161,8524
3,162,8593
3,163,8614
3,164,8667
3,165,8793
3,166,8806
3,167,8995
3,168,9254
3,169,9477
3,170,9535
3,171,9662
3,172,9720
3,173,9749
3,174,9914
3,175,9955
3,176,9974
3,177,10068
3,178,10205
3,179,10249
3,180,10285
3,181,10326
3,182,10359
3,183,10386
3,184,10402
3,185,10407
3,186,10421
3,187,10504
3,188,10679
3,189,10742
3,190,10774
3,191,10829
3,192,10841
3,193,10857
3,194,10911
3,195,10996
3,196,10998
3,197,11021
3,198,11068
3,199,11091
3,200,11217
3,201,11423
3,202,11480
3,203,11485
3,204,11576
3,205,11613
3,206,11708
3,207,11793
3,208,11797
3,209,11806
3,210,11873
3,211,12060
3,212,12155
3,213,12344
3,214,12350
3,215,12449
3,216,12559
3,217,12561
3,218,12573
3,219,12735
3,220,12807
3,221,12815
3,222,12925
3,223,13013
3,224,13100
3,225,13222
3,226,13340
3,227,13839
3,228,13890
3,229,14005
3,230,14071
3,231,14089
3,232,14319
3,233,14383
3,234,14500
3,235,14633
3,236,14646
3,237,14697
3,238,14780
3,239,14889
3,240,14895
3,241,14918
3,242,14928
3,243,14966
3,244,14975
3,245,15116
3,246,15247
3,247,15298
3,248,15426
3,249,15628
3,250,15676
3,251,15696
3,252,15838
3,253,15844
3,254,15876
3,255,15898
3,256,15926
3,257,15927
3,258,16005
3,259,16037
3,260,16151
3,261,16232
3,262,16242
3,263,16272
3,264,16329
3,265,16332
3,266,16376
3,267,16403
3,268,16461
3,269,16528
3,270,16554
3,271,16662
3,272,16663
3,273,16856
3,274,16884
3,275,17161
3,276,17169
3,277,17192
3,278,17258
3,279,17301
3,280,17372
3,281,17379
3,282,17535
3,283,17567
3,284,17602
3,285,17691
3,286,17722
3,287,17725
3,288,17761
3,289,17881
3,290,18097
3,291,18136
3,292,18153
3,293,18261
3,294,18302
3,295,18350
3,296,18475
3,297,18558
3,298,18581
3,299,18643
3,300,18784
3,301,18787
3,302,18802
3,303,18871
3,304,18961
3,305,18975
3,306,18978
3,307,18983
3,308,19002
3,309,19115
3,310,19179
3,311,19208
3,312,19326
3,313,19381
3,314,19491
3,315,19646
3,316,19665
3,317,19793
3,318,19830
3,319,19877
3,320,19988
3,321,20111
3,322,20158
3,323,20183
3,324,20206
3,325,20207
3,326,20227
3,327,20309
3,328,20330
3,329,20339
3,330,20399
3,331,20421
3,332,20478
3,333,20626
3,334,20694
3,335,20699
3,336,20741
3,337,20787
3,338,20798
3,339,20843
3,340,20861
3,341,20889
3,342,20951
3,343,21071
3,344,21179
3,345,21255
3,346,21361
3,347,21382
3,348,21419
3,349,21428
3,350,21429
3,351,21477
3,352,21666
3,353,21685
3,354,21687
3,355,21762
3,356,21828
3,357,21869
3,358,21875
3,359,21883
3,360,22053
3,361,22098
3,362,22167
3,363,22181
3,364,22239
3,365,22592
3,366,22663
3,367,22711
3,368,22757
3,369,22871
3,370,22943
3,371,23062
3,372,23104
3,373,23164
3,374,23218
3,375,23249
3,376,23319
3,377,23335
3,378,23371
3,379,23391
3,380,23429
3,381,23563
3,382,23577
3,383,23786
3,384,23841
3,385,24088
3,386,24188
3,387,24224
3,388,24232
3,389,24252
3,390,24365
3,391,24390
3,392,24419
3,393,24477
3,394,24508
3,395,24580
3,396,24614
3,397,24703
3,398,24719
3,399,24769
3,400,24835
3,401,24843
3,402,25010
3,403,25171
3,404,25214
3,405,25380
3,406,25413
3,407,25573
3,408,25587
3,409,25600
3,410,25706
3,411,25757
3,412,25869
3,413,25885
3,414,25985
3,415,26131
3,416,26185
3,417,26210
3,418,26258
3,419,26299
3,420,26333
3,421,26336
3,422,26495
3,423,26500
3,424,26651
3,425,26741
3,426,26766
3,427,26849
3,428,26878
3,429,26951
3,430,27037
3,431,27083
3,432,27222
3,433,27329
3,434,27333
3,435,27359
3,436,27422
3,437,27529
3,438,27704
3,439,27909
3,440,27947
3,441,27972
3,442,28026
3,443,28035
3,444,28157
3,445,28175
3,446,28230
3,447,28348
3,448,28463
3,449,28503
3,450,28538
3,451,28554
3,452,28566
3,453,28611
3,454,28666
3,455,28732
3,456,28750
3,457,28761
3,458,28777
3,459,28786
3,460,28816
3,461,28843
3,462,28955
3,463,29304
3,464,29322
3,465,29378
3,466,29427
3,467,29466
3,468,29625
3,469,29637
3,470,29652
3,471,29658
3,472,29696
3,473,29843
3,474,29849
3,475,29914
3,476,30072
3,477,30156
3,478,30206
3,479,30355
3,480,30363
3,481,30510
3,482,30559
3,483,30672
3,484,30726
3,485,30731
3,486,30965
3,487,31014
3,488,31110
3,489,31120
3,490,31150
3,491,31164
3,492,31225
3,493,31251
3,494,31508
3,495,31589
3,496,31607
3,497,31744
3,498,31897
3,499,32018
3,500,32213
3,501,32323
3,502,32344
3,503,32552
3,504,32606
3,505,32643
3,506,32646
3,507,32663
3,508,32671
3,509,32697
3,510,32809
3,511,32818
3,512,32849
3,513,32899
3,514,33071
3,515,33085
3,516,33106
3,517,33139
3,518,33161
3,519,33185
3,520,33226
3,521,33264
3,522,33307
3,523,33352
3,524,33452
3,525,33565
3,526,33672
3,527,33803
3,528,33939
3,529,33959
3,530,33995
3,531,34022
3,532,34043
3,533,34054
3,534,34200
3,535,34281
3,536,34305
3,537,34306
3,538,34412
3,539,34510
3,540,34614
3,541,34711
3,542,34798
3,543,34813
3,544,34821
3,545,35064
3,546,35081
3,547,35098
3,548,35099
3,549,35308
3,550,35342
3,551,35425
3,552,35468
3,553,35469
3,554,35529
3,555,35534
3,556,35623
3,557,35699
3,558,35710
3,559,35717
3,560,35733
3,561,35832
3,562,35869
3,563,35920
3,564,35949
3,565,36042
3,566,36058
3,567,36159
3,568,36246
3,569,36349
3,570,36389
3,571,36395
3,572,36399
3,573,36570
3,574,36574
3,575,36630
3,576,36631
3,577,36975
3,578,37119
3,579,37222
3,580,37383
3,581,37411
3,582,37461
3,583,37571
3,584,37584
3,585,37663
3,586,37670
3,587,37743
3,588,37788
3,589,37796
3,590,37905
3,591,37919
3,592,37943
3,593,38041
3,594,38064
3,595,38148
3,596,38172
3,597,38219
3,598,38288
3,599,38350
3,600,38384
3,601,38446
3,602,38548
3,603,38551
3,604,38577
3,605,38578
3,606,38698
3,607,38795
3,608,38797
3,609,38872
3,610,38939
3,611,38946
3,612,39004
3,613,39065
3,614,39127
3,615,39167
3,616,39201
3,617,39335
3,618,39368
3,619,39369
3,620,39374
3,621,39410
3,622,39479
3,623,39586
3,624,39602
3,625,39612
3,626,39632
3,627,39724
3,628,39763
3,629,39811
3,630,39847
3,631,40012
3,632,40027
3,633,40032
3,634,40442
3,635,40461
3,636,40512
3,637,40562
3,638,40629
3,639,40630
3,640,40729
3,641,40737
3,642,40753
3,643,40806
3,644,40934
3,645,40962
3,646,40964
3,647,41040
3,648,41156
3,649,41193
3,650,41255
3,651,41755
3,652,41770
3,653,41810
3,654,41828
3,655,41890
3,656,41943
3,657,42014
3,658,42154
3,659,42173
3,660,42242
3,661,42327
3,662,42386
3,663,42443
3,664,42474
3,665,42611
3,666,42616
3,667,42620
3,668,42673
3,669,42676
3,670,42686
3,671,42849
3,672,42949
3,673,43030
3,674,43113
3,675,43114
3,676,43141
3,677,43151
3,678,43193
3,679,43235
3,680,43236
3,681,43315
3,682,43343
3,683,43429
3,684,43458
3,685,43641
3,686,43669
3,687,43756
3,688,43757
3,689,43799
3,690,43827
3,691,43857
3,692,43902
3,693,43915
3,694,43934
3,695,44075
3,696,44183
3,697,44479
3,698,44504
3,699,44546
3,700,44640
3,701,44755
3,702,44797
3,703,44839
3,704,44945
3,705,44994
3,706,45007
3,707,45147
3,708,45170
3,709,45185
3,710,45322
3,711,45461
3,712,45467
3,713,45536
3,714,45582
3,715,45591
3,716,45625
3,717,45695
3,718,45772
3,719,45775
3,720,45846
3,721,45851
3,722,46007
3,723,46008
3,724,46037
3,725,46048
3,726,46095
3,727,46156
3,728,46219
3,729,46397
3,730,46426
3,731,46458
3,732,46466
3,733,46471
3,734,46491
3,735,46523
3,736,46627
3,737,46748
3,738,46775
3,739,46806
3,740,46824
3,741,46910
3,742,46930
3,743,46983
3,744,47072
3,745,47096
3,746,47114
3,747,47205
3,748,47397
3,749,47447
3,750,47510
3,751,47531
3,752,47549
3,753,47576
3,754,47641
3,755,47781
3,756,47793
3,757,47857
3,758,47890
3,759,47941
3,760,48020
3,761,48075
3,762,48103
3,763,48155
3,764,48242
3,765,48256
3,766,48257
3,767,48289
3,768,48375
3,769,48532
3,770,48540
3,771,48656
3,772,48840
3,773,48868
3,774,48974
3,775,49009
3,776,49023
3,777,49059
3,778,49145
3,779,49233
3,780,49276
3,781,49437
3,782,49556
3,783,49675
3,784,49724
3,785,49846
3,786,49957
3,787,49963
3,788,50207
3,789,50213
3,790,50323
3,791,50609
3,792,50650
3,793,50769
3,794,50954
3,795,51074
3,796,51075
3,797,51112
3,798,51164
3,799,51172
3,800,51199
3,801,51236
3,802,51277
3,803,51334
3,804,51421
3,805,51448
3,806,51498
3,807,51541
3,808,51654
3,809,51698
3,810,51726
3,811,51741
3,812,51742
3,813,51839
3,814,51851
3,815,51914
3,816,52074
3,817,52113
3,818,52225
3,819,52275
3,820,52304
3,821,52388
3,822,52450
3,823,52472
3,824,52597
3,825,52756
3,826,52799
3,827,52815
3,828,52983
3,829,53036
3,830,53118
3,831,53167
3,832,53487
3,833,53532
3,834,53606
3,835,53616
3,836,53639
3,837,53664
3,838,53747
3,839,53768
3,840,53779
3,841,53815
3,842,53980
3,843,53994
3,844,54018
3,845,54074
3,846,54079
3,847,54122
3,848,54222
3,849,54283
3,850,54315
3,851,54390
3,852,54392
3,853,54400
3,854,54489
3,855,54521
3,856,54709
3,857,54716
3,858,54739
3,859,54741
3,860,54743
3,861,54792
3,862,54805
3,863,54815
3,864,54819
3,865,54857
3,866,54898
3,867,54959
3,868,55045
3,869,55057
3,870,55127
3,871,55280
3,872,55281
3,873,55284
3,874,55461
3,875,55611
3,876,55686
3,877,55709
3,878,55730
3,879,55757
3,880,55832
3,881,56095
3,882,56135
3,883,56196
3,884,56266
3,885,56287
3,886,56301
3,887,56533
3,888,56611
3,889,56679
3,890,56779
3,891,56820
3,892,56956
3,893,57101
3,894,57146
3,895,57223
3,896,57297
3,897,57415
3,898,57520
3,899,57541
3,900,57581
3,901,57600
3,902,57647
3,903,57729
3,904,57959
3,905,58227
3,906,58234
3,907,58250
3,908,58284
3,909,58291
3,910,58328
3,911,58436
3,912,58605
3,913,58667
3,914,58809
3,915,58813
3,916,58823
3,917,58860
3,918,58982
3,919,59131
3,920,59267
3,921,59339
3,922,59394
3,923,59435
3,924,59450
3,925,59453
3,926,59469
3,927,59481
3,928,59501
3,929,59504
3,930,59575
3,931,59636
3,932,59644
3,933,59794
3,934,59809
3,935,59822
3,936,60053
3,937,60100
3,938,60273
3,939,60335
3,940,60373
3,941,60439
3,942,60490
3,943,60530
3,944,60532
3,945,60633
3,946,60760
3,947,60778
3,948,60780
3,949,60860
3,950,60989
3,951,61003
3,952,61010
3,953,61013
3,954,61071
3,955,61143
3,956,61156
3,957,61165
3,958,61331
3,959,61336
3,960,61402
3,961,61446
3,962,61510
3,963,61559
3,964,61733
3,965,61768
3,966,61782
3,967,61996
3,968,62077
3,969,62085
3,970,62123
3,971,62286
3,972,62299
3,973,62320
3,974,62341
3,975,62417
3,976,62425
3,977,62506
3,978,62551
3,979,62654
3,980,62663
3,981,62788
3,982,62795
3,983,62864
3,984,63139
3,985,63388
3,986,63441
3,987,63490
3,988,63527
3,989,63580
3,990,63622
3,991,63681
3,992,63716
3,993,63743
3,994,63765
3,995,63814
3,996,63836
3,997,63887
3,998,63945
3,999,63962
3,1000,64027
3,1001,64041
3,1002,64097
3,1003,64107
3,1004,64122
3,1005,64147
3,1006,64373
3,1007,64442
3,1008,64488
3,1009,64517
3,1010,64552
3,1011,64575
3,1012,64637
3,1013,64739
3,1014,64807
3,1015,64881
3,1016,64886
3,1017,64902
3,1018,64945
3,1019,65039
3,1020,65177
3,1021,65339
3,1022,65464
3,1023,65518
4,0,11
4,1,20
4,2,30
4,3,57
4,4,118
4,5,128
4,6,133
4,7,160
4,8,190
4,9,231
4,10,283
4,11,295
4,12,387
4,13,398
4,14,413
4,15,582
4,16,737
4,17,739
4,18,753
4,19,779
4,20,799
4,21,907
4,22,918
4,23,1041
4,24,1089
4,25,1092
4,26,1117
4,27,1242
4,28,1257
4,29,1324
4,30,1334
4,31,1379
4,32,1381
4,33,1435
4,34,1478
4,35,1944
4,36,1953
4,37,1967
4,38,2015
4,39,2067
4,40,2078
4,41,2129
4,42,2266
4,43,2271
4,44,2547
4,45,2669
4,46,2691
4,47,2734
4,48,2760
4,49,2913
4,50,2936
4,51,2949
4,52,3035
4,53,3045
4,54,3212
4,55,3308
4,56,3313
4,57,3400
4,58,3419
4,59,3437
4,60,3481
4,61,3494
4,62,3652
4,63,3668
4,64,3709
4,65,3836
4,66,3891
4,67,3897
4,68,3907
4,69,3929
4,70,3965
4,71,4116
4,72,4135
4,73,4201
4,74,4346
4,75,4357
4,76,4399
4,77,4469
4,78,4536
4,79,4721
4,80,4940
4,81,5006
4,82,5023
4,83,5068
4,84,5070
4,85,5079
4,86,5241
4,87,5300
4,88,5352
4,89,5579
4,90,5586
4,91,5615
4,92,5673
4,93,5747
4,94,5784
4,95,5852
4,96,5877
4,97,5997
4,98,6014
4,99,6017
4,100,6214
4,101,6323
4,102,6366
4,103,6400
4,104,6437
4,105,6519
4,106,6547
4,107,6553
4,108,6600
4,109,6609
4,110,6729
4,111,6782
4,112,6810
4,113,6861
4,114,6867
4,115,7004
4,116,7130
4,117,7265
4,118,7485
4,119,7526
4,120,7577
4,121,7648
4,122,7666
4,123,7672
4,124,7706
4,125,7756
4,126,7821
4,127,7900
4,128,7914
4,129,7939
4,130,8196
4,131,8355
4,132,8368
4,133,8450
4,134,8453
4,135,8542
4,136,8672
4,137,8977
4,138,8985
4,139,9006
4,140,9047
4,141,9166
4,142,9258
4,143,9265
4,144,9461
4,145,9491
4,146,9539
4,147,9607
4,148,9641
4,149,9646
4,150,9695
4,151,9915
4,152,9974
4,153,10062
4,154,10095
4,155,10162
4,156,10167
4,157,10178
4,158,10189
4,159,10202
4,160,10310
4,161,10335
4,162,10346
4,163,10540
4,164,10563
4,165,10586
4,166,10612
4,167,10641
4,168,10723
4,169,10743
4,170,10769
4,171,10833
4,172,11110
4,173,11143
4,174,11207
4,175,11211
4,176,11238
4,177,11253
4,178,11350
4,179,11369
4,180,11384
4,181,11427
4,182,11596
4,183,11604
4,184,11701
4,185,11722
4,186,11733
4,187,11982
4,188,11990
4,189,12066
4,190,12075
4,191,12125
4,192,12171
4,193,12190
4,194,12195
4,195,12198
4,196,12201
4,197,12210
4,198,12279
4,199,12407
4,200,12418
4,201,12501
4,202,12522
4,203,12555
4,204,12561
4,205,12611
4,206,12672
4,207,12790
4,208,12822
4,209,12844
4,210,12882
4,211,12932
4,212,13023
4,213,13094
4,214,13125
4,215,13199
4,216,13203
4,217,13266
4,218,13317
4,219,13368
4,220,13404
4,221,13431
4,222,13513
4,223,13562
4,224,13603
4,225,13637
4,226,13694
4,227,13702
4,228,13726
4,229,13772
4,230,13824
4,231,14114
4,232,14266
4,233,14421
4,234,14456
4,235,14475
4,236,14482
4,237,14511
4,238,14609
4,239,14706
4,240,14853
4,241,14878
4,242,14913
4,243,14932
4,244,15052
4,245,15067
4,246,15162
4,247,15232
4,248,15249
4,249,15358
4,250,15375
4,251,15448
4,252,15505
4,253,15516
4,254,15539
4,255,15656
4,256,15690
4,257,15804
4,258,15848
4,259,15872
4,260,15912
4,261,15928
4,262,15953
4,263,15999
4,264,16198
4,265,16215
4,266,16332
4,267,16346
4,268,16735
4,269,16777
4,270,16800
4,271,16811
4,272,16848
4,273,16860
4,274,16890
4,275,16936
4,276,16951
4,277,16959
4,278,17012
4,279,17084
4,280,17085
4,281,17094
4,282,17200
4,283,17264
4,284,17367
4,285,17379
4,286,17441
4,287,17533
4,288,17538
4,289,17725
4,290,17835
4,291,17859
4,292,17918
4,293,17944
4,294,17955
4,295,17978
4,296,18144
4,297,18267
4,298,18284
4,299,18339
4,300,18389
4,301,18508
4,302,18545
4,303,18580
4,304,18665
4,305,18728
4,306,19059
4,307,19106
4,308,19108
4,309,19118
4,310,19187
4,311,19216
4,312,19315
4,313,19345
4,314,19356
4,315,19362
4,316,19428
4,317,19478
4,318,19550
4,319,19557
4,320,19627
4,321,19673
4,322,19718
4,323,19728
4,324,19821
4,325,19910
4,326,19998
4,327,20046
4,328,20100
4,329,20212
4,330,20229
4,331,20260
4,332,20317
4,333,20395
4,334,20450
4,335,20459
4,336,20498
4,337,20530
4,338,20740
4,339,20741
4,340,20748
4,341,20781
4,342,20816
4,343,20842
4,344,20894
4,345,20941
4,346,21145
4,347,21243
4,348,21286
4,349,21311
4,350,21507
4,351,21547
4,352,21582
4,353,21637
4,354,21678
4,355,21688
4,356,21729
4,357,21758
4,358,21894
4,359,21930
4,360,22185
4,361,22229
4,362,22255
4,363,22274
4,364,22302
4,365,22341
4,366,22383
4,367,22461
4,368,22586
4,369,22757
4,370,22894
4,371,22908
4,372,22931
4,373,22957
4,374,22971
4,375,22986
4,376,22999
4,377,23087
4,378,23097
4,379,23219
4,380,23254
4,381,23327
4,382,23387
4,383,23560
4,384,23626
4,385,23634
4,386,23734
4,387,23821
4,388,23851
4,389,24116
4,390,24162
4,391,24184
4,392,24319
4,393,24595
4,394,24628
4,395,24635
4,396,24683
4,397,24693
4,398,24789
4,399,24845
4,400,24901
4,401,24936
4,402,24983
4,403,24989
4,404,25044
4,405,25258
4,406,25426
4,407,25440
4,408,25485
4,409,25669
4,410,25697
4,411,25708
4,412,25772
4,413,25787
4,414,25829
4,415,25831
4,416,25932
4,417,26015
4,418,26027
4,419,26101
4,420,26160
4,421,26201
4,422,26323
4,423,26335
4,424,26368
4,425,26444
4,426,26465
4,427,26478
4,428,26619
4,429,26621
4,430,26688
4,431,26703
4,432,26742
4,433,26765
4,434,26812
4,435,26825
4,436,26827
4,437,26868
4,438,26892
4,439,26963
4,440,27017
4,441,27077
4,442,27078
4,443,27088
4,444,27098
4,445,27173
4,446,27198
4,447,27304
4,448,27341
4,449,27348
4,450,27353
4,451,27435
4,452,27496
4,453,27591
4,454,27751
4,455,27807
4,456,27841
4,457,27882
4,458,27892
4,459,27894
4,460,27942
4,461,28139
4,462,28219
4,463,28414
4,464,28437
4,465,28492
4,466,28573
4,467,28733
4,468,28746
4,469,28749
4,470,28862
4,471,28984
4,472,29008
4,473,29080
4,474,29133
4,475,29229
4,476,29303
4,477,29352
4,478,29409
4,479,29460
4,480,29486
4,481,29530
4,482,29689
4,483,29691
4,484,29915
4,485,30065
4,486,30103
4,487,30114
4,488,30212
4,489,30240
4,490,30320
4,491,30387
4,492,30456
4,493,30465
4,494,30565
4,495,30590
4,496,30591
4,497,30635
4,498,30664
4,499,30726
4,500,30809
4,501,30844
4,502,30903
4,503,30971
4,504,31051
4,505,31126
4,506,31174
4,507,31182
4,508,31245
4,509,31326
4,510,31416
4,511,31450
4,512,31501
4,513,31509
4,514,31574
4,515,31622
4,516,31693
4,517,31771
4,518,31921
4,519,31930
4,520,31994
4,521,32000
4,522,32048
4,523,32066
4,524,32086
4,525,32094
4,526,32277
4,527,32315
4,528,32345
4,529,32354
4,530,32516
4,531,32614
4,532,32697
4,533,32706
4,534,32745
4,535,33098
4,536,33160
4,537,33191
4,538,33265
4,539,33278
4,540,33455
4,541,33467
4,542,33513
4,543,33515
4,544,33549
4,545,33572
4,546,33666
4,547,33739
4,548,33801
4,549,33838
4,550,33871
4,551,33879
4,552,33905
4,553,34163
4,554,34181
4,555,34216
4,556,34259
4,557,34272
4,558,34352
4,559,34381
4,560,34529
4,561,34821
4,562,34911
4,563,34983
4,564,35031
4,565,35111
4,566,35259
4,567,35340
4,568,35435
4,569,35501
4,570,35552
4,571,35609
4,572,35669
4,573,35735
4,574,35760
4,575,35794
4,576,35825
4,577,35860
4,578,35894
4,579,35934
4,580,36017
4,581,36038
4,582,36097
4,583,36137
4,584,36149
4,585,36200
4,586,36301
4,587,36396
4,588,36401
4,589,36561
4,590,36630
4,591,36673
4,592,36828
4,593,36938
4,594,36964
4,595,36986
4,596,37011
4,597,37045
4,598,37190
4,599,37213
4,600,37378
4,601,37404
4,602,37434
4,603,37446
4,604,37478
4,605,37583
4,606,37606
4,607,37658
4,608,37690
4,609,37985
4,610,38051
4,611,38092
4,612,38134
4,613,38152
4,614,38170
4,615,38217
4,616,38281
4,617,38296
4,618,38425
4,619,38458
4,620,38562
4,621,38574
4,622,38576
4,623,38584
4,624,38752
4,625,38812
4,626,38818
4,627,38836
4,628,38843
4,629,38858
4,630,38915
4,631,38941
4,632,39049
4,633,39082
4,634,39099
4,635,39225
4,636,39247
4,637,39378
4,638,39481
4,639,39502
4,640,39611
4,641,39914
4,642,39944
4,643,39997
4,644,40149
4,645,40194
4,646,40207
4,647,40258
4,648,40367
4,649,40423
4,650,40440
4,651,40616
4,652,40737
4,653,40757
4,654,40792
4,655,41021
4,656,41065
4,657,41093
4,658,41156
4,659,41239
4,660,41246
4,661,41270
4,662,41476
4,663,41478
4,664,41516
4,665,41522
4,666,41668
4,667,41672
4,668,41743
4,669,41944
4,670,41992
4,671,42008
4,672,42079
4,673,42093
4,674,42128
4,675,42160
4,676,42180
4,677,42292
4,678,42307
4,679,42372
4,680,42388
4,681,42705
4,682,42800
4,683,42919
4,684,43086
4,685,43119
4,686,43192
4,687,43253
4,688,43330
4,689,43378
4,690,43431
4,691,43439
4,692,43585
4,693,43634
4,694,43643
4,695,43692
4,696,43801
4,697,43812
4,698,43847
4,699,43875
4,700,43932
4,701,43966
4,702,43991
4,703,44003
4,704,44043
4,705,44078
4,706,44201
4,707,44220
4,708,44269
4,709,44293
4,710,44301
4,711,44424
4,712,44494
4,713,44525
4,714,44527
4,715,44552
4,716,44596
4,717,44632
4,718,44656
4,719,44711
4,720,44720
4,721,44726
4,722,44734
4,723,44773
4,724,44775
4,725,44889
4,726,45035
4,727,45182
4,728,45235
4,729,45375
4,730,45390
4,731,45424
4,732,45546
4,733,45587
4,734,45631
4,735,45713
4,736,45729
4,737,45787
4,738,45942
4,739,46014
4,740,46087
4,741,46231
4,742,46283
4,743,46307
4,744,46326
4,745,46408
4,746,46443
4,747,46525
4,748,46967
4,749,46989
4,750,47018
4,751,47022
4,752,47024
4,753,47142
4,754,47398
4,755,47421
4,756,47761
4,757,47773
4,758,47883
4,759,47899
4,760,47918
4,761,48128
4,762,48175
4,763,48278
4,764,48280
4,765,48386
4,766,48426
4,767,48626
4,768,48646
4,769,48671
4,770,48694
4,771,48707
4,772,48801
4,773,48844
4,774,48854
4,775,48892
4,776,49059
4,777,49062
4,778,49149
4,779,49159
4,780,49221
4,781,49237
4,782,49318
4,783,49336
4,784,49337
4,785,49476
4,786,49728
4,787,49744
4,788,49762
4,789,49763
4,790,49949
4,791,49981
4,792,50085
4,793,50122
4,794,50200
4,795,50445
4,796,50582
4,797,50597
4,798,50599
4,799,50611
4,800,50692
4,801,50740
4,802,50822
4,803,50896
4,804,51014
4,805,51040
4,806,51070
4,807,51158
4,808,51190
4,809,51227
4,810,51289
4,811,51319
4,812,51396
4,813,51482
4,814,51539
4,815,51569
4,816,51571
4,817,51612
4,818,51773
4,819,51885
4,820,52194
4,821,52266
4,822,52268
4,823,52288
4,824,52376
4,825,52400
4,826,52417
4,827,52492
4,828,52537
4,829,52619
4,830,52630
4,831,52645
4,832,52764
4,833,52774
4,834,52802
4,835,52823
4,836,53073
4,837,53126
4,838,53130
4,839,53246
4,840,53263
4,841,53543
4,842,53544
4,843,53613
4,844,53648
4,845,53703
4,846,53749
4,847,53804
4,848,53918
4,849,53966
4,850,54185
4,851,54211
4,852,54234
4,853,54286
4,854,54294
4,855,54332
4,856,54397
4,857,54468
4,858,54475
4,859,54485
4,860,54499
4,861,54622
4,862,54718
4,863,54746
4,864,54792
4,865,54848
4,866,54851
4,867,54872
4,868,54906
4,869,54934
4,870,55003
4,871,55035
4,872,55082
4,873,55093
4,874,55099
4,875,55161
4,876,55175
4,877,55238
4,878,55279
4,879,55307
4,880,55419
4,881,55424
4,882,55433
4,883,55463
4,884,55473
4,885,55482
4,886,55499
4,887,55607
4,888,55630
4,889,55741
4,890,55762
4,891,55783
4,892,55784
4,893,55837
4,894,55943
4,895,56011
4,896,56012
4,897,56067
4,898,56423
4,899,56449
4,900,56700
4,901,56753
4,902,56859
4,903,56874
4,904,56897
4,905,56902
4,906,56967
4,907,56985
4,908,57206
4,909,57307
4,910,57461
4,911,57472
4,912,57515
4,913,57562
4,914,57584
4,915,57738
4,916,57780
4,917,57849
4,918,57865
4,919,57872
4,920,57937
4,921,58073
4,922,58129
4,923,58232
4,924,58305
4,925,58376
4,926,58418
4,927,58442
4,928,58490
4,929,58532
4,930,58600
4,931,58621
4,932,58892
4,933,58907
4,934,58971
4,935,58999
4,936,59108
4,937,59259
4,938,59291
4,939,59345
4,940,59364
4,941,59505
4,942,59523
4,943,59538
4,944,59579
4,945,59677
4,946,59692
4,947,59725
4,948,59736
4,949,59773
4,950,59852
4,951,59896
4,952,60127
4,953,60210
4,954,60216
4,955,60267
4,956,60287
4,957,60460
4,958,60588
4,959,60656
4,960,60783
4,961,60834
4,962,60840
4,963,61053
4,964,61103
4,965,61210
4,966,61265
4,967,61341
4,968,61378
4,969,61490
4,970,61516
4,971,61582
4,972,61583
4,973,61650
4,974,61676
4,975,61804
4,976,61973
4,977,62030
4,978,62124
4,979,62448
4,980,62510
4,981,62627
4,982,62645
4,983,62665
4,984,62733
4,985,62801
4,986,63002
4,987,63023
4,988,63064
4,989,63119
4,990,63307
4,991,63328
4,992,63417
4,993,63494
4,994,63728
4,995,63772
4,996,63782
4,997,63837
4,998,63897
4,999,63921
4,1000,63990
4,1001,64017
4,1002,64090
4,1003,64107
4,1004,64108
4,1005,64137
4,1006,64181
4,1007,64243
4,1008,64340
4,1009,64358
4,1010,64439
4,1011,64492
4,1012,64606
4,1013,64609
4,1014,64705
4,1015,64776
4,1016,64824
4,1017,64891
4,1018,64981
4,1019,64986
4,1020,65022
4,1021,65088
4,1022,65171
4,1023,65278
5,0,286
5,1,403
5,2,423
5,3,435
5,4,449
5,5,515
5,6,662
5,7,730
5,8,744
5,9,753
5,10,918
5,11,1070
5,12,1246
5,13,1467
5,14,1486
5,15,1487
5,16,1530
5,17,1539
5,18,1578
5,19,1606
5,20,1635
5,21,1709
5,22,1787
5,23,1809
5,24,1847
5,25,1853
5,26,2031
5,27,2052
5,28,2054
5,29,2061
5,30,2155
5,31,2184
5,32,2363
5,33,2393
5,34,2395
5,35,2515
5,36,2519
5,37,2535
5,38,2639
5,39,2657
5,40,2763
5,41,2788
5,42,2863
5,43,2971
5,44,3078
5,45,3126
5,46,3241
5,47,3312
5,48,3376
5,49,3436
5,50,3484
5,51,3532
5,52,3674
5,53,3675
5,54,4009
5,55,4057
5,56,4110
5,57,4196
5,58,4285
5,59,4315
5,60,4388
5,61,4396
5,62,4430
5,63,4457
5,64,4459
5,65,4461
5,66,4489
5,67,4627
5,68,4629
5,69,4712
5,70,4829
5,71,4948
5,72,4971
5,73,5025
5,74,5227
5,75,5372
5,76,5381
5,77,5401
5,78,5467
5,79,5647
5,80,5655
5,81,5788
5,82,6011
5,83,6025
5,84,6176
5,85,6185
5,86,6195
5,87,6264
5,88,6293
5,89,6304
5,90,6305
5,91,6315
5,92,6339
5,93,6524
5,94,6610
5,95,6672
5,96,6762
5,97,6790
5,98,6842
5,99,6855
5,100,6874
5,101,6976
5,102,7008
5,103,7094
5,104,7140
5,105,7141
5,106,7270
5,107,7308
5,108,7478
5,109,7639
5,110,7647
5,111,7664
5,112,7690
5,113,7707
5,114,7719
5,115,7856
5,116,7899
5,117,7919
5,118,7936
5,119,8010
5,120,8180
5,121,8341
5,122,8353
5,123,8355
5,124,8414
5,125,8418
5,126,8436
5,127,8485
5,128,8581
5,129,8924
5,130,8990
5,131,9036
5,132,9097
5,133,9165
5,134,9328
5,135,9414
5,136,9470
5,137,9550
5,138,9610
5,139,9671
5,140,9737
5,141,9883
5,142,9967
5,143,10000
5,144,10064
5,145,10217
5,146,10263
5,147,10307
5,148,10399
5,149,10416
5,150,10479
5,151,10522
5,152,10584
5,153,10648
5,154,10652
5,155,10713
5,156,10773
5,157,10815
5,158,10957
5,159,11034
5,160,11060
5,161,11240
5,162,11277
5,163,11451
5,164,11452
5,165,11549
5,166,11581
5,167,11746
5,168,11794
5,169,11828
5,170,11931
5,171,11943
5,172,11960
5,173,12018
5,174,12027
5,175,12133
5,176,12269
5,177,12292
5,178,12431
5,179,12519
5,180,12541
5,181,12545
5,182,12627
5,183,12673
5,184,12696
5,185,12795
5,186,12804
5,187,12837
5,188,12855
5,189,12875
5,190,13018
5,191,13076
5,192,13110
5,193,13128
5,194,13137
5,195,13167
5,196,13193
5,197,13372
5,198,13393
5,199,13445
5,200,13483
5,201,13506
5,202,13529
5,203,13571
5,204,13633
5,205,13721
5,206,13732
5,207,13735
5,208,13743
5,209,13768
5,210,13774
5,211,13845
5,212,13903
5,213,13997
5,214,14056
5,215,14097
5,216,14160
5,217,14196
5,218,14312
5,219,14356
5,220,14367
5,221,14676
5,222,14728
5,223,14763
5,224,14831
5,225,14848
5,226,14875
5,227,14900
5,228,14936
5,229,14942
5,230,15268
5,231,15374
5,232,15480
5,233,15568
5,234,15572
5,235,15600
5,236,15607
5,237,15731
5,238,15736
5,239,15760
5,240,15767
5,241,15789
5,242,15819
5,243,15820
5,244,15994
5,245,16177
5,246,16179
5,247,16231
5,248,16263
5,249,16307
5,250,16418
5,251,16480
5,252,16503
5,253,16529
5,254,16582
5,255,16586
5,256,16669
5,257,16763
5,258,16764
5,259,16789
5,260,16810
5,261,16928
5,262,16983
5,263,16986
5,264,17016
5,265,17024
5,266,17076
5,267,17109
5,268,17192
5,269,17324
5,270,17343
5,271,17393
5,272,17396
5,273,17436
5,274,17559
5,275,17604
5,276,17718
5,277,17734
5,278,17811
5,279,17837
5,280,17863
5,281,18143
5,282,18158
5,283,18180
5,284,18315
5,285,18322
5,286,18458
5,287,18504
5,288,18564
5,289,18606
5,290,18675
5,291,18728
5,292,18738
5,293,18942
5,294,18951
5,295,18958
5,296,18968
5,297,18985
5,298,19037
5,299,19066
5,300,19157
5,301,19231
5,302,19315
5,303,19367
5,304,19392
5,305,19472
5,306,19572
5,307,19742
5,308,19804
5,309,19841
5,310,20120
5,311,20305
5,312,20306
5,313,20311
5,314,20327
5,315,20451
5,316,20469
5,317,20521
5,318,20530
5,319,20663
5,320,20840
5,321,20972
5,322,20986
5,323,21033
5,324,21037
5,325,21053
5,326,21056
5,327,21074
5,328,21098
5,329,21189
5,330,21254
5,331,21337
5,332,21364
5,333,21368
5,334,21370
5,335,21488
5,336,21501
5,337,21504
5,338,21537
5,339,21558
5,340,21565
5,341,21619
5,342,21628
5,343,21635
5,344,21636
5,345,21639
5,346,21664
5,347,21665
5,348,21812
5,349,21882
5,350,21899
5,351,21970
5,352,22236
5,353,22281
5,354,22364
5,355,22405
5,356,22466
5,357,22502
5,358,22518
5,359,22667
5,360,22709
5,361,22735
5,362,22822
5,363,22825
5,364,22895
5,365,23043
5,366,23147
5,367,23228
5,368,23277
5,369,23287
5,370,23296
5,371,23374
5,372,23384
5,373,23444
5,374,23453
5,375,23535
5,376,23597
5,377,23680
5,378,23776
5,379,23786
5,380,23805
5,381,23876
5,382,23904
5,383,23966
5,384,23993
5,385,24206
5,386,24237
5,387,24268
5,388,24291
5,389,24293
5,390,24317
5,391,24366
5,392,24367
5,393,24636
5,394,24701
5,395,24768
5,396,24875
5,397,24912
5,398,24970
5,399,25233
5,400,25236
5,401,25347
5,402,25354
5,403,25372
5,404,25446
5,405,25569
5,406,25916
5,407,25963
5,408,25970
5,409,26063
5,410,26086
5,411,26138
5,412,26187
5,413,26254
5,414,26320
5,415,26361
5,416,26594
5,417,26604
5,418,26729
5,419,26904
5,420,26971
5,421,27011
5,422,27012
5,423,27013
5,424,27054
5,425,27184
5,426,27251
5,427,27317
5,428,27358
5,429,27373
5,430,27419
5,431,27485
5,432,27533
5,433,27562
5,434,27600
5,435,27662
5,436,27744
5,437,27782
5,438,27800
5,439,27822
5,440,27827
5,441,27889
5,442,27982
5,443,27988
5,444,27999
5,445,28067
5,446,28093
5,447,28094
5,448,28334
5,449,28381
5,450,28511
5,451,28520
5,452,28567
5,453,28649
5,454,28668
5,455,28781
5,456,28866
5,457,28883
5,458,28917
5,459,28985
5,460,29005
5,461,29055
5,462,29077
5,463,29225
5,464,29230
5,465,29283
5,466,29321
5,467,29348
5,468,29542
5,469,29568
5,470,29580
5,471,29581
5,472,29591
5,473,29784
5,474,29789
5,475,29840
5,476,29895
5,477,29910
5,478,30073
5,479,30081
5,480,30233
5,481,30429
5,482,30435
5,483,30484
5,484,30636
5,485,30668
5,486,30699
5,487,30717
5,488,30799
5,489,30847
5,490,30868
5,491,30972
5,492,30998
5,493,31057
5,494,31090
5,495,31183
5,496,31223
5,497,31238
5,498,31265
5,499,31304
5,500,31350
5,501,31394
5,502,31451
5,503,31464
5,504,31519
5,505,31548
5,506,31557
5,507,31690
5,508,31794
5,509,31806
5,510,31900
5,511,31972
5,512,32080
5,513,32105
5,514,32165
5,515,32262
5,516,32272
5,517,32404
5,518,32409
5,519,32470
5,520,32557
5,521,32566
5,522,32661
5,523,32674
5,524,32701
5,525,32737
5,526,32741
5,527,32761
5,528,32861
5,529,32872
5,530,32942
5,531,33006
5,532,33029
5,533,33140
5,534,33241
5,535,33341
5,536,33356
5,537,33394
5,538,33396
5,539,33468
5,540,33599
5,541,33626
5,542,33649
5,543,33681
5,544,33710
5,545,33715
5,546,33723
5,547,33750
5,548,33757
5,549,33801
5,550,33850
5,551,33921
5,552,34006
5,553,34185
5,554,34192
5,555,34272
5,556,34334
5,557,34337
5,558,34631
5,559,34633
5,560,34647
5,561,34716
5,562,34802
5,563,34912
5,564,35049
5,565,35326
5,566,35362
5,567,35460
5,568,35464
5,569,35477
5,570,35586
5,571,35707
5,572,35721
5,573,35783
5,574,35796
5,575,35804
5,576,35877
5,577,35928
5,578,35966
5,579,36076
5,580,36113
5,581,36137
5,582,36270
5,583,36377
5,584,36429
5,585,36445
5,586,36470
5,587,36482
5,588,36648
5,589,36758
5,590,36776
5,591,36798
5,592,36805
5,593,36832
5,594,37145
5,595,37270
5,596,37440
5,597,37495
5,598,37524
5,599,37547
5,600,37567
5,601,37607
5,602,37782
5,603,37946
5,604,37974
5,605,38003
5,606,38149
5,607,38165
5,608,38442
5,609,38553
5,610,38639
5,611,38673
5,612,38700
5,613,38738
5,614,38824
5,615,38933
5,616,38944
5,617,39038
5,618,39042
5,619,39077
5,620,39103
5,621,39123
5,622,39362
5,623,39621
5,624,39630
5,625,39716
5,626,39718
5,627,39739
5,628,39810
5,629,39815
5,630,39830
5,631,40001
5,632,40038
5,633,40107
5,634,40109
5,635,40153
5,636,40260
5,637,40497
5,638,40540
5,639,40807
5,640,40883
5,641,40929
5,642,40998
5,643,41104
5,644,41119
5,645,41127
5,646,41244
5,647,41308
5,648,41347
5,649,41412
5,650,41436
5,651,41471
5,652,41496
5,653,41502
5,654,41531
5,655,41565
5,656,41589
5,657,41599
5,658,41618
5,659,41670
5,660,41688
5,661,41727
5,662,41895
5,663,41955
5,664,42034
5,665,42058
5,666,42205
5,667,42210
5,668,42250
5,669,42329
5,670,42340
5,671,42370
5,672,42511
5,673,42532
5,674,42611
5,675,42659
5,676,42665
5,677,42747
5,678,42806
5,679,42827
5,680,42851
5,681,43046
5,682,43056
5,683,43249
5,684,43291
5,685,43675
5,686,43820
5,687,43857
5,688,44012
5,689,44042
5,690,44083
5,691,44121
5,692,44372
5,693,44427
5,694,44491
5,695,44573
5,696,44602
5,697,44709
5,698,44784
5,699,44816
5,700,44858
5,701,44882
5,702,45014
5,703,45174
5,704,45229
5,705,45253
5,706,45332
5,707,45485
5,708,45669
5,709,45747
5,710,45760
5,711,45761
5,712,45771
5,713,45778
5,714,45824
5,715,45830
5,716,45934
5,717,45951
5,718,46242
5,719,46399
5,720,46435
5,721,46438
5,722,46441
5,723,46454
5,724,46459
5,725,46468
5,726,46501
5,727,46508
5,728,46578
5,729,46601
5,730,46774
5,731,46873
5,732,46886
5,733,46970
5,734,46980
5,735,46994
5,736,47016
5,737,47062
5,738,47116
5,739,47139
5,740,47186
5,741,47196
5,742,47426
5,743,47469
5,744,47508
5,745,47541
5,746,47546
5,747,47555
5,748,47579
5,749,47603
5,750,47732
5,751,47773
5,752,47850
5,753,47937
5,754,47971
5,755,47989
5,756,48010
5,757,48235
5,758,48270
5,759,48334
5,760,48375
5,761,48481
5,762,48497
5,763,48514
5,764,48532
5,765,48609
5,766,48814
5,767,48825
5,768,48943
5,769,48950
5,770,48964
5,771,48989
5,772,49003
5,773,49013
5,774,49037
5,775,49079
5,776,49145
5,777,49190
5,778,49210
5,779,49218
5,780,49223
5,781,49298
5,782,49386
5,783,49417
5,784,49422
5,785,49504
5,786,49565
5,787,49612
5,788,49696
5,789,49720
5,790,49735
5,791,49882
5,792,49903
5,793,49904
5,794,50017
5,795,50045
5,796,50132
5,797,50266
5,798,50324
5,799,50442
5,800,50520
5,801,50684
5,802,50764
5,803,50837
5,804,50855
5,805,50941
5,806,50989
5,807,51011
5,808,51024
5,809,51070
5,810,51127
5,811,51135
5,812,51191
5,813,51216
5,814,51297
5,815,51299
5,816,51304
5,817,51331
5,818,51337
5,819,51357
5,820,51537
5,821,51750
5,822,52031
5,823,52405
5,824,52632
5,825,52722
5,826,52736
5,827,52799
5,828,52822
5,829,52849
5,830,52896
5,831,52953
5,832,52954
5,833,53259
5,834,53281
5,835,53317
5,836,53335
5,837,53413
5,838,53428
5,839,53445
5,840,53457
5,841,53506
5,842,53594
5,843,53595
5,844,53675
5,845,53684
5,846,53697
5,847,53786
5,848,53844
5,849,54004
5,850,54047
5,851,54095
5,852,54113
5,853,54128
5,854,54146
5,855,54161
5,856,54162
5,857,54389
5,858,54434
5,859,54549
5,860,54562
5,861,54573
5,862,54584
5,863,54639
5,864,54692
5,865,54718
5,866,54747
5,867,54783
5,868,54819
5,869,54827
5,870,54839
5,871,54960
5,872,55015
5,873,55045
5,874,55151
5,875,55175
5,876,55230
5,877,55349
5,878,55361
5,879,55464
5,880,55478
5,881,55526
5,882,55546
5,883,55561
5,884,55829
5,885,55973
5,886,56033
5,887,56069
5,888,56082
5,889,56125
5,890,56152
5,891,56223
5,892,56248
5,893,56259
5,894,56308
5,895,56468
5,896,56472
5,897,56514
5,898,56520
5,899,56606
5,900,56689
5,901,56710
5,902,56746
5,903,56855
5,904,56883
5,905,57017
5,906,57105
5,907,57138
5,908,57205
5,909,57352
5,910,57444
5,911,57461
5,912,57641
5,913,57683
5,914,57727
5,915,57728
5,916,57818
5,917,57835
5,918,57853
5,919,57980
5,920,58092
5,921,58123
5,922,58162
5,923,58233
5,924,58337
5,925,58440
5,926,58511
5,927,58752
5,928,59135
5,929,59258
5,930,59313
5,931,59361
5,932,59417
5,933,59435
5,934,59490
5,935,59495
5,936,59626
5,937,59704
5,938,59752
5,939,59881
5,940,59911
5,941,59995
5,942,60191
5,943,60276
5,944,60332
5,945,60384
5,946,60444
5,947,60570
5,948,60605
5,949,60844
5,950,60905
5,951,61099
5,952,61200
5,953,61227
5,954,61252
5,955,61265
5,956,61283
5,957,61361
5,958,61377
5,959,61418
5,960,61431
5,961,61445
5,962,61460
5,963,61474
5,964,61629
5,965,61733
5,966,61773
5,967,61891
5,968,61914
5,969,62071
5,970,62176
5,971,62219
5,972,62267
5,973,62331
5,974,62339
5,975,62392
5,976,62480
5,977,62518
5,978,62576
5,979,62667
5,980,62771
5,981,62873
5,982,62949
5,983,62956
5,984,63112
5,985,63162
5,986,63178
5,987,63321
5,988,63375
5,989,63396
5,990,63427
5,991,63453
5,992,63500
5,993,63507
5,994,63605
5,995,63617
5,996,63686
5,997,63748
5,998,63766
5,999,63774
5,1000,63840
5,1001,64000
5,1002,64029
5,1003,64040
5,1004,64065
5,1005,64151
5,1006,64164
5,1007,64472
5,1008,64585
5,1009,64677
5,1010,64730
5,1011,64975
5,1012,65042
5,1013,65160
5,1014,65166
5,1015,65228
5,1016,65234
5,1017,65262
5,1018,65268
5,1019,65312
5,1020,65410
5,1021,65452
5,1022,65459
5,1023,65529
6,0,18
6,1,20
6,2,74
6,3,80
6,4,130
6,5,192
6,6,243
6,7,278
6,8,437
6,9,466
6,10,589
6,11,777
6,12,831
6,13,904
6,14,989
6,15,1014
6,16,1152
6,17,1155
6,18,1157
6,19,1221
6,20,1370
6,21,1379
6,22,1436
6,23,1494
6,24,1624
6,25,1677
6,26,1720
6,27,1730
6,28,1754
6,29,1831
6,30,1846
6,31,1887
6,32,1905
6,33,1957
6,34,1982
6,35,1993
6,36,2094
6,37,2360
6,38,2625
6,39,2699
6,40,2706
6,41,2714
6,42,2786
6,43,2927
6,44,2930
6,45,3036
6,46,3242
6,47,3280
6,48,3284
6,49,3365
6,50,3383
6,51,3403
6,52,3422
6,53,3485
6,54,3605
6,55,3613
6,56,3639
6,57,3807
6,58,4149
6,59,4192
6,60,4195
6,61,4197
6,62,4284
6,63,4662
6,64,4830
6,65,4881
6,66,4886
6,67,4906
6,68,4909
6,69,4930
6,70,5044
6,71,5086
6,72,5142
6,73,5208
6,74,5240
6,75,5280
6,76,5315
6,77,5346
6,78,5395
6,79,5420
6,80,5471
6,81,5649
6,82,5728
6,83,5855
6,84,5903
6,85,5920
6,86,5973
6,87,6140
6,88,6307
6,89,6404
6,90,6474
6,91,6517
6,92,6521
6,93,6538
6,94,6677
6,95,6782
6,96,6786
6,97,6789
6,98,6844
6,99,6855
6,100,6927
6,101,6952
6,102,6963
6,103,7000
6,104,7063
6,105,7093
6,106,7148
6,107,7230
6,108,7390
6,109,7401
6,110,7421
6,111,7488
6,112,7507
6,113,7524
6,114,7530
6,115,7622
6,116,7643
6,117,7707
6,118,7749
6,119,7761
6,120,7796
6,121,7914
6,122,8157
6,123,8158
6,124,8160
6,125,8219
6,126,8464
6,127,8474
6,128,8592
6,129,8704
6,130,8726
6,131,8961
6,132,9040
6,133,9115
6,134,9168
6,135,9173
6,136,9199
6,137,9726
6,138,9773
6,139,9794
6,140,9857
6,141,9931
6,142,9940
6,143,9971
6,144,10012
6,145,10053
6,146,10071
6,147,10099
6,148,10128
6,149,10157
6,150,10180
6,151,10311
6,152,10340
6,153,10359
6,154,10389
6,155,10453
6,156,10465
6,157,10488
6,158,10506
6,159,10620
6,160,10676
6,161,10712
6,162,10915
6,163,10969
6,164,11042
6,165,11165
6,166,11182
6,167,11326
6,168,11376
6,169,11490
6,170,11610
6,171,11702
6,172,11777
6,173,11873
6,174,11876
6,175,11993
6,176,12010
6,177,12062
6,178,12114
6,179,12158
6,180,12208
6,181,12235
6,182,12238
6,183,12404
6,184,12460
6,185,12535
6,186,12611
6,187,12788
6,188,12897
6,189,12982
6,190,13019
6,191,13176
6,192,13253
6,193,13337
6,194,13345
6,195,13425
6,196,13582
6,197,13648
6,198,13684
6,199,13908
6,200,13977
6,201,14240
6,202,14345
6,203,14415
6,204,14418
6,205,14419
6,206,14464
6,207,14542
6,208,14686
6,209,14712
6,210,14830
6,211,14857
6,212,14900
6,213,14957
6,214,14982
6,215,14986
6,216,14991
6,217,15078
6,218,15278
6,219,15388
6,220,15453
6,221,15463
6,222,15477
6,223,15622
6,224,15645
6,225,15652
6,226,15834
6,227,15875
6,228,15898
6,229,15932
6,230,15945
6,231,16000
6,232,16037
6,233,16154
6,234,16200
6,235,16216
6,236,16231
6,237,16321
6,238,16413
6,239,16647
6,240,16806
6,241,16837
6,242,16916
6,243,16951
6,244,17047
6,245,17125
6,246,17129
6,247,17141
6,248,17169
6,249,17365
6,250,17422
6,251,17462
6,252,17463
6,253,17477
6,254,17489
6,255,17592
6,256,17604
6,257,17655
6,258,17656
6,259,17660
6,260,17678
6,261,17709
6,262,17728
6,263,17788
6,264,17845
6,265,17872
6,266,17883
6,267,17884
6,268,17894
6,269,18031
6,270,18066
6,271,18067
6,272,18084
6,273,18146
6,274,18166
6,275,18248
6,276,18305
6,277,18347
6,278,18407
6,279,18417
6,280,18423
6,281,18435
6,282,18488
6,283,18495
6,284,18534
6,285,18554
6,286,18587
6,287,18601
6,288,18673
6,289,18785
6,290,18815
6,291,18818
6,292,18840
6,293,18847
6,294,18909
6,295,19076
6,296,19115
6,297,19152
6,298,19428
6,299,19476
6,300,19497
6,301,19766
6,302,19894
6,303,19914
6,304,19918
6,305,20014
6,306,20072
6,307,20323
6,308,20331
6,309,20446
6,310,20484
6,311,20534
6,312,20630
6,313,20647
6,314,20662
6,315,20725
6,316,20798
6,317,20997
6,318,21156
6,319,21236
6,320,21495
6,321,21582
6,322,21597
6,323,21598
6,324,21623
6,325,21652
6,326,21789
6,327,21810
6,328,21838
6,329,21856
6,330,21864
6,331,21915
6,332,21918
6,333,21964
6,334,22059
6,335,22147
6,336,22149
6,337,22247
6,338,22336
6,339,22418
6,340,22568
6,341,22627
6,342,22733
6,343,22734
6,344,22739
6,345,22802
6,346,22884
6,347,22927
6,348,22936
6,349,22944
6,350,23069
6,351,23149
6,352,23253
6,353,23274
6,354,23332
6,355,23346
6,356,23541
6,357,23579
6,358,23676
6,359,23807
6,360,23834
6,361,23854
6,362,23885
6,363,24000
6,364,24060
6,365,24077
6,366,24154
6,367,24177
6,368,24180
6,369,24198
6,370,24220
6,371,24253
6,372,24311
6,373,24454
6,374,24458
6,375,24494
6,376,24500
6,377,24517
6,378,24625
6,379,24657
6,380,24719
6,381,24735
6,382,24771
6,383,24781
6,384,24793
6,385,24947
6,386,25064
6,387,25097
6,388,25208
6,389,25243
6,390,25246
6,391,25284
6,392,25288
6,393,25443
6,394,25499
6,395,25650
6,396,25747
6,397,25784
6,398,25918
6,399,25994
6,400,26095
6,401,26118
6,402,26161
6,403,26276
6,404,26350
6,405,26398
6,406,26417
6,407,26422
6,408,26444
6,409,26519
6,410,26639
6,411,26669
6,412,26752
6,413,26770
6,414,26777
6,415,26815
6,416,26859
6,417,26872
6,418,27082
6,419,27088
6,420,27284
6,421,27340
6,422,27378
6,423,27681
6,424,27690
6,425,27747
6,426,27756
6,427,27765
6,428,27805
6,429,27806
6,430,27890
6,431,27987
6,432,28011
6,433,28170
6,434,28405
6,435,28468
6,436,28594
6,437,28636
6,438,28735
6,439,28817
6,440,28864
6,441,28975
6,442,29033
6,443,29162
6,444,29210
6,445,29369
6,446,29383
6,447,29564
6,448,29577
6,449,29793
6,450,29922
6,451,29927
6,452,29974
6,453,29976
6,454,30005
6,455,30029
6,456,30048
6,457,30217
6,458,30242
6,459,30258
6,460,30263
6,461,30323
6,462,30634
6,463,30720
6,464,30777
6,465,30796
6,466,30800
6,467,30844
6,468,30881
6,469,30929
6,470,30990
6,471,31135
6,472,31151
6,473,31200
6,474,31269
6,475,31279
6,476,31368
6,477,31379
6,478,31384
6,479,31408
6,480,31545
6,481,31581
6,482,31682
6,483,31695
6,484,31801
6,485,31811
6,486,31842
6,487,31978
6,488,32018
6,489,32034
6,490,32119
6,491,32141
6,492,32265
6,493,32272
6,494,32314
6,495,32362
6,496,32439
6,497,32452
6,498,32503
6,499,32520
6,500,32530
6,501,32536
6,502,32574
6,503,32692
6,504,32825
6,505,32900
6,506,32927
6,507,32957
6,508,33040
6,509,33079
6,510,33272
6,511,33292
6,512,33351
6,513,33360
6,514,33361
6,515,33364
6,516,33395
6,517,33644
6,518,33649
6,519,33750
6,520,33833
6,521,33892
6,522,33909
6,523,34105
6,524,34118
6,525,34144
6,526,34160
6,527,34170
6,528,34174
6,529,34191
6,530,34262
6,531,34448
6,532,34539
6,533,34601
6,534,34676
6,535,34694
6,536,34957
6,537,35030
6,538,35191
6,539,35260
6,540,35266
6,541,35355
6,542,35402
6,543,35421
6,544,35520
6,545,35558
6,546,35564
6,547,35662
6,548,35719
6,549,35720
6,550,35760
6,551,35763
6,552,35788
6,553,35854
6,554,35872
6,555,35914
6,556,35936
6,557,35943
6,558,35989
6,559,36209
6,560,36210
6,561,36343
6,562,36482
6,563,36658
6,564,36731
6,565,36795
6,566,36887
6,567,36975
6,568,37055
6,569,37162
6,570,37167
6,571,37228
6,572,37246
6,573,37318
6,574,37381
6,575,37393
6,576,37475
6,577,37560
6,578,37590
6,579,37799
6,580,37801
6,581,37902
6,582,37932
6,583,38288
6,584,38305
6,585,38389
6,586,38394
6,587,38452
6,588,38492
6,589,38501
6,590,38528
6,591,38629
6,592,38700
6,593,38740
6,594,38838
6,595,38849
6,596,39044
6,597,39073
6,598,39122
6,599,39152
6,600,39348
6,601,39365
6,602,39402
6,603,39472
6,604,39496
6,605,39572
6,606,39617
6,607,39656
6,608,39720
6,609,39758
6,610,39767
6,611,39773
6,612,39863
6,613,39905
6,614,39942
6,615,39963
6,616,39970
6,617,40228
6,618,40304
6,619,40309
6,620,40422
6,621,40454
6,622,40543
6,623,40546
6,624,40595
6,625,40602
6,626,40657
6,627,40731
6,628,40736
6,629,40858
6,630,40915
6,631,40918
6,632,40957
6,633,41113
6,634,41153
6,635,41221
6,636,41274
6,637,41320
6,638,41343
6,639,41430
6,640,41578
6,641,41591
6,642,41630
6,643,41668
6,644,41690
6,645,41761
6,646,41768
6,647,41838
6,648,41950
6,649,41996
6,650,42139
6,651,42211
6,652,42221
6,653,42274
6,654,42306
6,655,42326
6,656,42328
6,657,42452
6,658,42573
6,659,42611
6,660,42682
6,661,42790
6,662,42833
6,663,42900
6,664,42916
6,665,42949
6,666,43030
6,667,43234
6,668,43256
6,669,43289
6,670,43296
6,671,43404
6,672,43526
6,673,43654
6,674,43664
6,675,43684
6,676,43714
6,677,43809
6,678,43825
6,679,43829
6,680,43920
6,681,43923
6,682,43963
6,683,43990
6,684,44114
6,685,44169
6,686,44376
6,687,44403
6,688,44475
6,689,44494
6,690,44527
6,691,44568
6,692,44587
6,693,44605
6,694,44626
6,695,44656
6,696,44663
6,697,44724
6,698,44730
6,699,44774
6,700,44907
6,701,44936
6,702,44977
6,703,45010
6,704,45041
6,705,45064
6,706,45321
6,707,45401
6,708,45492
6,709,45510
6,710,45523
6,711,45545
6,712,45562
6,713,45650
6,714,45671
6,715,45767
6,716,45834
6,717,45866
6,718,45889
6,719,45931
6,720,45966
6,721,45997
6,722,46130
6,723,46136
6,724,46293
6,725,46329
6,726,46333
6,727,46420
6,728,46480
6,729,46611
6,730,46949
6,731,46995
6,732,47020
6,733,47324
6,734,47447
6,735,47535
6,736,47643
6,737,47659
6,738,47700
6,739,47702
6,740,47866
6,741,47943
6,742,48018
6,743,48049
6,744,48133
6,745,48176
6,746,48199
6,747,48243
6,748,48250
6,749,48403
6,750,48412
6,751,48625
6,752,48671
6,753,48676
6,754,48729
6,755,48789
6,756,48822
6,757,48907
6,758,48951
6,759,48956
6,760,49000
6,761,49002
6,762,49295
6,763,49299
6,764,49311
6,765,49351
6,766,49575
6,767,49593
6,768,49621
6,769,49792
6,770,49836
6,771,49997
6,772,50059
6,773,50079
6,774,50373
6,775,50425
6,776,50495
6,777,50546
6,778,50550
6,779,50559
6,780,50593
6,781,50599
6,782,50694
6,783,50750
6,784,50785
6,785,50798
6,786,50823
6,787,50849
6,788,50913
6,789,50944
6,790,51074
6,791,51075
6,792,51129
6,793,51155
6,794,51261
6,795,51264
6,796,51300
6,797,51336
6,798,51379
6,799,51413
6,800,51631
6,801,51654
6,802,51761
6,803,51806
6,804,51923
6,805,51928
6,806,51993
6,807,52047
6,808,52064
6,809,52093
6,810,52111
6,811,52356
6,812,52371
6,813,52419
6,814,52447
6,815,52650
6,816,52665
6,817,52751
6,818,52763
6,819,52775
6,820,52798
6,821,52881
6,822,52893
6,823,52946
6,824,52960
6,825,53122
6,826,53172
6,827,53187
6,828,53439
6,829,53548
6,830,53575
6,831,53805
6,832,53847
6,833,53850
6,834,54018
6,835,54046
6,836,54071
6,837,54130
6,838,54163
6,839,54223
6,840,54287
6,841,54392
6,842,54437
6,843,54479
6,844,54634
6,845,54807
6,846,54872
6,847,54921
6,848,54957
6,849,54991
6,850,55033
6,851,55037
6,852,55054
6,853,55174
6,854,55239
6,855,55265
6,856,55392
6,857,55423
6,858,55616
6,859,55657
6,860,55719
6,861,55756
6,862,55862
6,863,55992
6,864,56114
6,865,56152
6,866,56244
6,867,56289
6,868,56300
6,869,56348
6,870,56376
6,871,56414
6,872,56431
6,873,56467
6,874,56550
6,875,56816
6,876,56839
6,877,56961
6,878,57003
6,879,57043
6,880,57046
6,881,57063
6,882,57130
6,883,57146
6,884,57173
6,885,57241
6,886,57299
6,887,57372
6,888,57450
6,889,57518
6,890,57528
6,891,57562
6,892,57593
6,893,57707
6,894,57721
6,895,57741
6,896,57852
6,897,57867
6,898,57869
6,899,57936
6,900,57971
6,901,57977
6,902,58070
6,903,58181
6,904,58363
6,905,58472
6,906,58480
6,907,58529
6,908,58541
6,909,58543
6,910,58559
6,911,58578
6,912,58628
6,913,58671
6,914,58676
6,915,58688
6,916,58767
6,917,58780
6,918,58831
6,919,58854
6,920,58904
6,921,58938
6,922,59105
6,923,59140
6,924,59147
6,925,59238
6,926,59289
6,927,59349
6,928,59356
6,929,59425
6,930,59446
6,931,59473
6,932,59498
6,933,59514
6,934,59524
6,935,59587
6,936,59671
6,937,59709
6,938,59735
6,939,59745
6,940,59905
6,941,60282
6,942,60318
6,943,60342
6,944,60367
6,945,60380
6,946,60429
6,947,60451
6,948,60736
6,949,60739
6,950,60776
6,951,60867
6,952,61001
6,953,61007
6,954,61079
6,955,61133
6,956,61236
6,957,61246
6,958,61258
6,959,61350
6,960,61397
6,961,61412
6,962,61458
6,963,61474
6,964,61505
6,965,61533
6,966,61652
6,967,61725
6,968,61920
6,969,62006
6,970,62085
6,971,62104
6,972,62146
6,973,62312
6,974,62698
6,975,62765
6,976,62914
6,977,63066
6,978,63269
6,979,63280
6,980,63286
6,981,63296
6,982,63318
6,983,63328
6,984,63350
6,985,63536
6,986,63677
6,987,63709
6,988,63758
6,989,63843
6,990,63876
6,991,63879
6,992,63951
6,993,64058
6,994,64100
6,995,64110
6,996,64233
6,997,64249
6,998,64293
6,999,64321
6,1000,64329
6,1001,64335
6,1002,64444
6,1003,64558
6,1004,64576
6,1005,64582
6,1006,64597
6,1007,64605
6,1008,64683
6,1009,64694
6,1010,64698
6,1011,64837
6,1012,64851
6,1013,64918
6,1014,64937
6,1015,65027
6,1016,65033
6,1017,65087
6,1018,65199
6,1019,65243
6,1020,65445
6,1021,65498
6,1022,65506
6,1023,65512
7,0,34
7,1,47
7,2,276
7,3,289
7,4,418
7,5,479
7,6,579
7,7,620
7,8,687
7,9,743
7,10,822
7,11,910
7,12,915
7,13,993
7,14,1116
7,15,1244
7,16,1306
7,17,1467
7,18,1579
7,19,1589
7,20,1629
7,21,1677
7,22,1699
7,23,1827
7,24,2076
7,25,2123
7,26,2132
7,27,2143
7,28,2436
7,29,2480
7,30,2612
7,31,2645
7,32,2654
7,33,2666
7,34,2676
7,35,2741
7,36,2765
7,37,2788
7,38,3004
7,39,3027
7,40,3034
7,41,3056
7,42,3076
7,43,3198
7,44,3215
7,45,3241
7,46,3260
7,47,3295
7,48,3360
7,49,3410
7,50,3459
7,51,3474
7,52,3496
7,53,3615
7,54,3846
7,55,3884
7,56,3973
7,57,3982
7,58,4031
7,59,4040
7,60,4050
7,61,4067
7,62,4077
7,63,4087
7,64,4135
7,65,4192
7,66,4210
7,67,4256
7,68,4275
7,69,4279
7,70,4326
7,71,4427
7,72,4458
7,73,4461
7,74,4479
7,75,4513
7,76,4559
7,77,4646
7,78,4651
7,79,4876
7,80,4889
7,81,4951
7,82,4974
7,83,5027
7,84,5069
7,85,5076
7,86,5089
7,87,5225
7,88,5231
7,89,5235
7,90,5319
7,91,5399
7,92,5424
7,93,5440
7,94,5454
7,95,5477
7,96,5502
7,97,5604
7,98,5610
7,99,5707
7,100,5923
7,101,5956
7,102,6034
7,103,6091
7,104,6250
7,105,6325
7,106,6347
7,107,6420
7,108,6617
7,109,6706
7,110,6749
7,111,6752
7,112,6785
7,113,6822
7,114,6830
7,115,6858
7,116,6865
7,117,6933
7,118,7123
7,119,7203
7,120,7249
7,121,7275
7,122,7311
7,123,7330
7,124,7400
7,125,7571
7,126,7613
7,127,7700
7,128,7714
7,129,7744
7,130,7945
7,131,8131
7,132,8177
7,133,8372
7,134,8488
7,135,8496
7,136,8500
7,137,8559
7,138,8664
7,139,8703
7,140,8707
7,141,8794
7,142,9023
7,143,9037
7,144,9057
7,145,9118
7,146,9143
7,147,9360
7,148,9367
7,149,9376
7,150,9398
7,151,9503
7,152,9537
7,153,9632
7,154,9646
7,155,9665
7,156,9775
7,157,9957
7,158,9970
7,159,10045
7,160,10100
7,161,10220
7,162,10251
7,163,10336
7,164,10595
7,165,10628
7,166,10647
7,167,10724
7,168,10801
7,169,10849
7,170,11052
7,171,11079
7,172,11087
7,173,11129
7,174,11263
7,175,11364
7,176,11496
7,177,11502
7,178,11769
7,179,11835
7,180,11867
7,181,11945
7,182,11999
7,183,12013
7,184,12030
7,185,12109
7,186,12211
7,187,12323
7,188,12334
7,189,12368
7,190,12387
7,191,12428
7,192,12487
7,193,12616
7,194,12637
7,195,12869
7,196,12989
7,197,12998
7,198,13032
7,199,13149
7,200,13223
7,201,13242
7,202,13252
7,203,13388
7,204,13466
7,205,13525
7,206,13794
7,207,13822
7,208,13867
7,209,13912
7,210,14093
7,211,14096
7,212,14131
7,213,14145
7,214,14299
7,215,14348
7,216,14531
7,217,14564
7,218,14573
7,219,14629
7,220,14630
7,221,14682
7,222,14964
7,223,15018
7,224,15062
7,225,15095
7,226,15111
7,227,15143
7,228,15187
7,229,15333
7,230,15362
7,231,15415
7,232,15437
7,233,15490
7,234,15578
7,235,15605
7,236,15617
7,237,15664
7,238,15729
7,239,15789
7,240,15790
7,241,15858
7,242,15865
7,243,16052
7,244,16066
7,245,16099
7,246,16186
7,247,16257
7,248,16340
7,249,16414
7,250,16476
7,251,16494
7,252,16516
7,253,16533
7,254,16611
7,255,16656
7,256,16847
7,257,16941
7,258,16963
7,259,17001
7,260,17044
7,261,17112
7,262,17168
7,263,17173
7,264,17246
7,265,17325
7,266,17423
7,267,17437
7,268,17536
7,269,17560
7,270,17649
7,271,17691
7,272,17730
7,273,17847
7,274,17852
7,275,17863
7,276,17886
7,277,17902
7,278,17947
7,279,17981
7,280,18026
7,281,18057
7,282,18061
7,283,18071
7,284,18076
7,285,18154
7,286,18248
7,287,18292
7,288,18333
7,289,18464
7,290,18521
7,291,18684
7,292,18705
7,293,18797
7,294,18927
7,295,18941
7,296,18970
7,297,19079
7,298,19096
7,299,19126
7,300,19144
7,301,19235
7,302,19262
7,303,19343
7,304,19373
7,305,19493
7,306,19534
7,307,19547
7,308,19581
7,309,19786
7,310,19794
7,311,20009
7,312,20130
7,313,20139
7,314,20421
7,315,20476
7,316,20505
7,317,20506
7,318,20522
7,319,20523
7,320,20537
7,321,20539
7,322,20569
7,323,20597
7,324,20684
7,325,20696
7,326,20702
7,327,20704
7,328,20754
7,329,20779
7,330,20819
7,331,20821
7,332,20839
7,333,20899
7,334,21203
7,335,21249
7,336,21261
7,337,21350
7,338,21358
7,339,21387
7,340,21405
7,341,21509
7,342,21523
7,343,21600
7,344,21611
7,345,21624
7,346,21635
7,347,21703
7,348,21711
7,349,21740
7,350,21816
7,351,21831
7,352,21861
7,353,21943
7,354,22023
7,355,22465
7,356,22500
7,357,22552
7,358,22585
7,359,22732
7,360,22756
7,361,22780
7,362,22790
7,363,22793
7,364,22819
7,365,22859
7,366,22879
7,367,22982
7,368,23150
7,369,23169
7,370,23189
7,371,23191
7,372,23352
7,373,23437
7,374,23530
7,375,23586
7,376,23700
7,377,23753
7,378,23912
7,379,23938
7,380,23952
7,381,23953
7,382,23993
7,383,24046
7,384,24065
7,385,24208
7,386,24315
7,387,24326
7,388,24338
7,389,24359
7,390,24360
7,391,24365
7,392,24488
7,393,24512
7,394,24572
7,395,24692
7,396,24733
7,397,24749
7,398,24762
7,399,24775
7,400,24824
7,401,24829
7,402,24844
7,403,24853
7,404,24909
7,405,24934
7,406,24935
7,407,24942
7,408,24970
7,409,25032
7,410,25143
7,411,25242
7,412,25521
7,413,25571
7,414,25611
7,415,25675
7,416,25808
7,417,25890
7,418,25919
7,419,26024
7,420,26119
7,421,26126
7,422,26209
7,423,26278
7,424,26316
7,425,26436
7,426,26438
7,427,26469
7,428,26568
7,429,26589
7,430,26599
7,431,26643
7,432,26663
7,433,26679
7,434,26738
7,435,26810
7,436,26866
7,437,26878
7,438,26926
7,439,26959
7,440,26991
7,441,27213
7,442,27219
7,443,27274
7,444,27283
7,445,27401
7,446,27403
7,447,27405
7,448,27418
7,449,27431
7,450,27476
7,451,27478
7,452,27487
7,453,27492
7,454,27660
7,455,27677
7,456,27693
7,457,27716
7,458,27790
7,459,27797
7,460,27812
7,461,27833
7,462,27854
7,463,27907
7,464,27908
7,465,27909
7,466,27980
7,467,27997
7,468,28006
7,469,28063
7,470,28205
7,471,28236
7,472,28313
7,473,28321
7,474,28354
7,475,28381
7,476,28396
7,477,28487
7,478,28511
7,479,28584
7,480,28615
7,481,28648
7,482,28651
7,483,28662
7,484,28756
7,485,28797
7,486,28798
7,487,28838
7,488,28852
7,489,28939
7,490,28952
7,491,29044
7,492,29109
7,493,29129
7,494,29234
7,495,29318
7,496,29322
7,497,29436
7,498,29453
7,499,29457
7,500,29607
7,501,29671
7,502,29854
7,503,29859
7,504,29867
7,505,29950
7,506,29967
7,507,30657
7,508,30820
7,509,30862
7,510,30910
7,511,30946
7,512,30977
7,513,31019
7,514,31041
7,515,31216
7,516,31237
7,517,31308
7,518,31340
7,519,31347
7,520,31378
7,521,31568
7,522,31578
7,523,31611
7,524,31786
7,525,32100
7,526,32106
7,527,32263
7,528,32297
7,529,32312
7,530,32367
7,531,32380
7,532,32383
7,533,32400
7,534,32496
7,535,32583
7,536,32631
7,537,32640
7,538,32726
7,539,32789
7,540,32935
7,541,32986
7,542,33094
7,543,33296
7,544,33520
7,545,33548
7,546,33552
7,547,33581
7,548,33709
7,549,33881
7,550,34053
7,551,34071
7,552,34100
7,553,34157
7,554,34168
7,555,34409
7,556,34542
7,557,34569
7,558,34589
7,559,34634
7,560,34714
7,561,34838
7,562,34905
7,563,34909
7,564,34924
7,565,34926
7,566,35001
7,567,35096
7,568,35207
7,569,35235
7,570,35254
7,571,35482
7,572,35510
7,573,35546
7,574,35556
7,575,35558
7,576,35698
7,577,35756
7,578,35790
7,579,35877
7,580,36055
7,581,36074
7,582,36106
7,583,36141
7,584,36156
7,585,36159
7,586,36201
7,587,36276
7,588,36340
7,589,36504
7,590,36515
7,591,36541
7,592,36591
7,593,36639
7,594,36677
7,595,36692
7,596,36905
7,597,36915
7,598,36939
7,599,36964
7,600,36965
7,601,37115
7,602,37152
7,603,37200
7,604,37339
7,605,37458
7,606,37481
7,607,37594
7,608,37700
7,609,37719
7,610,37735
7,611,37862
7,612,37923
7,613,38158
7,614,38238
7,615,38354
7,616,38361
7,617,38395
7,618,38401
7,619,38451
7,620,38547
7,621,38681
7,622,38736
7,623,38775
7,624,38780
7,625,38811
7,626,38867
7,627,38880
7,628,38952
7,629,38954
7,630,39049
7,631,39095
7,632,39149
7,633,39210
7,634,39371
7,635,39430
7,636,39489
7,637,39625
7,638,39686
7,639,39769
7,640,39852
7,641,39931
7,642,39973
7,643,40058
7,644,40209
7,645,40369
7,646,40603
7,647,40864
7,648,40883
7,649,40921
7,650,40958
7,651,40994
7,652,41034
7,653,41050
7,654,41056
7,655,41113
7,656,41126
7,657,41226
7,658,41319
7,659,41504
7,660,41565
7,661,41619
7,662,41817
7,663,41978
7,664,42236
7,665,42262
7,666,42286
7,667,42396
7,668,42534
7,669,42567
7,670,42641
7,671,42753
7,672,42786
7,673,42820
7,674,42893
7,675,42936
7,676,42994
7,677,43047
7,678,43077
7,679,43089
7,680,43102
7,681,43113
7,682,43156
7,683,43248
7,684,43274
7,685,43335
7,686,43356
7,687,43391
7,688,43485
7,689,43596
7,690,43600
7,691,43702
7,692,43740
7,693,43744
7,694,43850
7,695,43955
7,696,43963
7,697,44118
7,698,44228
7,699,44251
7,700,44254
7,701,44264
7,702,44368
7,703,44371
7,704,44452
7,705,44593
7,706,44705
7,707,44813
7,708,44866
7,709,44941
7,710,44962
7,711,44976
7,712,44990
7,713,44993
7,714,45025
7,715,45028
7,716,45192
7,717,45380
7,718,45408
7,719,45447
7,720,45591
7,721,45635
7,722,45674
7,723,45783
7,724,45797
7,725,45818
7,726,45835
7,727,45887
7,728,45981
7,729,45987
7,730,46161
7,731,46273
7,732,46447
7,733,46463
7,734,46549
7,735,46555
7,736,46566
7,737,46641
7,738,46646
7,739,46768
7,740,46795
7,741,46814
7,742,46835
7,743,46889
7,744,46917
7,745,46920
7,746,46923
7,747,46950
7,748,46959
7,749,47075
7,750,47150
7,751,47181
7,752,47201
7,753,47313
7,754,47320
7,755,47335
7,756,47359
7,757,47456
7,758,47473
7,759,47525
7,760,47624
7,761,47661
7,762,47838
7,763,47850
7,764,47865
7,765,47943
7,766,47968
7,767,48147
7,768,48154
7,769,48184
7,770,48387
7,771,48403
7,772,48546
7,773,48557
7,774,48573
7,775,48645
7,776,48685
7,777,48695
7,778,48813
7,779,48847
7,780,48854
7,781,48891
7,782,48892
7,783,48938
7,784,49108
7,785,49143
7,786,49160
7,787,49227
7,788,49252
7,789,49400
7,790,49410
7,791,49603
7,792,49701
7,793,49704
7,794,49799
7,795,49811
7,796,49870
7,797,49884
7,798,49967
7,799,49969
7,800,50114
7,801,50177
7,802,50208
7,803,50245
7,804,50250
7,805,50251
7,806,50274
7,807,50323
7,808,50453
7,809,50455
7,810,50651
7,811,50694
7,812,50701
7,813,50709
7,814,50717
7,815,50784
7,816,51008
7,817,51082
7,818,51122
7,819,51362
7,820,51413
7,821,51453
7,822,51537
7,823,51625
7,824,51748
7,825,51753
7,826,51894
7,827,51949
7,828,52019
7,829,52058
7,830,52106
7,831,52237
7,832,52277
7,833,52375
7,834,52383
7,835,52468
7,836,52507
7,837,52527
7,838,52530
7,839,52568
7,840,52655
7,841,52717
7,842,52784
7,843,52822
7,844,52857
7,845,52869
7,846,52910
7,847,52948
7,848,53089
7,849,53115
7,850,53117
7,851,53337
7,852,53495
7,853,53536
7,854,53697
7,855,53730
7,856,54039
7,857,54142
7,858,54164
7,859,54258
7,860,54277
7,861,54323
7,862,54352
7,863,54374
7,864,54492
7,865,54639
7,866,54645
7,867,54837
7,868,54972
7,869,54989
7,870,55168
7,871,55408
7,872,55429
7,873,55545
7,874,55685
7,875,55785
7,876,55864
7,877,55883
7,878,56034
7,879,56046
7,880,56121
7,881,56124
7,882,56284
7,883,56304
7,884,56315
7,885,56336
7,886,56394
7,887,56446
7,888,56514
7,889,56540
7,890,56555
7,891,56585
7,892,56902
7,893,56935
7,894,56952
7,895,56978
7,896,57029
7,897,57070
7,898,57154
7,899,57228
7,900,57280
7,901,57328
7,902,57498
7,903,57517
7,904,57609
7,905,57623
7,906,57733
7,907,57817
7,908,57885
7,909,57935
7,910,58023
7,911,58078
7,912,58191
7,913,58230
7,914,58515
7,915,58539
7,916,58581
7,917,58632
7,918,58641
7,919,58730
7,920,58820
7,921,58865
7,922,58935
7,923,59061
7,924,59197
7,925,59213
7,926,59218
7,927,59223
7,928,59357
7,929,59368
7,930,59437
7,931,59493
7,932,59540
7,933,59563
7,934,59757
7,935,59779
7,936,59822
7,937,59841
7,938,59923
7,939,59948
7,940,60032
7,941,60063
7,942,60260
7,943,60410
7,944,60516
7,945,60523
7,946,60605
7,947,60624
7,948,60745
7,949,60777
7,950,60916
7,951,60935
7,952,61020
7,953,61050
7,954,61079
7,955,61119
7,956,61196
7,957,61224
7,958,61375
7,959,61407
7,960,61578
7,961,61697
7,962,61811
7,963,61823
7,964,61825
7,965,61827
7,966,62044
7,967,62073
7,968,62086
7,969,62116
7,970,62163
7,971,62288
7,972,62335
7,973,62389
7,974,62487
7,975,62532
7,976,62538
7,977,62566
7,978,62619
7,979,62674
7,980,62722
7,981,62725
7,982,62849
7,983,62856
7,984,63010
7,985,63065
7,986,63145
7,987,63156
7,988,63218
7,989,63281
7,990,63330
7,991,63412
7,992,63449
7,993,63476
7,994,63480
7,995,63526
7,996,63561
7,997,63683
7,998,63695
7,999,64156
7,1000,64226
7,1001,64252
7,1002,64263
7,1003,64274
7,1004,64327
7,1005,64430
7,1006,64433
7,1007,64436
7,1008,64476
7,1009,64556
7,1010,64567
7,1011,64620
7,1012,64727
7,1013,64753
7,1014,64759
7,1015,64838
7,1016,64887
7,1017,64956
7,1018,64971
7,1019,65041
7,1020,65144
7,1021,65173
7,1022,65177
7,1023,65266
8,0,153
8,1,312
8,2,334
8,3,410
8,4,579
8,5,618
8,6,666
8,7,786
8,8,845
8,9,850
8,10,873
8,11,909
8,12,945
8,13,997
8,14,1022
8,15,1076
8,16,1314
8,17,1433
8,18,1457
8,19,1458
8,20,1570
8,21,1640
8,22,1674
8,23,1692
8,24,1819
8,25,1831
8,26,1890
8,27,1954
8,28,2096
8,29,2356
8,30,2388
8,31,2480
8,32,2575
8,33,2614
8,34,2676
8,35,2858
8,36,2919
8,37,3194
8,38,3223
8,39,3247
8,40,3318
8,41,3347
8,42,3371
8,43,3389
8,44,3395
8,45,3420
8,46,3467
8,47,3572
8,48,3610
8,49,3869
8,50,3928
8,51,3941
8,52,3997
8,53,4043
8,54,4086
8,55,4097
8,56,4135
8,57,4162
8,58,4300
8,59,4309
8,60,4365
8,61,4371
8,62,4561
8,63,4585
8,64,4670
8,65,4683
8,66,4695
8,67,4773
8,68,4831
8,69,4843
8,70,4942
8,71,4985
8,72,4989
8,73,4997
8,74,5050
8,75,5129
8,76,5212
8,77,5217
8,78,5420
8,79,5446
8,80,5447
8,81,5473
8,82,5597
8,83,5716
8,84,5777
8,85,5828
8,86,5915
8,87,5967
8,88,5980
8,89,5983
8,90,5991
8,91,6001
8,92,6117
8,93,6143
8,94,6155
8,95,6156
8,96,6171
8,97,6241
8,98,6362
8,99,6378
8,100,6431
8,101,6455
8,102,6461
8,103,6491
8,104,6551
8,105,6560
8,106,6565
8,107,6585
8,108,6596
8,109,6638
8,110,6656
8,111,6840
8,112,6955
8,113,6967
8,114,7053
8,115,7127
8,116,7308
8,117,7344
8,118,7468
8,119,7524
8,120,7527
8,121,7597
8,122,7678
8,123,7876
8,124,7882
8,125,8054
8,126,8106
8,127,8152
8,128,8295
8,129,8300
8,130,8340
8,131,8455
8,132,8664
8,133,8756
8,134,8840
8,135,8844
8,136,8894
8,137,9024
8,138,9110
8,139,9114
8,140,9148
8,141,9198
8,142,9259
8,143,9272
8,144,9283
8,145,9362
8,146,9412
8,147,9514
8,148,9530
8,149,9555
8,150,9579
8,151,9594
8,152,9661
8,153,9746
8,154,9783
8,155,9784
8,156,9813
8,157,9854
8,158,9894
8,159,9987
8,160,10036
8,161,10080
8,162,10118
8,163,10183
8,164,10210
8,165,10244
8,166,10293
8,167,10298
8,168,10312
8,169,10318
8,170,10403
8,171,10444
8,172,10462
8,173,10480
8,174,10728
8,175,10807
8,176,10808
8,177,10839
8,178,10854
8,179,10893
8,180,10912
8,181,10987
8,182,11013
8,183,11018
8,184,11078
8,185,11088
8,186,11119
8,187,11138
8,188,11233
8,189,11239
8,190,11277
8,191,11292
8,192,11298
8,193,11302
8,194,11305
8,195,11545
8,196,11717
8,197,11759
8,198,11822
8,199,11881
8,200,12371
8,201,12379
8,202,12398
8,203,12428
8,204,12440
8,205,12476
8,206,12524
8,207,12638
8,208,12778
8,209,12812
8,210,12911
8,211,12975
8,212,13118
8,213,13177
8,214,13234
8,215,13266
8,216,13411
8,217,13555
8,218,13586
8,219,13594
8,220,13613
8,221,13650
8,222,13679
8,223,13686
8,224,13694
8,225,13744
8,226,13840
8,227,13847
8,228,13875
8,229,14032
8,230,14065
8,231,14073
8,232,14079
8,233,14311
8,234,14377
8,235,14419
8,236,14423
8,237,14470
8,238,14490
8,239,14596
8,240,14674
8,241,14684
8,242,14688
8,243,14730
8,244,14822
8,245,14924
8,246,15041
8,247,15074
8,248,15348
8,249,15364
8,250,15410
8,251,15511
8,252,15555
8,253,15596
8,254,15665
8,255,15700
8,256,15835
8,257,15879
8,258,15910
8,259,15954
8,260,16083
8,261,16204
8,262,16219
8,263,16294
8,264,16336
8,265,16433
8,266,16546
8,267,16587
8,268,16770
8,269,17027
8,270,17102
8,271,17272
8,272,17317
8,273,17319
8,274,17345
8,275,17348
8,276,17379
8,277,17396
8,278,17404
8,279,17432
8,280,17436
8,281,17453
8,282,17597
8,283,17627
8,284,17813
8,285,17845
8,286,17848
8,287,17932
8,288,18014
8,289,18045
8,290,18148
8,291,18247
8,292,18270
8,293,18271
8,294,18273
8,295,18285
8,296,18313
8,297,18373
8,298,18393
8,299,18545
8,300,18625
8,301,18737
8,302,18911
8,303,18971
8,304,18997
8,305,19000
8,306,19005
8,307,19007
8,308,19010
8,309,19098
8,310,19099
8,311,19206
8,312,19258
8,313,19346
8,314,19347
8,315,19349
8,316,19365
8,317,19377
8,318,19579
8,319,19590
8,320,19618
8,321,19636
8,322,19637
8,323,19826
8,324,19840
8,325,19909
8,326,19940
8,327,19973
8,328,20011
8,329,20049
8,330,20122
8,331,20134
8,332,20169
8,333,20219
8,334,20289
8,335,20292
8,336,20309
8,337,20311
8,338,20354
8,339,20357
8,340,20421
8,341,20509
8,342,20589
8,343,20680
8,344,20685
8,345,20695
8,346,20769
8,347,20812
8,348,20929
8,349,20934
8,350,21042
8,351,21047
8,352,21114
8,353,21134
8,354,21140
8,355,21162
8,356,21175
8,357,21234
8,358,21449
8,359,21472
8,360,21528
8,361,21662
8,362,21721
8,363,21729
8,364,21873
8,365,21907
8,366,21925
8,367,21951
8,368,22092
8,369,22116
8,370,22121
8,371,22193
8,372,22194
8,373,22201
8,374,22330
8,375,22428
8,376,22459
8,377,22467
8,378,22478
8,379,22539
8,380,22599
8,381,22605
8,382,22638
8,383,22688
8,384,22772
8,385,23016
8,386,23088
8,387,23154
8,388,23156
8,389,23243
8,390,23309
8,391,23332
8,392,23550
8,393,23710
8,394,23933
8,395,23974
8,396,24002
8,397,24010
8,398,24020
8,399,24037
8,400,24208
8,401,24235
8,402,24252
8,403,24286
8,404,24311
8,405,24371
8,406,24418
8,407,24441
8,408,24450
8,409,24519
8,410,24525
8,411,24558
8,412,24565
8,413,24742
8,414,24764
8,415,24778
8,416,24806
8,417,24841
8,418,24905
8,419,24961
8,420,25000
8,421,25048
8,422,25226
8,423,25279
8,424,25301
8,425,25490
8,426,25528
8,427,25571
8,428,25647
8,429,25657
8,430,25682
8,431,25761
8,432,25913
8,433,25942
8,434,25958
8,435,26011
8,436,26027
8,437,26102
8,438,26139
8,439,26161
8,440,26194
8,441,26376
8,442,26533
8,443,26575
8,444,26674
8,445,26689
8,446,26730
8,447,26783
8,448,26972
8,449,26985
8,450,27159
8,451,27184
8,452,27195
8,453,27196
8,454,27199
8,455,27279
8,456,27336
8,457,27398
8,458,27422
8,459,27539
8,460,27628
8,461,27926
8,462,27936
8,463,28017
8,464,28050
8,465,28169
8,466,28203
8,467,28225
8,468,28307
8,469,28350
8,470,28355
8,471,28361
8,472,28542
8,473,28592
8,474,28603
8,475,28620
8,476,28649
8,477,28792
8,478,28919
8,479,29025
8,480,29101
8,481,29138
8,482,29222
8,483,29272
8,484,29327
8,485,29363
8,486,29424
8,487,29537
8,488,29633
8,489,29698
8,490,29731
8,491,29891
8,492,30008
8,493,30013
8,494,30221
8,495,30223
8,496,30255
8,497,30293
8,498,30477
8,499,30527
8,500,30709
8,501,30761
8,502,30902
8,503,30946
8,504,31005
8,505,31226
8,506,31246
8,507,31277
8,508,31445
8,509,31464
8,510,31495
8,511,31521
8,512,31710
8,513,31723
8,514,31804
8,515,31807
8,516,31820
8,517,31933
8,518,32050
8,519,32101
8,520,32152
8,521,32154
8,522,32186
8,523,32261
8,524,32337
8,525,32392
8,526,32396
8,527,32408
8,528,32443
8,529,32519
8,530,32531
8,531,32652
8,532,32716
8,533,32807
8,534,32837
8,535,32892
8,536,32968
8,537,33078
8,538,33082
8,539,33441
8,540,33462
8,541,33489
8,542,33528
8,543,33560
8,544,33568
8,545,33582
8,546,33765
8,547,33824
8,548,33948
8,549,33998
8,550,34080
8,551,34183
8,552,34214
8,553,34306
8,554,34308
8,555,34354
8,556,34357
8,557,34467
8,558,34643
8,559,34660
8,560,34665
8,561,34675
8,562,34727
8,563,34751
8,564,34885
8,565,34980
8,566,35079
8,567,35135
8,568,35297
8,569,35460
8,570,35464
8,571,35509
8,572,35589
8,573,35646
8,574,35666
8,575,35698
8,576,35767
8,577,35770
8,578,35781
8,579,35859
8,580,35906
8,581,35962
8,582,35974
8,583,35979
8,584,36123
8,585,36171
8,586,36220
8,587,36290
8,588,36294
8,589,36425
8,590,36475
8,591,36781
8,592,36867
8,593,37063
8,594,37303
8,595,37527
8,596,37602
8,597,37636
8,598,37650
8,599,37659
8,600,37753
8,601,37772
8,602,37870
8,603,37890
8,604,37955
8,605,38058
8,606,38109
8,607,38408
8,608,38441
8,609,38452
8,610,38484
8,611,38494
8,612,38555
8,613,38558
8,614,38666
8,615,38673
8,616,38695
8,617,38779
8,618,38792
8,619,38808
8,620,38970
8,621,39013
8,622,39026
8,623,39033
8,624,39054
8,625,39107
8,626,39132
8,627,39271
8,628,39340
8,629,39348
8,630,39363
8,631,39457
8,632,39498
8,633,39521
8,634,39558
8,635,39696
8,636,39842
8,637,39963
8,638,40001
8,639,40228
8,640,40254
8,641,40271
8,642,40394
8,643,40410
8,644,40455
8,645,40470
8,646,40698
8,647,40748
8,648,40898
8,649,41003
8,650,41194
8,651,41262
8,652,41263
8,653,41349
8,654,41406
8,655,41443
8,656,41456
8,657,41465
8,658,41540
8,659,41788
8,660,41841
8,661,41879
8,662,41901
8,663,41902
8,664,42014
8,665,42388
8,666,42547
8,667,42548
8,668,42574
8,669,42583
8,670,42694
8,671,42736
8,672,42794
8,673,42949
8,674,43022
8,675,43039
8,676,43067
8,677,43082
8,678,43280
8,679,43371
8,680,43392
8,681,43405
8,682,43415
8,683,43443
8,684,43501
8,685,43542
8,686,43552
8,687,43725
8,688,43730
8,689,43732
8,690,43767
8,691,43967
8,692,43990
8,693,43993
8,694,44012
8,695,44059
8,696,44134
8,697,44322
8,698,44324
8,699,44341
8,700,44359
8,701,44415
8,702,44424
8,703,44425
8,704,44472
8,705,44495
8,706,44542
8,707,44550
8,708,44609
8,709,44613
8,710,44639
8,711,44656
8,712,44663
8,713,44734
8,714,45018
8,715,45045
8,716,45137
8,717,45141
8,718,45202
8,719,45230
8,720,45368
8,721,45414
8,722,45487
8,723,45593
8,724,45594
8,725,45622
8,726,45834
8,727,45839
8,728,45923
8,729,45953
8,730,46103
8,731,46113
8,732,46316
8,733,46341
8,734,46349
8,735,46441
8,736,46527
8,737,46652
8,738,46739
8,739,46816
8,740,46999
8,741,47003
8,742,47053
8,743,47087
8,744,47349
8,745,47376
8,746,47457
8,747,47498
8,748,47505
8,749,47544
8,750,47641
8,751,47660
8,752,47722
8,753,47771
8,754,47782
8,755,47960
8,756,48103
8,757,48111
8,758,48162
8,759,48235
8,760,48246
8,761,48293
8,762,48300
8,763,48641
8,764,48811
8,765,48848
8,766,48959
8,767,49046
8,768,49052
8,769,49066
8,770,49071
8,771,49133
8,772,49185
8,773,49191
8,774,49281
8,775,49305
8,776,49332
8,777,49470
8,778,49485
8,779,49506
8,780,49539
8,781,49592
8,782,49663
8,783,49668
8,784,49892
8,785,50004
8,786,50007
8,787,50185
8,788,50187
8,789,50213
8,790,50258
8,791,50389
8,792,50391
8,793,50456
8,794,50511
8,795,50576
8,796,50651
8,797,50709
8,798,50779
8,799,50796
8,800,50842
8,801,50859
8,802,50940
8,803,50967
8,804,50997
8,805,51039
8,806,51114
8,807,51191
8,808,51217
8,809,51238
8,810,51342
8,811,51349
8,812,51495
8,813,51652
8,814,51778
8,815,51952
8,816,51977
8,817,52054
8,818,52083
8,819,52108
8,820,52257
8,821,52265
8,822,52294
8,823,52320
8,824,52426
8,825,52431
8,826,52432
8,827,52589
8,828,52618
8,829,52619
8,830,52635
8,831,52636
8,832,52647
8,833,52771
8,834,52930
8,835,52938
8,836,52977
8,837,53203
8,838,53254
8,839,53276
8,840,53313
8,841,53417
8,842,53494
8,843,53508
8,844,53590
8,845,53659
8,846,53819
8,847,53986
8,848,54099
8,849,54137
8,850,54151
8,851,54160
8,852,54166
8,853,54239
8,854,54284
8,855,54321
8,856,54432
8,857,54575
8,858,54670
8,859,54866
8,860,54918
8,861,54964
8,862,54972
8,863,54984
8,864,55090
8,865,55095
8,866,55103
8,867,55256
8,868,55303
8,869,55312
8,870,55434
8,871,55442
8,872,55510
8,873,55525
8,874,55602
8,875,55697
8,876,55935
8,877,55982
8,878,56040
8,879,56078
8,880,56096
8,881,56121
8,882,56136
8,883,56278
8,884,56314
8,885,56325
8,886,56347
8,887,56485
8,888,56534
8,889,56602
8,890,56643
8,891,56683
8,892,56770
8,893,56867
8,894,56939
8,895,57041
8,896,57044
8,897,57045
8,898,57051
8,899,57106
8,900,57159
8,901,57296
8,902,57384
8,903,57431
8,904,57671
8,905,57852
8,906,58006
8,907,58176
8,908,58321
8,909,58331
8,910,58370
8,911,58507
8,912,58510
8,913,58627
8,914,58695
8,915,58778
8,916,58781
8,917,58835
8,918,59052
8,919,59169
8,920,59250
8,921,59303
8,922,59361
8,923,59379
8,924,59529
8,925,59606
8,926,59633
8,927,59662
8,928,59748
8,929,59750
8,930,59804
8,931,59852
8,932,59937
8,933,59961
8,934,59993
8,935,60009
8,936,60039
8,937,60068
8,938,60089
8,939,60091
8,940,60104
8,941,60161
8,942,60283
8,943,60343
8,944,60390
8,945,60505
8,946,60513
8,947,60619
8,948,60640
8,949,60646
8,950,60673
8,951,60768
8,952,60831
8,953,60960
8,954,61018
8,955,61066
8,956,61146
8,957,61180
8,958,61216
8,959,61253
8,960,61311
8,961,61446
8,962,61482
8,963,61506
8,964,61553
8,965,61635
8,966,61668
8,967,61779
8,968,61815
8,969,61891
8,970,61897
8,971,61943
8,972,62334
8,973,62353
8,974,62433
8,975,62509
8,976,62543
8,977,62551
8,978,62704
8,979,62734
8,980,62854
8,981,62904
8,982,62930
8,983,62933
8,984,62955
8,985,62958
8,986,63155
8,987,63190
8,988,63279
8,989,63404
8,990,63429
8,991,63670
8,992,63702
8,993,63808
8,994,63840
8,995,63866
8,996,63899
8,997,63917
8,998,63941
8,999,63958
8,1000,63972
8,1001,64004
8,1002,64047
8,1003,64316
8,1004,64406
8,1005,64514
8,1006,64577
8,1007,64586
8,1008,64659
8,1009,64700
8,1010,64834
8,1011,64887
8,1012,65051
8,1013,65066
8,1014,65068
8,1015,65157
8,1016,65205
8,1017,65274
8,1018,65376
8,1019,65391
8,1020,65403
8,1021,65433
8,1022,65516
8,1023,65535
9,0,11
9,1,73
9,2,87
9,3,90
9,4,146
9,5,178
9,6,222
9,7,357
9,8,413
9,9,415
9,10,437
9,11,513
9,12,669
9,13,738
9,14,770
9,15,864
9,16,867
9,17,1028
9,18,1061
9,19,1190
9,20,1212
9,21,1247
9,22,1360
9,23,1436
9,24,1466
9,25,1497
9,26,1585
9,27,1670
9,28,1708
9,29,1883
9,30,1923
9,31,2159
9,32,2181
9,33,2245
9,34,2367
9,35,2404
9,36,2710
9,37,2726
9,38,2920
9,39,2939
9,40,2959
9,41,3013
9,42,3098
9,43,3259
9,44,3275
9,45,3304
9,46,3357
9,47,3445
9,48,3496
9,49,3504
9,50,3506
9,51,3708
9,52,3715
9,53,3774
9,54,3794
9,55,3873
9,56,3935
9,57,4059
9,58,4149
9,59,4177
9,60,4202
9,61,4266
9,62,4437
9,63,4445
9,64,4511
9,65,4537
9,66,4542
9,67,4561
9,68,4738
9,69,4740
9,70,4767
9,71,4782
9,72,4795
9,73,4999
9,74,5008
9,75,5117
9,76,5179
9,77,5186
9,78,5336
9,79,5433
9,80,5501
9,81,5564
9,82,5593
9,83,5663
9,84,5945
9,85,6104
9,86,6113
9,87,6216
9,88,6223
9,89,6332
9,90,6382
9,91,6395
9,92,6525
9,93,6533
9,94,6570
9,95,6629
9,96,6646
9,97,6725
9,98,6769
9,99,6865
9,100,6894
9,101,7009
9,102,7010
9,103,7017
9,104,7022
9,105,7063
9,106,7113
9,107,7238
9,108,7256
9,109,7266
9,110,7298
9,111,7303
9,112,7330
9,113,7336
9,114,7404
9,115,7458
9,116,7474
9,117,7481
9,118,7499
9,119,7532
9,120,7557
9,121,7566
9,122,7604
9,123,7643
9,124,7666
9,125,7674
9,126,7696
9,127,7705
9,128,7801
9,129,7855
9,130,7955
9,131,8026
9,132,8064
9,133,8082
9,134,8095
9,135,8147
9,136,8152
9,137,8178
9,138,8209
9,139,8269
9,140,8286
9,141,8476
9,142,8508
9,143,8627
9,144,8775
9,145,8790
9,146,8936
9,147,8978
9,148,9017
9,149,9078
9,150,9094
9,151,9355
9,152,9494
9,153,9582
9,154,9620
9,155,9673
9,156,9842
9,157,9882
9,158,9887
9,159,9958
9,160,9974
9,161,10134
9,162,10168
9,163,10212
9,164,10304
9,165,10451
9,166,10484
9,167,10539
9,168,10582
9,169,10678
9,170,10769
9,171,10889
9,172,10894
9,173,10962
9,174,11129
9,175,11241
9,176,11342
9,177,11528
9,178,11641
9,179,11739
9,180,11816
9,181,11845
9,182,11973
9,183,12058
9,184,12120
9,185,12121
9,186,12271
9,187,12318
9,188,12369
9,189,12397
9,190,12401
9,191,12407
9,192,12499
9,193,12549
9,194,12683
9,195,12738
9,196,12812
9,197,12826
9,198,12844
9,199,12930
9,200,12985
9,201,13080
9,202,13118
9,203,13196
9,204,13206
9,205,13331
9,206,13340
9,207,13378
9,208,13424
9,209,13474
9,210,13557
9,211,13655
9,212,13754
9,213,13797
9,214,13893
9,215,14000
9,216,14003
9,217,14095
9,218,14109
9,219,14124
9,220,14200
9,221,14233
9,222,14242
9,223,14328
9,224,14422
9,225,14443
9,226,14466
9,227,14526
9,228,14531
9,229,14542
9,230,14633
9,231,14882
9,232,14918
9,233,14923
9,234,14948
9,235,15033
9,236,15099
9,237,15104
9,238,15280
9,239,15338
9,240,15427
9,241,15431
9,242,15452
9,243,15479
9,244,15559
9,245,15667
9,246,15670
9,247,15707
9,248,15757
9,249,15769
9,250,15881
9,251,15969
9,252,16019
9,253,16033
9,254,16045
9,255,16166
9,256,16225
9,257,16234
9,258,16343
9,259,16364
9,260,16420
9,261,16526
9,262,16527
9,263,16545
9,264,16601
9,265,16657
9,266,16685
9,267,16737
9,268,16766
9,269,16803
9,270,16807
9,271,16813
9,272,16824
9,273,16959
9,274,17032
9,275,17057
9,276,17067
9,277,17196
9,278,17363
9,279,17376
9,280,17383
9,281,17457
9,282,17570
9,283,17868
9,284,18130
9,285,18159
9,286,18217
9,287,18220
9,288,18232
9,289,18328
9,290,18395
9,291,18396
9,292,18412
9,293,18421
9,294,18497
9,295,18518
9,296,18613
9,297,18787
9,298,18845
9,299,18956
9,300,19024
9,301,19060
9,302,19104
9,303,19180
9,304,19218
9,305,19375
9,306,19462
9,307,19475
9,308,19615
9,309,19774
9,310,19779
9,311,19796
9,312,19899
9,313,19902
9,314,19930
9,315,20054
9,316,20125
9,317,20158
9,318,20276
9,319,20344
9,320,20347
9,321,20350
9,322,20391
9,323,20466
9,324,20484
9,325,20485
9,326,20546
9,327,20581
9,328,20640
9,329,20642
9,330,20712
9,331,20745
9,332,20751
9,333,20850
9,334,20860
9,335,20873
9,336,20922
9,337,20937
9,338,20955
9,339,20970
9,340,21021
9,341,21024
9,342,21068
9,343,21077
9,344,21221
9,345,21369
9,346,21429
9,347,21507
9,348,21554
9,349,21562
9,350,21681
9,351,21755
9,352,21763
9,353,21827
9,354,21834
9,355,21864
9,356,21898
9,357,21913
9,358,22088
9,359,22160
9,360,22202
9,361,22267
9,362,22319
9,363,22335
9,364,22391
9,365,22453
9,366,22461
9,367,22638
9,368,22703
9,369,22782
9,370,22839
9,371,22852
9,372,22987
9,373,23103
9,374,23152
9,375,23178
9,376,23184
9,377,23282
9,378,23283
9,379,23356
9,380,23374
9,381,23473
9,382,23484
9,383,23514
9,384,23561
9,385,23602
9,386,23672
9,387,23686
9,388,23768
9,389,23770
9,390,24031
9,391,24190
9,392,24237
9,393,24299
9,394,24334
9,395,24338
9,396,24386
9,397,24399
9,398,24798
9,399,24893
9,400,24898
9,401,24918
9,402,24988
9,403,25030
9,404,25038
9,405,25121
9,406,25233
9,407,25335
9,408,25347
9,409,25367
9,410,25373
9,411,25584
9,412,25628
9,413,25631
9,414,25670
9,415,25779
9,416,25858
9,417,25952
9,418,26036
9,419,26084
9,420,26128
9,421,26129
9,422,26167
9,423,26372
9,424,26470
9,425,26521
9,426,26745
9,427,26873
9,428,26887
9,429,27270
9,430,27300
9,431,27328
9,432,27390
9,433,27485
9,434,27506
9,435,27512
9,436,27666
9,437,27887
9,438,27968
9,439,28042
9,440,28099
9,441,28171
9,442,28241
9,443,28364
9,444,28453
9,445,28642
9,446,28662
9,447,28706
9,448,28753
9,449,28830
9,450,28878
9,451,29082
9,452,29220
9,453,29225
9,454,29238
9,455,29244
9,456,29270
9,457,29321
9,458,29442
9,459,29503
9,460,29612
9,461,29644
9,462,29717
9,463,29739
9,464,29753
9,465,29977
9,466,30042
9,467,30090
9,468,30167
9,469,30189
9,470,30208
9,471,30286
9,472,30317
9,473,30427
9,474,30513
9,475,30633
9,476,30647
9,477,30741
9,478,30789
9,479,30830
9,480,31004
9,481,31029
9,482,31040
9,483,31227
9,484,31247
9,485,31251
9,486,31296
9,487,31403
9,488,31427
9,489,31566
9,490,31714
9,491,31740
9,492,31750
9,493,31804
9,494,31830
9,495,31989
9,496,31990
9,497,32003
9,498,32049
9,499,32096
9,500,32248
9,501,32275
9,502,32333
9,503,32416
9,504,32455
9,505,32489
9,506,32503
9,507,32576
9,508,32640
9,509,32697
9,510,32788
9,511,32870
9,512,32931
9,513,32977
9,514,33074
9,515,33083
9,516,33118
9,517,33216
9,518,33231
9,519,33254
9,520,33258
9,521,33366
9,522,33539
9,523,33699
9,524,33741
9,525,33816
9,526,33977
9,527,34108
9,528,34110
9,529,34111
9,530,34146
9,531,34150
9,532,34288
9,533,34345
9,534,34350
9,535,34533
9,536,34536
9,537,34550
9,538,34573
9,539,34698
9,540,34770
9,541,34780
9,542,34917
9,543,35029
9,544,35048
9,545,35091
9,546,35209
9,547,35233
9,548,35290
9,549,35451
9,550,35544
9,551,35568
9,552,35569
9,553,35612
9,554,35621
9,555,35646
9,556,35700
9,557,35725
9,558,35827
9,559,35828
9,560,35845
9,561,35853
9,562,35947
9,563,35948
9,564,36037
9,565,36096
9,566,36179
9,567,36299
9,568,36389
9,569,36455
9,570,36473
9,571,36537
9,572,36557
9,573,36575
9,574,36636
9,575,36833
9,576,36851
9,577,36889
9,578,36921
9,579,36944
9,580,37048
9,581,37114
9,582,37118
9,583,37191
9,584,37258
9,585,37271
9,586,37346
9,587,37377
9,588,37428
9,589,37478
9,590,37534
9,591,37807
9,592,37838
9,593,37920
9,594,38075
9,595,38215
9,596,38241
9,597,38247
9,598,38257
9,599,38345
9,600,38360
9,601,38495
9,602,38588
9,603,38625
9,604,38684
9,605,38777
9,606,38780
9,607,38852
9,608,38977
9,609,38980
9,610,39020
9,611,39106
9,612,39147
9,613,39178
9,614,39361
9,615,39380
9,616,39387
9,617,39449
9,618,39461
9,619,39511
9,620,39684
9,621,39819
9,622,39962
9,623,39978
9,624,40011
9,625,40062
9,626,40216
9,627,40371
9,628,40433
9,629,40471
9,630,40510
9,631,40544
9,632,40582
9,633,40624
9,634,40687
9,635,40715
9,636,40829
9,637,40844
9,638,40948
9,639,41112
9,640,41246
9,641,41310
9,642,41344
9,643,41435
9,644,41460
9,645,41492
9,646,41545
9,647,41745
9,648,41843
9,649,41855
9,650,41867
9,651,41872
9,652,41919
9,653,41966
9,654,42072
9,655,42136
9,656,42141
9,657,42275
9,658,42288
9,659,42322
9,660,42343
9,661,42409
9,662,42471
9,663,42514
9,664,42529
9,665,42728
9,666,42766
9,667,42801
9,668,42861
9,669,42923
9,670,42973
9,671,43011
9,672,43039
9,673,43074
9,674,43106
9,675,43285
9,676,43428
9,677,43429
9,678,43450
9,679,43469
9,680,43482
9,681,43578
9,682,43629
9,683,43648
9,684,43785
9,685,43803
9,686,43826
9,687,43853
9,688,43865
9,689,43896
9,690,43963
9,691,44004
9,692,44014
9,693,44048
9,694,44078
9,695,44080
9,696,44122
9,697,44132
9,698,44432
9,699,44530
9,700,44560
9,701,44569
9,702,44600
9,703,44653
9,704,44671
9,705,44677
9,706,44960
9,707,44963
9,708,44976
9,709,44979
9,710,44980
9,711,44994
9,712,45033
9,713,45167
9,714,45180
9,715,45218
9,716,45317
9,717,45403
9,718,45450
9,719,45482
9,720,45516
9,721,45547
9,722,45603
9,723,45829
9,724,45875
9,725,45984
9,726,46089
9,727,46164
9,728,46262
9,729,46323
9,730,46357
9,731,46358
9,732,46361
9,733,46449
9,734,46500
9,735,46568
9,736,46572
9,737,46662
9,738,46676
9,739,46754
9,740,46857
9,741,46897
9,742,46931
9,743,46997
9,744,47060
9,745,47125
9,746,47351
9,747,47427
9,748,47486
9,749,47577
9,750,47600
9,751,47625
9,752,47723
9,753,47860
9,754,47946
9,755,48034
9,756,48123
9,757,48131
9,758,48206
9,759,48221
9,760,48326
9,761,48380
9,762,48494
9,763,48544
9,764,48866
9,765,48886
9,766,49059
9,767,49137
9,768,49144
9,769,49208
9,770,49263
9,771,49391
9,772,49408
9,773,49487
9,774,49566
9,775,49578
9,776,49593
9,777,49624
9,778,49626
9,779,49688
9,780,49720
9,781,49814
9,782,49883
9,783,49903
9,784,50018
9,785,50062
9,786,50205
9,787,50255
9,788,50409
9,789,50433
9,790,50625
9,791,50677
9,792,50696
9,793,50733
9,794,50756
9,795,50785
9,796,50860
9,797,51077
9,798,51150
9,799,51189
9,800,51333
9,801,51335
9,802,51479
9,803,51556
9,804,51575
9,805,51590
9,806,51622
9,807,51630
9,808,51694
9,809,51752
9,810,51810
9,811,51819
9,812,51840
9,813,51961
9,814,52030
9,815,52180
9,816,52242
9,817,52257
9,818,52309
9,819,52360
9,820,52481
9,821,52518
9,822,52651
9,823,52695
9,824,52932
9,825,52952
9,826,53093
9,827,53126
9,828,53180
9,829,53205
9,830,53252
9,831,53264
9,832,53325
9,833,53372
9,834,53457
9,835,53520
9,836,53557
9,837,53647
9,838,53825
9,839,53921
9,840,53922
9,841,53932
9,842,53986
9,843,54017
9,844,54059
9,845,54060
9,846,54070
9,847,54273
9,848,54315
9,849,54477
9,850,54479
9,851,54602
9,852,54670
9,853,54704
9,854,54976
9,855,55087
9,856,55158
9,857,55211
9,858,55231
9,859,55346
9,860,55479
9,861,55484
9,862,55490
9,863,55674
9,864,55678
9,865,55681
9,866,55703
9,867,55839
9,868,55871
9,869,55916
9,870,55937
9,871,55971
9,872,55993
9,873,56032
9,874,56100
9,875,56122
9,876,56126
9,877,56229
9,878,56297
9,879,56362
9,880,56436
9,881,56508
9,882,56551
9,883,56561
9,884,56674
9,885,56688
9,886,56758
9,887,56798
9,888,56926
9,889,56986
9,890,57072
9,891,57105
9,892,57107
9,893,57172
9,894,57190
9,895,57300
9,896,57517
9,897,57624
9,898,57765
9,899,57888
9,900,57912
9,901,57923
9,902,58002
9,903,58004
9,904,58113
9,905,58167
9,906,58228
9,907,58377
9,908,58385
9,909,58394
9,910,58432
9,911,58509
9,912,58552
9,913,58837
9,914,58846
9,915,58853
9,916,58854
9,917,58870
9,918,58898
9,919,58901
9,920,58991
9,921,59031
9,922,59070
9,923,59160
9,924,59265
9,925,59422
9,926,59484
9,927,59487
9,928,59496
9,929,59536
9,930,59555
9,931,59561
9,932,59675
9,933,59753
9,934,59813
9,935,59858
9,936,59893
9,937,59944
9,938,60032
9,939,60079
9,940,60112
9,941,60129
9,942,60177
9,943,60182
9,944,60268
9,945,60284
9,946,60333
9,947,60338
9,948,60502
9,949,60560
9,950,60580
9,951,60673
9,952,60676
9,953,60744
9,954,60766
9,955,60816
9,956,60824
9,957,60969
9,958,61119
9,959,61138
9,960,61154
9,961,61228
9,962,61277
9,963,61499
9,964,61502
9,965,61532
9,966,61572
9,967,61583
9,968,61599
9,969,61624
9,970,61638
9,971,61733
9,972,61753
9,973,61839
9,974,61842
9,975,61942
9,976,62056
9,977,62079
9,978,62101
9,979,62222
9,980,62227
9,981,62231
9,982,62447
9,983,62672
9,984,62717
9,985,62865
9,986,62905
9,987,62915
9,988,63004
9,989,63059
9,990,63078
9,991,63199
9,992,63266
9,993,63274
9,994,63297
9,995,63497
9,996,63509
9,997,63611
9,998,63658
9,999,63694
9,1000,63784
9,1001,63840
9,1002,63964
9,1003,64058
9,1004,64147
9,1005,64213
9,1006,64265
9,1007,64369
9,1008,64453
9,1009,64556
9,1010,64605
9,1011,64607
9,1012,64792
9,1013,64872
9,1014,64879
9,1015,65005
9,1016,65053
9,1017,65086
9,1018,65126
9,1019,65196
9,1020,65222
9,1021,65425
9,1022,65487
9,1023,65501
10,0,81
10,1,129
10,2,164
10,3,389
10,4,455
10,5,574
10,6,627
10,7,671
10,8,703
10,9,761
10,10,765
10,11,776
10,12,968
10,13,984
10,14,1007
10,15,1061
10,16,1072
10,17,1112
10,18,1151
10,19,1201
10,20,1332
10,21,1345
10,22,1649
10,23,1659
10,24,1711
10,25,1794
10,26,1846
10,27,1908
10,28,1918
10,29,1985
10,30,2140
10,31,2300
10,32,2356
10,33,2377
10,34,2390
10,35,2801
10,36,2831
10,37,2848
10,38,2935
10,39,2936
10,40,3000
10,41,3063
10,42,3370
10,43,3387
10,44,3445
10,45,3483
10,46,3559
10,47,3592
10,48,3611
10,49,3633
10,50,3659
10,51,3677
10,52,3716
10,53,3768
10,54,3855
10,55,3860
10,56,3872
10,57,3963
10,58,3977
10,59,3992
10,60,3993
10,61,4044
10,62,4124
10,63,4479
10,64,4610
10,65,4749
10,66,4871
10,67,4965
10,68,5013
10,69,5025
10,70,5090
10,71,5111
10,72,5137
10,73,5181
10,74,5228
10,75,5243
10,76,5248
10,77,5370
10,78,5426
10,79,5427
10,80,5452
10,81,5467
10,82,5492
10,83,5550
10,84,5590
10,85,5645
10,86,5656
10,87,5696
10,88,5854
10,89,5928
10,90,5992
10,91,6150
10,92,6172
10,93,6284
10,94,6463
10,95,6521
10,96,6560
10,97,6581
10,98,6589
10,99,6609
10,100,6638
10,101,6722
10,102,6733
10,103,6813
10,104,6856
10,105,6954
10,106,6984
10,107,6992
10,108,7053
10,109,7114
10,110,7250
10,111,7390
10,112,7419
10,113,7425
10,114,7616
10,115,7618
10,116,7627
10,117,7716
10,118,7729
10,119,7846
10,120,7893
10,121,7950
10,122,8074
10,123,8142
10,124,8305
10,125,8375
10,126,8493
10,127,8633
10,128,8805
10,129,8938
10,130,8945
10,131,8985
10,132,9029
10,133,9044
10,134,9150
10,135,9158
10,136,9210
10,137,9221
10,138,9283
10,139,9412
10,140,9462
10,141,9560
10,142,9593
10,143,9679
10,144,9688
10,145,9809
10,146,9847
10,147,9970
10,148,10129
10,149,10162
10,150,10261
10,151,10327
10,152,10497
10,153,10591
10,154,10609
10,155,10641
10,156,10663
10,157,10695
10,158,10747
10,159,10759
10,160,10796
10,161,10808
10,162,10944
10,163,10990
10,164,11051
10,165,11210
10,166,11221
10,167,11253
10,168,11291
10,169,11483
10,170,11499
10,171,11520
10,172,11637
10,173,11686
10,174,11822
10,175,11862
10,176,11950
10,177,12000
10,178,12062
10,179,12096
10,180,12134
10,181,12563
10,182,12586
10,183,12642
10,184,12753
10,185,12858
10,186,12947
10,187,13068
10,188,13165
10,189,13307
10,190,13350
10,191,13355
10,192,13464
10,193,13504
10,194,13651
10,195,13768
10,196,13796
10,197,13846
10,198,13947
10,199,14005
10,200,14084
10,201,14164
10,202,14180
10,203,14238
10,204,14384
10,205,14423
10,206,14459
10,207,14504
10,208,14555
10,209,14565
10,210,14670
10,211,14762
10,212,14769
10,213,14869
10,214,14900
10,215,14915
10,216,14954
10,217,14997
10,218,15082
10,219,15149
10,220,15176
10,221,15230
10,222,15281
10,223,15298
10,224,15326
10,225,15378
10,226,15489
10,227,15535
10,228,15635
10,229,15726
10,230,15818
10,231,15829
10,232,15836
10,233,15901
10,234,15971
10,235,15994
10,236,16025
10,237,16126
10,238,16134
10,239,16152
10,240,16208
10,241,16230
10,242,16340
10,243,16468
10,244,16528
10,245,16531
10,246,16534
10,247,16551
10,248,16559
10,249,16588
10,250,16594
10,251,16606
10,252,16938
10,253,16964
10,254,17015
10,255,17155
10,256,17182
10,257,17207
10,258,17215
10,259,17289
10,260,17492
10,261,17547
10,262,17557
10,263,17704
10,264,17742
10,265,17813
10,266,17909
10,267,17918
10,268,17920
10,269,17931
10,270,18094
10,271,18119
10,272,18138
10,273,18175
10,274,18250
10,275,18278
10,276,18301
10,277,18323
10,278,18344
10,279,18358
10,280,18475
10,281,18509
10,282,18569
10,283,18971
10,284,18987
10,285,19020
10,286,19112
10,287,19272
10,288,19292
10,289,19305
10,290,19459
10,291,19475
10,292,19500
10,293,19522
10,294,19560
10,295,19611
10,296,19717
10,297,19835
10,298,19945
10,299,20110
10,300,20236
10,301,20257
10,302,20275
10,303,20429
10,304,20473
10,305,20596
10,306,20624
10,307,20628
10,308,20705
10,309,20711
10,310,20826
10,311,20830
10,312,20905
10,313,20930
10,314,20968
10,315,21114
10,316,21144
10,317,21213
10,318,21243
10,319,21309
10,320,21317
10,321,21361
10,322,21369
10,323,21449
10,324,21451
10,325,21510
10,326,21532
10,327,21582
10,328,21667
10,329,21675
10,330,21694
10,331,21922
10,332,21934
10,333,21952
10,334,22060
10,335,22062
10,336,22066
10,337,22093
10,338,22110
10,339,22184
10,340,22280
10,341,22307
10,342,22367
10,343,22408
10,344,22416
10,345,22452
10,346,22626
10,347,22627
10,348,22664
10,349,22684
10,350,22689
10,351,22694
10,352,22734
10,353,22738
10,354,22741
10,355,22751
10,356,22754
10,357,22783
10,358,22801
10,359,23151
10,360,23215
10,361,23227
10,362,23279
10,363,23293
10,364,23355
10,365,23409
10,366,23412
10,367,23455
10,368,23540
10,369,23564
10,370,23623
10,371,23663
10,372,23688
10,373,23698
10,374,23760
10,375,23799
10,376,23802
10,377,23879
10,378,23899
10,379,23922
10,380,24011
10,381,24033
10,382,24140
10,383,24231
10,384,24345
10,385,24383
10,386,24388
10,387,24429
10,388,24494
10,389,24665
10,390,24690
10,391,24709
10,392,24714
10,393,24747
10,394,24759
10,395,24760
10,396,24799
10,397,24833
10,398,25007
10,399,25114
10,400,25191
10,401,25254
10,402,25258
10,403,25268
10,404,25320
10,405,25367
10,406,25446
10,407,25471
10,408,25650
10,409,25734
10,410,25741
10,411,25870
10,412,26071
10,413,26133
10,414,26221
10,415,26303
10,416,26415
10,417,26503
10,418,26513
10,419,26587
10,420,26602
10,421,26618
10,422,26683
10,423,26696
10,424,26755
10,425,26825
10,426,26826
10,427,26936
10,428,27281
10,429,27299
10,430,27302
10,431,27356
10,432,27415
10,433,27448
10,434,27473
10,435,27572
10,436,27579
10,437,27654
10,438,27674
10,439,27749
10,440,27884
10,441,27903
10,442,27942
10,443,28002
10,444,28094
10,445,28196
10,446,28526
10,447,28743
10,448,28776
10,449,28842
10,450,29001
10,451,29025
10,452,29141
10,453,29150
10,454,29186
10,455,29206
10,456,29371
10,457,29388
10,458,29431
10,459,29659
10,460,29726
10,461,29761
10,462,29804
10,463,29839
10,464,29871
10,465,29888
10,466,29907
10,467,29934
10,468,30031
10,469,30171
10,470,30207
10,471,30299
10,472,30339
10,473,30404
10,474,30540
10,475,30551
10,476,30552
10,477,30757
10,478,30770
10,479,30804
10,480,30838
10,481,31081
10,482,31117
10,483,31256
10,484,31264
10,485,31300
10,486,31391
10,487,31417
10,488,31455
10,489,31469
10,490,31529
10,491,31629
10,492,31826
10,493,31831
10,494,31897
10,495,31912
10,496,31945
10,497,31947
10,498,32012
10,499,32106
10,500,32110
10,501,32183
10,502,32273
10,503,32290
10,504,32326
10,505,32336
10,506,32350
10,507,32439
10,508,32456
10,509,32565
10,510,32591
10,511,32599
10,512,32616
10,513,32653
10,514,32765
10,515,32788
10,516,32873
10,517,33016
10,518,33048
10,519,33052
10,520,33208
10,521,33300
10,522,33368
10,523,33585
10,524,33640
10,525,33724
10,526,33739
10,527,33761
10,528,33812
10,529,33927
10,530,33982
10,531,34032
10,532,34101
10,533,34181
10,534,34210
10,535,34216
10,536,34356
10,537,34428
10,538,34564
10,539,34664
10,540,34710
10,541,34786
10,542,34804
10,543,34872
10,544,34934
10,545,35010
10,546,35015
10,547,35035
10,548,35110
10,549,35212
10,550,35256
10,551,35289
10,552,35348
10,553,35366
10,554,35377
10,555,35507
10,556,35523
10,557,35576
10,558,35621
10,559,35715
10,560,35763
10,561,35824
10,562,35836
10,563,35904
10,564,35927
10,565,35984
10,566,36001
10,567,36025
10,568,36108
10,569,36129
10,570,36144
10,571,36161
10,572,36415
10,573,36463
10,574,36488
10,575,36498
10,576,36499
10,577,36646
10,578,36745
10,579,36778
10,580,36821
10,581,36958
10,582,36965
10,583,37101
10,584,37102
10,585,37120
10,586,37158
10,587,37213
10,588,37252
10,589,37287
10,590,37328
10,591,37354
10,592,37411
10,593,37558
10,594,37560
10,595,37625
10,596,37691
10,597,37734
10,598,37789
10,599,37813
10,600,37863
10,601,37878
10,602,37898
10,603,37929
10,604,37972
10,605,38015
10,606,38100
10,607,38142
10,608,38292
10,609,38480
10,610,38546
10,611,38629
10,612,38709
10,613,38766
10,614,38944
10,615,38967
10,616,38983
10,617,39145
10,618,39234
10,619,39303
10,620,39328
10,621,39439
10,622,39498
10,623,39518
10,624,39528
10,625,39643
10,626,39671
10,627,39711
10,628,39766
10,629,39780
10,630,39840
10,631,39852
10,632,39856
10,633,39885
10,634,39888
10,635,39900
10,636,39937
10,637,40108
10,638,40188
10,639,40211
10,640,40275
10,641,40293
10,642,40383
10,643,40554
10,644,40637
10,645,40716
10,646,40846
10,647,40887
10,648,40912
10,649,40952
10,650,40981
10,651,41000
10,652,41084
10,653,41146
10,654,41190
10,655,41213
10,656,41260
10,657,41273
10,658,41341
10,659,41482
10,660,41544
10,661,41569
10,662,41585
10,663,41605
10,664,41717
10,665,41803
10,666,41852
10,667,41937
10,668,42041
10,669,42059
10,670,42142
10,671,42190
10,672,42341
10,673,42356
10,674,42493
10,675,42673
10,676,42724
10,677,42756
10,678,42764
10,679,42822
10,680,42938
10,681,43012
10,682,43111
10,683,43354
10,684,43447
10,685,43516
10,686,43694
10,687,43785
10,688,43801
10,689,43809
10,690,43968
10,691,44054
10,692,44090
10,693,44133
10,694,44159
10,695,44166
10,696,44170
10,697,44244
10,698,44281
10,699,44340
10,700,44547
10,701,44634
10,702,44648
10,703,44698
10,704,44719
10,705,44748
10,706,44842
10,707,44934
10,708,44939
10,709,45013
10,710,45217
10,711,45224
10,712,45293
10,713,45374
10,714,45419
10,715,45668
10,716,45671
10,717,45851
10,718,45859
10,719,45922
10,720,46009
10,721,46053
10,722,46092
10,723,46131
10,724,46191
10,725,46227
10,726,46346
10,727,46435
10,728,46482
10,729,46541
10,730,46622
10,731,46629
10,732,46646
10,733,46707
10,734,46832
10,735,46845
10,736,46890
10,737,46971
10,738,47004
10,739,47104
10,740,47272
10,741,47321
10,742,47360
10,743,47405
10,744,47437
10,745,47506
10,746,47553
10,747,47621
10,748,47627
10,749,47663
10,750,47692
10,751,47739
10,752,47786
10,753,47813
10,754,47863
10,755,47888
10,756,47995
10,757,48023
10,758,48050
10,759,48055
10,760,48068
10,761,48197
10,762,48211
10,763,48253
10,764,48438
10,765,48515
10,766,48592
10,767,48738
10,768,48888
10,769,48948
10,770,49095
10,771,49137
10,772,49244
10,773,49320
10,774,49429
10,775,49626
10,776,49632
10,777,49652
10,778,49798
10,779,49850
10,780,49889
10,781,49953
10,782,50000
10,783,50259
10,784,50350
10,785,50354
10,786,50383
10,787,50389
10,788,50443
10,789,50485
10,790,50486
10,791,50568
10,792,50603
10,793,50629
10,794,50645
10,795,50647
10,796,50665
10,797,50734
10,798,50770
10,799,50828
10,800,50839
10,801,50900
10,802,50934
10,803,50947
10,804,51096
10,805,51123
10,806,51180
10,807,51220
10,808,51411
10,809,51418
10,810,51442
10,811,51477
10,812,51486
10,813,51490
10,814,51532
10,815,51643
10,816,51673
10,817,51676
10,818,51684
10,819,51788
10,820,52062
10,821,52118
10,822,52132
10,823,52309
10,824,52518
10,825,52632
10,826,52895
10,827,52911
10,828,52947
10,829,53027
10,830,53066
10,831,53096
10,832,53166
10,833,53167
10,834,53174
10,835,53178
10,836,53230
10,837,53320
10,838,53333
10,839,53420
10,840,53477
10,841,53560
10,842,53581
10,843,53665
10,844,53727
10,845,53778
10,846,53927
10,847,53932
10,848,53951
10,849,54028
10,850,54054
10,851,54150
10,852,54359
10,853,54546
10,854,54589
10,855,54609
10,856,54635
10,857,54637
10,858,54642
10,859,54778
10,860,55009
10,861,55054
10,862,55188
10,863,55196
10,864,55364
10,865,55373
10,866,55401
10,867,55671
10,868,55702
10,869,55747
10,870,55822
10,871,55902
10,872,55957
10,873,56007
10,874,56061
10,875,56118
10,876,56213
10,877,56223
10,878,56230
10,879,56253
10,880,56293
10,881,56461
10,882,56516
10,883,56592
10,884,56596
10,885,56619
10,886,56655
10,887,56706
10,888,56751
10,889,56816
10,890,56843
10,891,56875
10,892,56885
10,893,56927
10,894,56962
10,895,56987
10,896,57037
10,897,57115
10,898,57126
10,899,57146
10,900,57203
10,901,57257
10,902,57269
10,903,57337
10,904,57345
10,905,57352
10,906,57354
10,907,57363
10,908,57375
10,909,57401
10,910,57406
10,911,57422
10,912,57480
10,913,57551
10,914,57655
10,915,57672
10,916,57681
10,917,58044
10,918,58392
10,919,58398
10,920,58408
10,921,58413
10,922,58439
10,923,58446
10,924,58706
10,925,58725
10,926,58746
10,927,58938
10,928,58986
10,929,59139
10,930,59320
10,931,59426
10,932,59477
10,933,59715
10,934,59719
10,935,59723
10,936,59829
10,937,59840
10,938,59863
10,939,59930
10,940,59953
10,941,59966
10,942,60016
10,943,60044
10,944,60079
10,945,60178
10,946,60221
10,947,60248
10,948,60263
10,949,60352
10,950,60480
10,951,60631
10,952,60724
10,953,60785
10,954,60792
10,955,61096
10,956,61425
10,957,61528
10,958,61613
10,959,61688
10,960,61785
10,961,61797
10,962,61874
10,963,61919
10,964,62099
10,965,62223
10,966,62330
10,967,62332
10,968,62389
10,969,62669
10,970,62696
10,971,62737
10,972,62747
10,973,62770
10,974,62827
10,975,62911
10,976,62926
10,977,62948
10,978,62992
10,979,63012
10,980,63289
10,981,63351
10,982,63358
10,983,63398
10,984,63481
10,985,63677
10,986,63685
10,987,63690
10,988,63744
10,989,63859
10,990,63907
10,991,63978
10,992,63997
10,993,64011
10,994,64015
10,995,64059
10,996,64074
10,997,64090
10,998,64179
10,999,64258
10,1000,64372
10,1001,64515
10,1002,64545
10,1003,64710
10,1004,64766
10,1005,64778
10,1006,64849
10,1007,64896
10,1008,64993
10,1009,65004
10,1010,65038
10,1011,65048
10,1012,65069
10,1013,65100
10,1014,65134
10,1015,65159
10,1016,65220
10,1017,65316
10,1018,65322
10,1019,65343
10,1020,65393
10,1021,65412
10,1022,65415
10,1023,65444
11,0,1
11,1,129
11,2,165
11,3,219
11,4,233
11,5,367
11,6,375
11,7,386
11,8,485
11,9,496
11,10,595
11,11,637
11,12,659
11,13,727
11,14,730
11,15,734
11,16,746
11,17,977
11,18,984
11,19,1193
11,20,1282
11,21,1351
11,22,1519
11,23,1528
11,24,1601
11,25,1636
11,26,1658
11,27,1675
11,28,1683
11,29,1869
11,30,1941
11,31,2194
11,32,2261
11,33,2267
11,34,2288
11,35,2366
11,36,2387
11,37,2445
11,38,2468
11,39,2605
11,40,2611
11,41,2638
11,42,2784
11,43,2798
11,44,2853
11,45,2938
11,46,3026
11,47,3043
11,48,3079
11,49,3113
11,50,3116
11,51,3184
11,52,3203
11,53,3236
11,54,3249
11,55,3326
11,56,3334
11,57,3362
11,58,3367
11,59,3377
11,60,3490
11,61,3506
11,62,3786
11,63,3829
11,64,3870
11,65,3966
11,66,4146
11,67,4170
11,68,4295
11,69,4373
11,70,4403
11,71,4493
11,72,4587
11,73,4640
11,74,4646
11,75,4718
11,76,4799
11,77,4912
11,78,4917
11,79,4963
11,80,5001
11,81,5053
11,82,5103
11,83,5197
11,84,5209
11,85,5228
11,86,5263
11,87,5267
11,88,5309
11,89,5608
11,90,5642
11,91,5757
11,92,5786
11,93,5808
11,94,5813
11,95,5825
11,96,5882
11,97,5918
11,98,5928
11,99,5949
11,100,6069
11,101,6108
11,102,6123
11,103,6142
11,104,6217
11,105,6425
11,106,6482
11,107,6522
11,108,6635
11,109,6653
11,110,6846
11,111,6917
11,112,6950
11,113,7001
11,114,7215
11,115,7240
11,116,7273
11,117,7277
11,118,7592
11,119,7869
11,120,7933
11,121,7942
11,122,8057
11,123,8141
11,124,8325
11,125,8371
11,126,8427
11,127,8509
11,128,8731
11,129,8814
11,130,8833
11,131,8894
11,132,8914
11,133,8939
11,134,9011
11,135,9065
11,136,9078
11,137,9118
11,138,9158
11,139,9162
11,140,9181
11,141,9331
11,142,9524
11,143,9659
11,144,9691
11,145,9858
11,146,9872
11,147,9956
11,148,9962
11,149,10001
11,150,10013
11,151,10034
11,152,10139
11,153,10194
11,154,10239
11,155,10296
11,156,10298
11,157,10305
11,158,10406
11,159,10459
11,160,10488
11,161,10498
11,162,10587
11,163,10609
11,164,10660
11,165,10682
11,166,10749
11,167,10922
11,168,10930
11,169,10980
11,170,11043
11,171,11064
11,172,11103
11,173,11151
11,174,11244
11,175,11256
11,176,11321
11,177,11350
11,178,11384
11,179,11409
11,180,11507
11,181,11533
11,182,11592
11,183,11769
11,184,11791
11,185,11957
11,186,11963
11,187,11984
11,188,11988
11,189,12001
11,190,12009
11,191,12011
11,192,12095
11,193,12243
11,194,12655
11,195,12666
11,196,12683
11,197,12734
11,198,12823
11,199,12845
11,200,12878
11,201,12895
11,202,12970
11,203,12979
11,204,13046
11,205,13133
11,206,13223
11,207,13265
11,208,13327
11,209,13345
11,210,13445
11,211,13497
11,212,13549
11,213,13690
11,214,13693
11,215,13716
11,216,13742
11,217,13792
11,218,13797
11,219,13856
11,220,13870
11,221,14012
11,222,14031
11,223,14065
11,224,14179
11,225,14280
11,226,14386
11,227,14399
11,228,14525
11,229,14535
11,230,14543
11,231,14549
11,232,14585
11,233,14615
11,234,14644
11,235,14671
11,236,14699
11,237,14707
11,238,14841
11,239,14856
11,240,14875
11,241,15015
11,242,15051
11,243,15101
11,244,15275
11,245,15366
11,246,15401
11,247,15460
11,248,15621
11,249,15639
11,250,15642
11,251,15656
11,252,15664
11,253,15686
11,254,15705
11,255,15746
11,256,15756
11,257,15759
11,258,15765
11,259,15770
11,260,15857
11,261,15945
11,262,15947
11,263,16053
11,264,16081
11,265,16131
11,266,16307
11,267,16308
11,268,16634
11,269,16637
11,270,16786
11,271,16836
11,272,16940
11,273,17142
11,274,17153
11,275,17287
11,276,17308
11,277,17326
11,278,17470
11,279,17559
11,280,17587
11,281,17662
11,282,17687
11,283,17749
11,284,17872
11,285,18017
11,286,18069
11,287,18220
11,288,18223
11,289,18236
11,290,18241
11,291,18269
11,292,18297
11,293,18344
11,294,18372
11,295,18492
11,296,18541
11,297,18558
11,298,18572
11,299,18656
11,300,18698
11,301,18708
11,302,18717
11,303,18852
11,304,18980
11,305,19033
11,306,19085
11,307,19120
11,308,19141
11,309,19206
11,310,19245
11,311,19280
11,312,19314
11,313,19480
11,314,19506
11,315,19604
11,316,19787
11,317,19801
11,318,19896
11,319,19923
11,320,20013
11,321,20091
11,322,20141
11,323,20175
11,324,20267
11,325,20699
11,326,20704
11,327,20747
11,328,20989
11,329,21008
11,330,21256
11,331,21272
11,332,21300
11,333,21399
11,334,21481
11,335,21512
11,336,21514
11,337,21653
11,338,21774
11,339,21800
11,340,21910
11,341,21941
11,342,22003
11,343,22075
11,344,22133
11,345,22157
11,346,22173
11,347,22234
11,348,22277
11,349,22342
11,350,22384
11,351,22394
11,352,22406
11,353,22450
11,354,22464
11,355,22507
11,356,22517
11,357,22558
11,358,22634
11,359,22641
11,360,22656
11,361,22680
11,362,22700
11,363,22723
11,364,22725
11,365,22797
11,366,22859
11,367,23049
11,368,23060
11,369,23111
11,370,23129
11,371,23164
11,372,23207
11,373,23232
11,374,23277
11,375,23283
11,376,23291
11,377,23523
11,378,23583
11,379,24206
11,380,24209
11,381,24332
11,382,24523
11,383,24540
11,384,24712
11,385,24720
11,386,24817
11,387,25022
11,388,25096
11,389,25159
11,390,25182
11,391,25257
11,392,25259
11,393,25276
11,394,25350
11,395,25518
11,396,25532
11,397,25946
11,398,25982
11,399,26002
11,400,26228
11,401,26247
11,402,26256
11,403,26285
11,404,26394
11,405,26566
11,406,26648
11,407,26684
11,408,26753
11,409,26823
11,410,26844
11,411,26927
11,412,26936
11,413,26949
11,414,26982
11,415,27113
11,416,27142
11,417,27225
11,418,27227
11,419,27302
11,420,27336
11,421,27431
11,422,27455
11,423,27706
11,424,27732
11,425,27788
11,426,27807
11,427,27885
11,428,27999
11,429,28071
11,430,28176
11,431,28238
11,432,28247
11,433,28323
11,434,28374
11,435,28388
11,436,28505
11,437,28543
11,438,28566
11,439,28675
11,440,28774
11,441,28827
11,442,28856
11,443,28955
11,444,28966
11,445,28979
11,446,28988
11,447,29058
11,448,29084
11,449,29202
11,450,29395
11,451,29436
11,452,29578
11,453,29617
11,454,29640
11,455,29701
11,456,29771
11,457,29822
11,458,30082
11,459,30112
11,460,30211
11,461,30302
11,462,30357
11,463,30363
11,464,30500
11,465,30580
11,466,30677
11,467,30760
11,468,30775
11,469,30835
11,470,30863
11,471,30884
11,472,30973
11,473,30989
11,474,31026
11,475,31059
11,476,31215
11,477,31243
11,478,31353
11,479,31507
11,480,31587
11,481,31830
11,482,31838
11,483,31958
11,484,32056
11,485,32082
11,486,32117
11,487,32321
11,488,32330
11,489,32424
11,490,32599
11,491,32640
11,492,32676
11,493,32721
11,494,32749
11,495,32844
11,496,32873
11,497,33061
11,498,33135
11,499,33146
11,500,33187
11,501,33227
11,502,33262
11,503,33308
11,504,33314
11,505,33342
11,506,33454
11,507,33460
11,508,33462
11,509,33531
11,510,33610
11,511,33611
11,512,33654
11,513,33685
11,514,33709
11,515,33739
11,516,33876
11,517,33990
11,518,34046
11,519,34050
11,520,34062
11,521,34184
11,522,34389
11,523,34393
11,524,34394
11,525,34446
11,526,34638
11,527,34707
11,528,34713
11,529,34714
11,530,34755
11,531,34869
11,532,35035
11,533,35050
11,534,35059
11,535,35192
11,536,35264
11,537,35338
11,538,35367
11,539,35454
11,540,35488
11,541,35503
11,542,35647
11,543,35780
11,544,35861
11,545,35923
11,546,36105
11,547,36110
11,548,36149
11,549,36183
11,550,36199
11,551,36320
11,552,36329
11,553,36423
11,554,36537
11,555,36626
11,556,36960
11,557,36990
11,558,37004
11,559,37020
11,560,37084
11,561,37112
11,562,37124
11,563,37191
11,564,37256
11,565,37300
11,566,37437
11,567,37444
11,568,37461
11,569,37492
11,570,37525
11,571,37564
11,572,37584
11,573,37589
11,574,37729
11,575,37739
11,576,37813
11,577,37866
11,578,37963
11,579,38001
11,580,38099
11,581,38124
11,582,38171
11,583,38183
11,584,38188
11,585,38223
11,586,38296
11,587,38298
11,588,38329
11,589,38338
11,590,38444
11,591,38558
11,592,38605
11,593,38651
11,594,38663
11,595,38927
11,596,38989
11,597,39029
11,598,39122
11,599,39140
11,600,39156
11,601,39175
11,602,39251
11,603,39318
11,604,39416
11,605,39597
11,606,39678
11,607,39749
11,608,39829
11,609,39858
11,610,39903
11,611,39973
11,612,39992
11,613,40026
11,614,40113
11,615,40142
11,616,40184
11,617,40197
11,618,40217
11,619,40304
11,620,40336
11,621,40498
11,622,40525
11,623,40574
11,624,40702
11,625,40730
11,626,40750
11,627,40753
11,628,40761
11,629,40805
11,630,40838
11,631,40849
11,632,41160
11,633,41165
11,634,41180
11,635,41299
11,636,41316
11,637,41370
11,638,41426
11,639,41551
11,640,41595
11,641,41878
11,642,41958
11,643,42157
11,644,42301
11,645,42362
11,646,42425
11,647,42436
11,648,42455
11,649,42474
11,650,42592
11,651,42662
11,652,42665
11,653,42677
11,654,42724
11,655,42784
11,656,42797
11,657,42799
11,658,42854
11,659,42870
11,660,42888
11,661,43041
11,662,43299
11,663,43339
11,664,43345
11,665,43415
11,666,43433
11,667,43531
11,668,43535
11,669,43583
11,670,43594
11,671,43596
11,672,43747
11,673,43752
11,674,43780
11,675,43801
11,676,43921
11,677,43940
11,678,43986
11,679,44061
11,680,44184
11,681,44249
11,682,44355
11,683,44378
11,684,44455
11,685,44491
11,686,44564
11,687,44702
11,688,44754
11,689,44772
11,690,44810
11,691,44861
11,692,44880
11,693,44900
11,694,44918
11,695,44958
11,696,44973
11,697,45063
11,698,45113
11,699,45165
11,700,45184
11,701,45196
11,702,45220
11,703,45240
11,704,45360
11,705,45487
11,706,45565
11,707,45601
11,708,45616
11,709,45687
11,710,45740
11,711,45770
11,712,45936
11,713,45943
11,714,46088
11,715,46090
11,716,46325
11,717,46419
11,718,46444
11,719,46449
11,720,46478
11,721,46488
11,722,46489
11,723,46516
11,724,46517
11,725,46522
11,726,46583
11,727,46597
11,728,46620
11,729,46690
11,730,46697
11,731,46797
11,732,46882
11,733,46943
11,734,46989
11,735,47159
11,736,47163
11,737,47266
11,738,47288
11,739,47473
11,740,47540
11,741,47567
11,742,47632
11,743,47643
11,744,47697
11,745,47708
11,746,47907
11,747,48023
11,748,48042
11,749,48100
11,750,48177
11,751,48201
11,752,48254
11,753,48261
11,754,48270
11,755,48300
11,756,48317
11,757,48557
11,758,48568
11,759,48579
11,760,48662
11,761,48862
11,762,48888
11,763,48952
11,764,48982
11,765,48985
11,766,48997
11,767,49266
11,768,49342
11,769,49406
11,770,49421
11,771,49470
11,772,49530
11,773,49655
11,774,49724
11,775,49779
11,776,49851
11,777,49854
11,778,49855
11,779,49948
11,780,50014
11,781,50076
11,782,50111
11,783,50149
11,784,50168
11,785,50229
11,786,50324
11,787,50386
11,788,50418
11,789,50432
11,790,50436
11,791,50437
11,792,50454
11,793,50516
11,794,50659
11,795,50697
11,796,50736
11,797,50737
11,798,50840
11,799,50903
11,800,50904
11,801,50913
11,802,51131
11,803,51152
11,804,51273
11,805,51419
11,806,51527
11,807,51661
11,808,51676
11,809,51790
11,810,51858
11,811,51957
11,812,52095
11,813,52122
11,814,52187
11,815,52301
11,816,52525
11,817,52644
11,818,52738
11,819,52761
11,820,52909
11,821,52942
11,822,52964
11,823,53019
11,824,53079
11,825,53129
11,826,53248
11,827,53340
11,828,53345
11,829,53380
11,830,53393
11,831,53472
11,832,53613
11,833,53651
11,834,53686
11,835,53705
11,836,53734
11,837,53744
11,838,53756
11,839,53757
11,840,53849
11,841,53932
11,842,53996
11,843,54227
11,844,54295
11,845,54345
11,846,54371
11,847,54487
11,848,54505
11,849,54542
11,850,54578
11,851,54608
11,852,54669
11,853,54675
11,854,54761
11,855,54783
11,856,54812
11,857,54820
11,858,54845
11,859,54884
11,860,54910
11,861,54960
11,862,55086
11,863,55100
11,864,55144
11,865,55224
11,866,55296
11,867,55311
11,868,55345
11,869,55474
11,870,55544
11,871,55590
11,872,55643
11,873,55649
11,874,55671
11,875,55873
11,876,56079
11,877,56118
11,878,56174
11,879,56359
11,880,56412
11,881,56514
11,882,56553
11,883,56614
11,884,56640
11,885,56753
11,886,56821
11,887,56824
11,888,56850
11,889,56901
11,890,56915
11,891,56923
11,892,56933
11,893,56955
11,894,57049
11,895,57078
11,896,57191
11,897,57196
11,898,57222
11,899,57265
11,900,57316
11,901,57342
11,902,57381
11,903,57422
11,904,57467
11,905,57537
11,906,57551
11,907,57577
11,908,57740
11,909,57777
11,910,57889
11,911,57918
11,912,57980
11,913,57984
11,914,57986
11,915,58030
11,916,58055
11,917,58061
11,918,58147
11,919,58156
11,920,58171
11,921,58409
11,922,58603
11,923,58611
11,924,58697
11,925,58743
11,926,58764
11,927,58777
11,928,58876
11,929,58879
11,930,58933
11,931,59374
11,932,59570
11,933,59578
11,934,59580
11,935,59583
11,936,59696
11,937,59715
11,938,59915
11,939,59924
11,940,59929
11,941,59939
11,942,60100
11,943,60143
11,944,60290
11,945,60331
11,946,60426
11,947,60574
11,948,60587
11,949,60635
11,950,60660
11,951,60718
11,952,60721
11,953,60826
11,954,60836
11,955,61010
11,956,61090
11,957,61138
11,958,61153
11,959,61272
11,960,61340
11,961,61349
11,962,61422
11,963,61478
11,964,61598
11,965,61851
11,966,61937
11,967,61976
11,968,61991
11,969,62093
11,970,62159
11,971,62185
11,972,62274
11,973,62298
11,974,62412
11,975,62443
11,976,62480
11,977,62487
11,978,62514
11,979,62526
11,980,62580
11,981,62604
11,982,62670
11,983,62675
11,984,62727
11,985,62844
11,986,62890
11,987,63046
11,988,63063
11,989,63097
11,990,63200
11,991,63271
11,992,63294
11,993,63410
11,994,63440
11,995,63469
11,996,63568
11,997,63611
11,998,63614
11,999,63629
11,1000,63800
11,1001,63810
11,1002,63822
11,1003,63903
11,1004,64137
11,1005,64189
11,1006,64195
11,1007,64221
11,1008,64284
11,1009,64339
11,1010,64406
11,1011,64477
11,1012,64565
11,1013,64590
11,1014,64650
11,1015,64729
11,1016,64953
11,1017,64984
11,1018,65012
11,1019,65072
11,1020,65093
11,1021,65166
11,1022,65173
11,1023,65393
12,0,0
12,1,77
12,2,190
12,3,255
12,4,260
12,5,271
12,6,283
12,7,328
12,8,466
12,9,478
12,10,557
12,11,573
12,12,602
12,13,633
12,14,711
12,15,720
12,16,766
12,17,955
12,18,985
12,19,1012
12,20,1020
12,21,1160
12,22,1204
12,23,1210
12,24,1245
12,25,1258
12,26,1292
12,27,1337
12,28,1477
12,29,1527
12,30,1707
12,31,1764
12,32,1777
12,33,2070
12,34,2155
12,35,2171
12,36,2237
12,37,2326
12,38,2331
12,39,2362
12,40,2440
12,41,2455
12,42,2506
12,43,2586
12,44,2594
12,45,2616
12,46,2640
12,47,2661
12,48,2698
12,49,2767
12,50,2826
12,51,2844
12,52,2861
12,53,2879
12,54,2935
12,55,2999
12,56,3038
12,57,3094
12,58,3155
12,59,3180
12,60,3264
12,61,3378
12,62,3393
12,63,3396
12,64,3425
12,65,3581
12,66,3626
12,67,3654
12,68,3901
12,69,3932
12,70,3983
12,71,4012
12,72,4015
12,73,4044
12,74,4080
12,75,4111
12,76,4116
12,77,4142
12,78,4318
12,79,4351
12,80,4386
12,81,4511
12,82,4528
12,83,4537
12,84,4542
12,85,4555
12,86,4571
12,87,4816
12,88,4895
12,89,5200
12,90,5259
12,91,5380
12,92,5442
12,93,5468
12,94,5497
12,95,5731
12,96,5753
12,97,5861
12,98,5919
12,99,5921
12,100,6012
12,101,6016
12,102,6059
12,103,6072
12,104,6102
12,105,6120
12,106,6175
12,107,6327
12,108,6435
12,109,6489
12,110,6569
12,111,6613
12,112,6726
12,113,6733
12,114,6808
12,115,6885
12,116,7026
12,117,7100
12,118,7185
12,119,7569
12,120,7573
12,121,7606
12,122,7648
12,123,7688
12,124,7710
12,125,7718
12,126,7733
12,127,7766
12,128,7830
12,129,7880
12,130,7957
12,131,7971
12,132,8020
12,133,8045
12,134,8290
12,135,8341
12,136,8416
12,137,8590
12,138,8780
12,139,8815
12,140,8998
12,141,9014
12,142,9164
12,143,9225
12,144,9348
12,145,9415
12,146,9441
12,147,9463
12,148,9470
12,149,9472
12,150,9485
12,151,9554
12,152,9642
12,153,9701
12,154,9905
12,155,9962
12,156,10081
12,157,10102
12,158,10132
12,159,10164
12,160,10211
12,161,10245
12,162,10370
12,163,10389
12,164,10608
12,165,10644
12,166,10700
12,167,10767
12,168,10825
12,169,11030
12,170,11195
12,171,11214
12,172,11227
12,173,11234
12,174,11249
12,175,11263
12,176,11265
12,177,11301
12,178,11322
12,179,11376
12,180,11424
12,181,11450
12,182,11459
12,183,11490
12,184,11532
12,185,11565
12,186,11604
12,187,11656
12,188,11663
12,189,11694
12,190,11742
12,191,11797
12,192,11888
12,193,11918
12,194,12085
12,195,12130
12,196,12284
12,197,12294
12,198,12326
12,199,12334
12,200,12404
12,201,12511
12,202,12671
12,203,12767
12,204,12810
12,205,12835
12,206,12903
12,207,13101
12,208,13117
12,209,13323
12,210,13359
12,211,13372
12,212,13383
12,213,13416
12,214,13435
12,215,13525
12,216,13535
12,217,13536
12,218,13762
12,219,13775
12,220,14064
12,221,14076
12,222,14087
12,223,14166
12,224,14168
12,225,14249
12,226,14288
12,227,14344
12,228,14657
12,229,14661
12,230,14676
12,231,14691
12,232,14749
12,233,14838
12,234,14871
12,235,14914
12,236,14940
12,237,14980
12,238,14981
12,239,15018
12,240,15100
12,241,15151
12,242,15209
12,243,15517
12,244,15525
12,245,15595
12,246,15650
12,247,15667
12,248,15726
12,249,15728
12,250,15837
12,251,15919
12,252,15990
12,253,16019
12,254,16289
12,255,16361
12,256,16471
12,257,16546
12,258,16553
12,259,16628
12,260,16640
12,261,16654
12,262,16721
12,263,16750
12,264,16851
12,265,16874
12,266,16927
12,267,17059
12,268,17160
12,269,17175
12,270,17294
12,271,17380
12,272,17397
12,273,17449
12,274,17452
12,275,17575
12,276,17627
12,277,17670
12,278,17743
12,279,17820
12,280,17901
12,281,17908
12,282,17928
12,283,17982
12,284,18257
12,285,18296
12,286,18301
12,287,18319
12,288,18448
12,289,18600
12,290,18750
12,291,18889
12,292,18906
12,293,18926
12,294,19104
12,295,19196
12,296,19202
12,297,19212
12,298,19223
12,299,19307
12,300,19385
12,301,19470
12,302,19571
12,303,19625
12,304,19653
12,305,19670
12,306,19697
12,307,19882
12,308,19995
12,309,19996
12,310,20057
12,311,20104
12,312,20260
12,313,20291
12,314,20322
12,315,20372
12,316,20566
12,317,20616
12,318,20658
12,319,20885
12,320,20923
12,321,21014
12,322,21089
12,323,21113
12,324,21179
12,325,21264
12,326,21389
12,327,21391
12,328,21489
12,329,21514
12,330,21561
12,331,21669
12,332,21790
12,333,21799
12,334,21802
12,335,21845
12,336,21972
12,337,22055
12,338,22060
12,339,22062
12,340,22087
12,341,22126
12,342,22155
12,343,22182
12,344,22295
12,345,22311
12,346,22389
12,347,22442
12,348,22452
12,349,22508
12,350,22535
12,351,22563
12,352,22569
12,353,22595
12,354,22642
12,355,22670
12,356,22675
12,357,22714
12,358,22732
12,359,22796
12,360,22823
12,361,22932
12,362,22948
12,363,22954
12,364,23076
12,365,23218
12,366,23255
12,367,23273
12,368,23286
12,369,23291
12,370,23517
12,371,23537
12,372,23730
12,373,23770
12,374,23902
12,375,23978
12,376,23995
12,377,23999
12,378,24047
12,379,24064
12,380,24282
12,381,24402
12,382,24436
12,383,24484
12,384,24516
12,385,24536
12,386,24558
12,387,24561
12,388,24619
12,389,24767
12,390,24793
12,391,24839
12,392,24850
12,393,24851
12,394,24960
12,395,24981
12,396,25012
12,397,25016
12,398,25046
12,399,25142
12,400,25269
12,401,25444
12,402,25451
12,403,25466
12,404,25521
12,405,25580
12,406,25595
12,407,25678
12,408,25935
12,409,25990
12,410,26374
12,411,26443
12,412,26516
12,413,26687
12,414,26731
12,415,26779
12,416,27172
12,417,27173
12,418,27203
12,419,27213
12,420,27242
12,421,27264
12,422,27286
12,423,27353
12,424,27360
12,425,27469
12,426,27498
12,427,27501
12,428,27511
12,429,27622
12,430,27752
12,431,27786
12,432,27833
12,433,27869
12,434,27871
12,435,27967
12,436,28066
12,437,28127
12,438,28145
12,439,28175
12,440,28178
12,441,28206
12,442,28228
12,443,28264
12,444,28296
12,445,28338
12,446,28348
12,447,28352
12,448,28386
12,449,28396
12,450,28401
12,451,28514
12,452,28526
12,453,28560
12,454,28690
12,455,28743
12,456,28893
12,457,28907
12,458,28921
12,459,28936
12,460,28974
12,461,29072
12,462,29106
12,463,29155
12,464,29156
12,465,29173
12,466,29225
12,467,29245
12,468,29258
12,469,29352
12,470,29372
12,471,29549
12,472,29581
12,473,29603
12,474,29604
12,475,29634
12,476,29736
12,477,29808
12,478,29817
12,479,29847
12,480,29980
12,481,29988
12,482,30025
12,483,30248
12,484,30328
12,485,30366
12,486,30399
12,487,30478
12,488,30505
12,489,30523
12,490,30587
12,491,30619
12,492,30693
12,493,30793
12,494,31205
12,495,31231
12,496,31278
12,497,31338
12,498,31368
12,499,31385
12,500,31581
12,501,31768
12,502,31822
12,503,31833
12,504,31979
12,505,32068
12,506,32386
12,507,32632
12,508,32759
12,509,32770
12,510,32785
12,511,32849
12,512,33127
12,513,33132
12,514,33236
12,515,33278
12,516,33285
12,517,33381
12,518,33670
12,519,33700
12,520,33702
12,521,33746
12,522,33769
12,523,33815
12,524,33903
12,525,33993
12,526,34042
12,527,34093
12,528,34113
12,529,34275
12,530,34365
12,531,34400
12,532,34456
12,533,34502
12,534,34533
12,535,34684
12,536,34704
12,537,34839
12,538,34860
12,539,35007
12,540,35049
12,541,35066
12,542,35085
12,543,35114
12,544,35130
12,545,35248
12,546,35278
12,547,35390
12,548,35408
12,549,35749
12,550,35754
12,551,35757
12,552,35788
12,553,35848
12,554,35854
12,555,35861
12,556,36016
12,557,36033
12,558,36058
12,559,36085
12,560,36196
12,561,36220
12,562,36291
12,563,36356
12,564,36357
12,565,36506
12,566,36625
12,567,36647
12,568,36691
12,569,36713
12,570,36723
12,571,36871
12,572,36876
12,573,36969
12,574,37266
12,575,37461
12,576,37503
12,577,37541
12,578,37564
12,579,37675
12,580,37684
12,581,37800
12,582,37809
12,583,37819
12,584,37820
12,585,37914
12,586,37927
12,587,38046
12,588,38158
12,589,38205
12,590,38283
12,591,38289
12,592,38352
12,593,38362
12,594,38435
12,595,38473
12,596,38492
12,597,38625
12,598,38659
12,599,38694
12,600,38815
12,601,38975
12,602,39039
12,603,39217
12,604,39260
12,605,39420
12,606,39479
12,607,39700
12,608,39705
12,609,39713
12,610,39859
12,611,39879
12,612,39965
12,613,40053
12,614,40075
12,615,40082
12,616,40091
12,617,40129
12,618,40148
12,619,40334
12,620,40424
12,621,40476
12,622,40665
12,623,40675
12,624,40690
12,625,40738
12,626,40853
12,627,40915
12,628,40966
12,629,41037
12,630,41285
12,631,41394
12,632,41402
12,633,41440
12,634,41493
12,635,41498
12,636,41562
12,637,41569
12,638,41866
12,639,41877
12,640,41994
12,641,42047
12,642,42162
12,643,42204
12,644,42246
12,645,42285
12,646,42402
12,647,42409
12,648,42415
12,649,42577
12,650,42673
12,651,42890
12,652,42904
12,653,42907
12,654,43002
12,655,43072
12,656,43081
12,657,43132
12,658,43241
12,659,43373
12,660,43457
12,661,43474
12,662,43596
12,663,43622
12,664,43664
12,665,43741
12,666,43778
12,667,43895
12,668,43903
12,669,44042
12,670,44127
12,671,44175
12,672,44266
12,673,44374
12,674,44456
12,675,44548
12,676,44585
12,677,44590
12,678,44687
12,679,44693
12,680,44815
12,681,44970
12,682,45024
12,683,45036
12,684,45219
12,685,45352
12,686,45383
12,687,45486
12,688,45501
12,689,45521
12,690,45529
12,691,45593
12,692,45692
12,693,45698
12,694,45716
12,695,45744
12,696,45766
12,697,45869
12,698,46024
12,699,46110
12,700,46140
12,701,46337
12,702,46401
12,703,46430
12,704,46437
12,705,46439
12,706,46538
12,707,46600
12,708,46666
12,709,46693
12,710,46712
12,711,46725
12,712,46739
12,713,46761
12,714,46833
12,715,46905
12,716,46908
12,717,46912
12,718,46916
12,719,46950
12,720,46980
12,721,46985
12,722,47061
12,723,47145
12,724,47181
12,725,47221
12,726,47259
12,727,47270
12,728,47306
12,729,47515
12,730,47558
12,731,47706
12,732,47718
12,733,47811
12,734,47902
12,735,47912
12,736,48028
12,737,48061
12,738,48125
12,739,48140
12,740,48150
12,741,48347
12,742,48361
12,743,48365
12,744,48410
12,745,48565
12,746,48603
12,747,48706
12,748,48747
12,749,48769
12,750,48784
12,751,48787
12,752,48842
12,753,48865
12,754,48869
12,755,48877
12,756,48907
12,757,48916
12,758,48935
12,759,48991
12,760,49019
12,761,49034
12,762,49135
12,763,49147
12,764,49189
12,765,49198
12,766,49245
12,767,49355
12,768,49408
12,769,49451
12,770,49456
12,771,49522
12,772,49602
12,773,49630
12,774,49643
12,775,49675
12,776,49695
12,777,49923
12,778,50089
12,779,50101
12,780,50156
12,781,50285
12,782,50382
12,783,50411
12,784,50436
12,785,50549
12,786,50558
12,787,50568
12,788,50619
12,789,50679
12,790,50685
12,791,50700
12,792,50705
12,793,50730
12,794,50895
12,795,50902
12,796,50941
12,797,51115
12,798,51129
12,799,51144
12,800,51250
12,801,51252
12,802,51297
12,803,51368
12,804,51378
12,805,51398
12,806,51512
12,807,51732
12,808,51776
12,809,51984
12,810,52033
12,811,52085
12,812,52208
12,813,52286
12,814,52410
12,815,52415
12,816,52447
12,817,52480
12,818,52482
12,819,52510
12,820,52603
12,821,52633
12,822,52695
12,823,52706
12,824,52735
12,825,52844
12,826,52906
12,827,52912
12,828,52913
12,829,52920
12,830,53044
12,831,53119
12,832,53141
12,833,53145
12,834,53208
12,835,53334
12,836,53375
12,837,53420
12,838,53447
12,839,53496
12,840,53585
12,841,53628
12,842,53636
12,843,53665
12,844,53703
12,845,53807
12,846,53878
12,847,54008
12,848,54019
12,849,54117
12,850,54329
12,851,54345
12,852,54362
12,853,54382
12,854,54397
12,855,54476
12,856,54495
12,857,54547
12,858,54555
12,859,54580
12,860,54632
12,861,54725
12,862,55167
12,863,55179
12,864,55224
12,865,55426
12,866,55434
12,867,55698
12,868,55718
12,869,55719
12,870,55785
12,871,55793
12,872,55820
12,873,55855
12,874,55877
12,875,56147
12,876,56379
12,877,56423
12,878,56426
12,879,56521
12,880,56581
12,881,56841
12,882,56850
12,883,56876
12,884,56892
12,885,56910
12,886,56983
12,887,57064
12,888,57068
12,889,57098
12,890,57122
12,891,57136
12,892,57206
12,893,57263
12,894,57286
12,895,57298
12,896,57364
12,897,57368
12,898,57394
12,899,57409
12,900,57477
12,901,57496
12,902,57515
12,903,57532
12,904,57678
12,905,57957
12,906,57998
12,907,58039
12,908,58058
12,909,58061
12,910,58122
12,911,58301
12,912,58334
12,913,58449
12,914,58459
12,915,58500
12,916,58524
12,917,58551
12,918,58557
12,919,58586
12,920,58590
12,921,58638
12,922,58713
12,923,58726
12,924,58774
12,925,58800
12,926,58897
12,927,59010
12,928,59036
12,929,59070
12,930,59194
12,931,59247
12,932,59254
12,933,59269
12,934,59753
12,935,59831
12,936,59848
12,937,59966
12,938,59970
12,939,59980
12,940,60013
12,941,60195
12,942,60306
12,943,60318
12,944,60405
12,945,60422
12,946,60435
12,947,60544
12,948,60712
12,949,60727
12,950,60764
12,951,60837
12,952,60995
12,953,61032
12,954,61067
12,955,61100
12,956,61101
12,957,61105
12,958,61175
12,959,61228
12,960,61245
12,961,61402
12,962,61459
12,963,61487
12,964,61498
12,965,61511
12,966,61630
12,967,61657
12,968,61705
12,969,61761
12,970,61860
12,971,61919
12,972,61950
12,973,61977
12,974,62010
12,975,62098
12,976,62107
12,977,62138
12,978,62265
12,979,62349
12,980,62586
12,981,62672
12,982,62680
12,983,62686
12,984,62737
12,985,62755
12,986,62821
12,987,62849
12,988,62864
12,989,62923
12,990,62950
12,991,62991
12,992,63066
12,993,63100
12,994,63388
12,995,63472
12,996,63479
12,997,63622
12,998,63640
12,999,63684
12,1000,63731
12,1001,63927
12,1002,64020
12,1003,64024
12,1004,64173
12,1005,64237
12,1006,64270
12,1007,64378
12,1008,64399
12,1009,64417
12,1010,64459
12,1011,64580
12,1012,64597
12,1013,64659
12,1014,64781
12,1015,64847
12,1016,64947
12,1017,64962
12,1018,65029
12,1019,65104
12,1020,65324
12,1021,65330
12,1022,65453
12,1023,65488
13,0,1
13,1,15
13,2,56
13,3,116
13,4,128
13,5,159
13,6,241
13,7,287
13,8,402
13,9,406
13,10,615
13,11,644
13,12,693
13,13,719
13,14,746
13,15,781
13,16,789
13,17,918
13,18,958
13,19,1003
13,20,1030
13,21,1103
13,22,1208
13,23,1340
13,24,1356
13,25,1386
13,26,1561
13,27,1578
13,28,1595
13,29,1887
13,30,1897
13,31,1905
13,32,1907
13,33,1967
13,34,1972
13,35,2031
13,36,2124
13,37,2350
13,38,2455
13,39,2493
13,40,2504
13,41,2743
13,42,2752
13,43,2797
13,44,2802
13,45,2815
13,46,2848
13,47,2985
13,48,3022
13,49,3058
13,50,3101
13,51,3104
13,52,3162
13,53,3172
13,54,3206
13,55,3240
13,56,3310
13,57,3447
13,58,3517
13,59,3567
13,60,3581
13,61,3678
13,62,3842
13,63,3868
13,64,3915
13,65,3936
13,66,3938
13,67,4019
13,68,4084
13,69,4197
13,70,4274
13,71,4276
13,72,4315
13,73,4405
13,74,4480
13,75,4536
13,76,4653
13,77,4656
13,78,4849
13,79,4981
13,80,5034
13,81,5047
13,82,5082
13,83,5193
13,84,5282
13,85,5286
13,86,5363
13,87,5384
13,88,5390
13,89,5434
13,90,5442
13,91,5465
13,92,5479
13,93,5500
13,94,5592
13,95,5651
13,96,5687
13,97,6108
13,98,6120
13,99,6187
13,100,6265
13,101,6294
13,102,6309
13,103,6444
13,104,6550
13,105,6551
13,106,6582
13,107,6584
13,108,6626
13,109,6690
13,110,6715
13,111,6842
13,112,6882
13,113,7226
13,114,7413
13,115,7430
13,116,7432
13,117,7458
13,118,7509
13,119,7515
13,120,7522
13,121,7598
13,122,7656
13,123,7695
13,124,7790
13,125,7814
13,126,7842
13,127,7848
13,128,7913
13,129,7967
13,130,7975
13,131,8052
13,132,8112
13,133,8131
13,134,8168
13,135,8198
13,136,8217
13,137,8273
13,138,8282
13,139,8347
13,140,8416
13,141,8502
13,142,8556
13,143,8640
13,144,8644
13,145,8739
13,146,8771
13,147,8824
13,148,8985
13,149,8991
13,150,8998
13,151,9013
13,152,9026
13,153,9054
13,154,9139
13,155,9340
13,156,9360
13,157,9362
13,158,9429
13,159,9649
13,160,9691
13,161,9762
13,162,9763
13,163,9780
13,164,9878
13,165,9944
13,166,9972
13,167,10006
13,168,10014
13,169,10118
13,170,10251
13,171,10252
13,172,10254
13,173,10328
13,174,10440
13,175,10538
13,176,10572
13,177,10637
13,178,10693
13,179,10712
13,180,10804
13,181,10857
13,182,10865
13,183,10897
13,184,11097
13,185,11105
13,186,11109
13,187,11156
13,188,11189
13,189,11265
13,190,11268
13,191,11346
13,192,11421
13,193,11444
13,194,11494
13,195,11533
13,196,11570
13,197,11620
13,198,11645
13,199,11675
13,200,11771
13,201,11791
13,202,11946
13,203,12048
13,204,12051
13,205,12097
13,206,12105
13,207,12131
13,208,12181
13,209,12310
13,210,12355
13,211,12415
13,212,12429
13,213,12574
13,214,12637
13,215,12645
13,216,12668
13,217,12723
13,218,12762
13,219,12804
13,220,12836
13,221,12850
13,222,12983
13,223,12985
13,224,12999
13,225,13073
13,226,13078
13,227,13087
13,228,13150
13,229,13174
13,230,13196
13,231,13216
13,232,13240
13,233,13461
13,234,13514
13,235,13587
13,236,13752
13,237,13911
13,238,13930
13,239,13970
13,240,14030
13,241,14060
13,242,14120
13,243,14164
13,244,14394
13,245,14536
13,246,14651
13,247,14773
13,248,14807
13,249,14861
13,250,14916
13,251,14981
13,252,15016
13,253,15091
13,254,15092
13,255,15205
13,256,15270
13,257,15283
13,258,15462
13,259,15527
13,260,15529
13,261,15618
13,262,15619
13,263,15703
13,264,15918
13,265,15939
13,266,16056
13,267,16131
13,268,16154
13,269,16259
13,270,16356
13,271,16365
13,272,16481
13,273,16510
13,274,16581
13,275,16588
13,276,16678
13,277,16687
13,278,16724
13,279,16866
13,280,16872
13,281,17028
13,282,17060
13,283,17093
13,284,17094
13,285,17107
13,286,17110
13,287,17199
13,288,17501
13,289,17630
13,290,17698
13,291,17715
13,292,17744
13,293,17750
13,294,17944
13,295,17974
13,296,17998
13,297,18023
13,298,18032
13,299,18034
13,300,18050
13,301,18250
13,302,18253
13,303,18482
13,304,18772
13,305,18888
13,306,19302
13,307,19387
13,308,19609
13,309,19626
13,310,19760
13,311,19922
13,312,19966
13,313,20051
13,314,20053
13,315,20095
13,316,20157
13,317,20247
13,318,20525
13,319,20590
13,320,20610
13,321,20647
13,322,20711
13,323,20731
13,324,20750
13,325,20753
13,326,20780
13,327,21064
13,328,21066
13,329,21090
13,330,21198
13,331,21304
13,332,21341
13,333,21484
13,334,21495
13,335,21604
13,336,21741
13,337,21769
13,338,21871
13,339,21978
13,340,21995
13,341,22036
13,342,22039
13,343,22060
13,344,22065
13,345,22193
13,346,22197
13,347,22274
13,348,22424
13,349,22468
13,350,22530
13,351,22543
13,352,22545
13,353,22634
13,354,22649
13,355,22764
13,356,22775
13,357,22915
13,358,23196
13,359,23246
13,360,23469
13,361,23583
13,362,23653
13,363,23784
13,364,23801
13,365,23860
13,366,23875
13,367,23889
13,368,23963
13,369,24032
13,370,24037
13,371,24105
13,372,24109
13,373,24119
13,374,24214
13,375,24238
13,376,24292
13,377,24320
13,378,24462
13,379,24476
13,380,24536
13,381,24676
13,382,24692
13,383,24699
13,384,24715
13,385,24746
13,386,24775
13,387,24853
13,388,24861
13,389,24937
13,390,24993
13,391,25069
13,392,25143
13,393,25185
13,394,25368
13,395,25563
13,396,25599
13,397,25733
13,398,25945
13,399,26058
13,400,26170
13,401,26230
13,402,26255
13,403,26261
13,404,26289
13,405,26464
13,406,26485
13,407,26594
13,408,26649
13,409,26672
13,410,26697
13,411,26743
13,412,26794
13,413,26806
13,414,27068
13,415,27154
13,416,27171
13,417,27191
13,418,27263
13,419,27275
13,420,27331
13,421,27333
13,422,27368
13,423,27449
13,424,27493
13,425,27572
13,426,27834
13,427,27881
13,428,27888
13,429,27893
13,430,27947
13,431,28003
13,432,28103
13,433,28158
13,434,28233
13,435,28307
13,436,28371
13,437,28375
13,438,28501
13,439,28539
13,440,28541
13,441,28593
13,442,28659
13,443,28704
13,444,28903
13,445,28923
13,446,28951
13,447,28973
13,448,29027
13,449,29283
13,450,29297
13,451,29319
13,452,29333
13,453,29336
13,454,29469
13,455,29494
13,456,29531
13,457,29544
13,458,29583
13,459,29814
13,460,29821
13,461,29827
13,462,30189
13,463,30345
13,464,30369
13,465,30398
13,466,30428
13,467,30472
13,468,30786
13,469,30892
13,470,30907
13,471,30986
13,472,31028
13,473,31190
13,474,31206
13,475,31288
13,476,31321
13,477,31335
13,478,31373
13,479,31392
13,480,31413
13,481,31423
13,482,31492
13,483,31497
13,484,31528
13,485,31540
13,486,31543
13,487,31581
13,488,31583
13,489,31643
13,490,31648
13,491,31669
13,492,31714
13,493,31738
13,494,31783
13,495,31929
13,496,31969
13,497,31999
13,498,32120
13,499,32165
13,500,32297
13,501,32359
13,502,32402
13,503,32560
13,504,32700
13,505,33093
13,506,33326
13,507,33387
13,508,33502
13,509,33521
13,510,33562
13,511,33596
13,512,33601
13,513,33613
13,514,33739
13,515,33801
13,516,33862
13,517,33890
13,518,33947
13,519,34156
13,520,34201
13,521,34261
13,522,34325
13,523,34326
13,524,34504
13,525,34582
13,526,34593
13,527,34641
13,528,34707
13,529,34794
13,530,34847
13,531,34870
13,532,34873
13,533,34913
13,534,34918
13,535,34970
13,536,34972
13,537,35067
13,538,35083
13,539,35113
13,540,35114
13,541,35164
13,542,35334
13,543,35421
13,544,35494
13,545,35519
13,546,35682
13,547,35760
13,548,35896
13,549,36048
13,550,36151
13,551,36317
13,552,36391
13,553,36445
13,554,36552
13,555,36648
13,556,36663
13,557,36704
13,558,36832
13,559,37048
13,560,37082
13,561,37146
13,562,37156
13,563,37163
13,564,37164
13,565,37191
13,566,37326
13,567,37343
13,568,37373
13,569,37496
13,570,37527
13,571,37861
13,572,37983
13,573,37985
13,574,38014
13,575,38104
13,576,38333
13,577,38348
13,578,38418
13,579,38456
13,580,38475
13,581,38494
13,582,38609
13,583,38731
13,584,38770
13,585,38796
13,586,38895
13,587,38908
13,588,38979
13,589,39000
13,590,39088
13,591,39152
13,592,39154
13,593,39183
13,594,39184
13,595,39210
13,596,39331
13,597,39371
13,598,39416
13,599,39431
13,600,39484
13,601,39497
13,602,39579
13,603,39618
13,604,39653
13,605,39769
13,606,40023
13,607,40166
13,608,40205
13,609,40343
13,610,40360
13,611,40404
13,612,40417
13,613,40465
13,614,40497
13,615,40654
13,616,40736
13,617,40756
13,618,40794
13,619,40803
13,620,40807
13,621,40858
13,622,40918
13,623,40969
13,624,41016
13,625,41097
13,626,41109
13,627,41114
13,628,41190
13,629,41254
13,630,41295
13,631,41364
13,632,41441
13,633,41456
13,634,41534
13,635,41579
13,636,41635
13,637,41716
13,638,41744
13,639,41777
13,640,41973
13,641,42035
13,642,42165
13,643,42233
13,644,42276
13,645,42342
13,646,42378
13,647,42484
13,648,42486
13,649,42528
13,650,42556
13,651,42666
13,652,42699
13,653,42985
13,654,43102
13,655,43109
13,656,43319
13,657,43331
13,658,43340
13,659,43457
13,660,43498
13,661,43564
13,662,43568
13,663,43585
13,664,43629
13,665,43689
13,666,43865
13,667,43992
13,668,43999
13,669,44019
13,670,44025
13,671,44129
13,672,44205
13,673,44217
13,674,44288
13,675,44396
13,676,44422
13,677,44535
13,678,44567
13,679,44658
13,680,44710
13,681,44751
13,682,44807
13,683,44808
13,684,44866
13,685,44874
13,686,44925
13,687,44997
13,688,45014
13,689,45047
13,690,45058
13,691,45137
13,692,45148
13,693,45156
13,694,45245
13,695,45356
13,696,45382
13,697,45385
13,698,45438
13,699,45439
13,700,45495
13,701,45545
13,702,45744
13,703,45840
13,704,45870
13,705,45877
13,706,45894
13,707,45930
13,708,45933
13,709,45936
13,710,45944
13,711,46035
13,712,46146
13,713,46222
13,714,46289
13,715,46390
13,716,46483
13,717,46539
13,718,46679
13,719,46786
13,720,46911
13,721,46935
13,722,46959
13,723,46968
13,724,47002
13,725,47191
13,726,47306
13,727,47350
13,728,47377
13,729,47462
13,730,47544
13,731,47606
13,732,47658
13,733,47689
13,734,47750
13,735,47984
13,736,48062
13,737,48169
13,738,48197
13,739,48409
13,740,48492
13,741,48606
13,742,48657
13,743,48888
13,744,48891
13,745,48927
13,746,48963
13,747,48970
13,748,48975
13,749,49014
13,750,49022
13,751,49035
13,752,49043
13,753,49091
13,754,49109
13,755,49158
13,756,49164
13,757,49192
13,758,49275
13,759,49337
13,760,49360
13,761,49402
13,762,49801
13,763,49919
13,764,49934
13,765,49938
13,766,49973
13,767,50007
13,768,50021
13,769,50067
13,770,50094
13,771,50103
13,772,50122
13,773,50168
13,774,50171
13,775,50289
13,776,50543
13,777,50600
13,778,50638
13,779,50696
13,780,50731
13,781,50770
13,782,50822
13,783,50839
13,784,51033
13,785,51050
13,786,51131
13,787,51152
13,788,51154
13,789,51165
13,790,51192
13,791,51240
13,792,51302
13,793,51308
13,794,51327
13,795,51332
13,796,51716
13,797,51742
13,798,51832
13,799,51918
13,800,52021
13,801,52046
13,802,52066
13,803,52073
13,804,52141
13,805,52158
13,806,52212
13,807,52221
13,808,52335
13,809,52345
13,810,52378
13,811,52456
13,812,52527
13,813,52551
13,814,52599
13,815,52801
13,816,52863
13,817,52917
13,818,52972
13,819,53013
13,820,53081
13,821,53095
13,822,53124
13,823,53182
13,824,53238
13,825,53266
13,826,53295
13,827,53313
13,828,53460
13,829,53506
13,830,53648
13,831,53654
13,832,53849
13,833,53937
13,834,54047
13,835,54281
13,836,54297
13,837,54307
13,838,54332
13,839,54444
13,840,54451
13,841,54457
13,842,54474
13,843,54660
13,844,54699
13,845,54787
13,846,54965
13,847,54998
13,848,55022
13,849,55041
13,850,55061
13,851,55160
13,852,55224
13,853,55310
13,854,55322
13,855,55354
13,856,55518
13,857,55600
13,858,55636
13,859,55698
13,860,55747
13,861,55938
13,862,56004
13,863,56094
13,864,56198
13,865,56278
13,866,56531
13,867,56588
13,868,56657
13,869,56660
13,870,56664
13,871,56671
13,872,56720
13,873,56754
13,874,56761
13,875,56867
13,876,56931
13,877,56998
13,878,57028
13,879,57045
13,880,57296
13,881,57300
13,882,57513
13,883,57533
13,884,57537
13,885,57549
13,886,57613
13,887,57693
13,888,57699
13,889,57700
13,890,57710
13,891,57712
13,892,57752
13,893,57792
13,894,57951
13,895,57980
13,896,58053
13,897,58077
13,898,58104
13,899,58124
13,900,58139
13,901,58143
13,902,58174
13,903,58207
13,904,58421
13,905,58563
13,906,58589
13,907,58650
13,908,58712
13,909,58789
13,910,58859
13,911,58951
13,912,59025
13,913,59137
13,914,59261
13,915,59343
13,916,59443
13,917,59450
13,918,59490
13,919,59495
13,920,59557
13,921,59604
13,922,59627
13,923,59720
13,924,59751
13,925,59776
13,926,59905
13,927,59938
13,928,59954
13,929,59966
13,930,60008
13,931,60012
13,932,60078
13,933,60138
13,934,60142
13,935,60163
13,936,60264
13,937,60361
13,938,60459
13,939,60521
13,940,60530
13,941,60570
13,942,60681
13,943,60716
13,944,60763
13,945,60817
13,946,60822
13,947,60843
13,948,60888
13,949,60899
13,950,60958
13,951,60972
13,952,61009
13,953,61038
13,954,61045
13,955,61114
13,956,61229
13,957,61299
13,958,61359
13,959,61370
13,960,61371
13,961,61381
13,962,61409
13,963,61733
13,964,61738
13,965,61766
13,966,61776
13,967,61782
13,968,61871
13,969,61898
13,970,61914
13,971,61956
13,972,61969
13,973,62069
13,974,62136
13,975,62143
13,976,62150
13,977,62170
13,978,62192
13,979,62269
13,980,62279
13,981,62297
13,982,62441
13,983,62482
13,984,62573
13,985,62750
13,986,62803
13,987,62874
13,988,62888
13,989,62961
13,990,62972
13,991,62992
13,992,63090
13,993,63149
13,994,63161
13,995,63435
13,996,63489
13,997,63493
13,998,63512
13,999,63576
13,1000,63601
13,1001,63686
13,1002,63725
13,1003,64014
13,1004,64037
13,1005,64087
13,1006,64126
13,1007,64290
13,1008,64332
13,1009,64412
13,1010,64416
13,1011,64484
13,1012,64558
13,1013,64600
13,1014,64615
13,1015,64750
13,1016,64972
13,1017,64984
13,1018,64992
13,1019,65077
13,1020,65215
13,1021,65228
13,1022,65252
13,1023,65378
14,0,50
14,1,158
14,2,163
14,3,192
14,4,233
14,5,323
14,6,498
14,7,499
14,8,502
14,9,582
14,10,761
14,11,787
14,12,908
14,13,992
14,14,1097
14,15,1098
14,16,1202
14,17,1316
14,18,1550
14,19,1609
14,20,1625
14,21,1697
14,22,1733
14,23,1752
14,24,1762
14,25,1848
14,26,1866
14,27,1917
14,28,1932
14,29,1953
14,30,1979
14,31,2141
14,32,2221
14,33,2225
14,34,2245
14,35,2253
14,36,2354
14,37,2365
14,38,2382
14,39,2398
14,40,2472
14,41,2555
14,42,2557
14,43,2629
14,44,2675
14,45,2691
14,46,2703
14,47,2723
14,48,2745
14,49,2748
14,50,2751
14,51,2916
14,52,2954
14,53,2958
14,54,3009
14,55,3019
14,56,3033
14,57,3046
14,58,3063
14,59,3073
14,60,3075
14,61,3132
14,62,3328
14,63,3414
14,64,3422
14,65,3660
14,66,3677
14,67,3854
14,68,3881
14,69,3893
14,70,3951
14,71,4022
14,72,4024
14,73,4029
14,74,4048
14,75,4156
14,76,4256
14,77,4352
14,78,4367
14,79,4375
14,80,4558
14,81,4608
14,82,4610
14,83,4651
14,84,4665
14,85,4719
14,86,4791
14,87,4876
14,88,4997
14,89,4998
14,90,5185
14,91,5285
14,92,5429
14,93,5480
14,94,5592
14,95,5637
14,96,5648
14,97,5730
14,98,5786
14,99,5812
14,100,5874
14,101,5882
14,102,5928
14,103,5931
14,104,5958
14,105,5985
14,106,5993
14,107,5998
14,108,6000
14,109,6002
14,110,6031
14,111,6068
14,112,6133
14,113,6155
14,114,6202
14,115,6231
14,116,6278
14,117,6311
14,118,6598
14,119,6644
14,120,6711
14,121,6810
14,122,6851
14,123,6931
14,124,6940
14,125,7093
14,126,7241
14,127,7249
14,128,7287
14,129,7383
14,130,7411
14,131,7421
14,132,7432
14,133,7526
14,134,7528
14,135,7576
14,136,7594
14,137,7603
14,138,7765
14,139,7804
14,140,7815
14,141,7840
14,142,7884
14,143,7957
14,144,7961
14,145,7974
14,146,8014
14,147,8047
14,148,8119
14,149,8137
14,150,8140
14,151,8177
14,152,8224
14,153,8227
14,154,8276
14,155,8336
14,156,8421
14,157,8463
14,158,8500
14,159,8841
14,160,8952
14,161,9000
14,162,9044
14,163,9169
14,164,9226
14,165,9302
14,166,9304
14,167,9309
14,168,9369
14,169,9519
14,170,9637
14,171,9703
14,172,9778
14,173,9810
14,174,9926
14,175,9950
14,176,10061
14,177,10088
14,178,10097
14,179,10103
14,180,10205
14,181,10254
14,182,10402
14,183,10403
14,184,10474
14,185,10756
14,186,10788
14,187,10794
14,188,10856
14,189,10991
14,190,11002
14,191,11083
14,192,11231
14,193,11258
14,194,11306
14,195,11307
14,196,11324
14,197,11338
14,198,11398
14,199,11447
14,200,11478
14,201,11575
14,202,11658
14,203,11769
14,204,12106
14,205,12119
14,206,12193
14,207,12279
14,208,12440
14,209,12555
14,210,12637
14,211,12644
14,212,12680
14,213,12833
14,214,12843
14,215,12886
14,216,13005
14,217,13129
14,218,13158
14,219,13196
14,220,13235
14,221,13319
14,222,13334
14,223,13362
14,224,13411
14,225,13537
14,226,13692
14,227,13736
14,228,13745
14,229,13765
14,230,13796
14,231,13955
14,232,13959
14,233,14154
14,234,14168
14,235,14198
14,236,14359
14,237,14374
14,238,14631
14,239,14685
14,240,14742
14,241,14786
14,242,14806
14,243,14814
14,244,14825
14,245,14907
14,246,14955
14,247,15036
14,248,15110
14,249,15291
14,250,15415
14,251,15490
14,252,15514
14,253,15598
14,254,15640
14,255,15783
14,256,15882
14,257,15901
14,258,15932
14,259,15935
14,260,15962
14,261,16142
14,262,16250
14,263,16270
14,264,16304
14,265,16341
14,266,16367
14,267,16465
14,268,16509
14,269,16523
14,270,16540
14,271,16644
14,272,16753
14,273,16755
14,274,16763
14,275,16841
14,276,17209
14,277,17211
14,278,17234
14,279,17260
14,280,17457
14,281,17499
14,282,17648
14,283,17682
14,284,17791
14,285,17837
14,286,17884
14,287,17934
14,288,18036
14,289,18154
14,290,18210
14,291,18230
14,292,18520
14,293,18558
14,294,18608
14,295,18807
14,296,18831
14,297,18905
14,298,18975
14,299,19015
14,300,19331
14,301,19450
14,302,19487
14,303,19565
14,304,19566
14,305,19583
14,306,19679
14,307,19685
14,308,19697
14,309,19770
14,310,19830
14,311,20089
14,312,20091
14,313,20258
14,314,20410
14,315,20412
14,316,20485
14,317,20817
14,318,20834
14,319,20934
14,320,20969
14,321,20975
14,322,21015
14,323,21051
14,324,21121
14,325,21195
14,326,21300
14,327,21323
14,328,21347
14,329,21728
14,330,21760
14,331,21789
14,332,21825
14,333,21840
14,334,21854
14,335,21907
14,336,21920
14,337,21942
14,338,22050
14,339,22054
14,340,22091
14,341,22165
14,342,22209
14,343,22313
14,344,22337
14,345,22352
14,346,22472
14,347,22530
14,348,22569
14,349,22681
14,350,22724
14,351,22735
14,352,22739
14,353,22819
14,354,22900
14,355,23072
14,356,23177
14,357,23185
14,358,23226
14,359,23293
14,360,23319
14,361,23343
14,362,23379
14,363,23434
14,364,23528
14,365,23556
14,366,23661
14,367,23720
14,368,23731
14,369,23732
14,370,23788
14,371,23915
14,372,23979
14,373,23991
14,374,24011
14,375,24016
14,376,24078
14,377,24114
14,378,24117
14,379,24187
14,380,24226
14,381,24282
14,382,24287
14,383,24362
14,384,24458
14,385,24518
14,386,24531
14,387,24551
14,388,24684
14,389,24696
14,390,24888
14,391,25014
14,392,25046
14,393,25199
14,394,25206
14,395,25244
14,396,25248
14,397,25262
14,398,25291
14,399,25367
14,400,25424
14,401,25443
14,402,25490
14,403,25590
14,404,25725
14,405,25793
14,406,25857
14,407,25935
14,408,25985
14,409,26119
14,410,26128
14,411,26295
14,412,26341
14,413,26360
14,414,26414
14,415,26474
14,416,26526
14,417,26554
14,418,26574
14,419,26624
14,420,26627
14,421,26649
14,422,26680
14,423,26758
14,424,26836
14,425,26878
14,426,26934
14,427,26950
14,428,26969
14,429,26982
14,430,27029
14,431,27064
14,432,27173
14,433,27412
14,434,27413
14,435,27572
14,436,27615
14,437,27903
14,438,28000
14,439,28116
14,440,28172
14,441,28283
14,442,28461
14,443,28469
14,444,28500
14,445,28517
14,446,28682
14,447,28715
14,448,28730
14,449,28811
14,450,28825
14,451,28843
14,452,29001
14,453,29039
14,454,29043
14,455,29320
14,456,29330
14,457,29392
14,458,29436
14,459,29506
14,460,29536
14,461,29567
14,462,29624
14,463,29694
14,464,29772
14,465,29804
14,466,29974
14,467,30025
14,468,30060
14,469,30090
14,470,30102
14,471,30121
14,472,30155
14,473,30250
14,474,30259
14,475,30269
14,476,30316
14,477,30375
14,478,30376
14,479,30461
14,480,30474
14,481,30518
14,482,30629
14,483,30665
14,484,30699
14,485,30852
14,486,30900
14,487,30940
14,488,30951
14,489,30955
14,490,30973
14,491,31073
14,492,31077
14,493,31118
14,494,31200
14,495,31235
14,496,31273
14,497,31290
14,498,31315
14,499,31406
14,500,31408
14,501,31480
14,502,31482
14,503,31564
14,504,31618
14,505,31668
14,506,31706
14,507,31773
14,508,31799
14,509,31809
14,510,31873
14,511,31938
14,512,31955
14,513,31995
14,514,32005
14,515,32072
14,516,32136
14,517,32145
14,518,32445
14,519,32461
14,520,32494
14,521,32560
14,522,32579
14,523,32583
14,524,32587
14,525,32746
14,526,32776
14,527,32822
14,528,32843
14,529,32910
14,530,33073
14,531,33239
14,532,33439
14,533,33595
14,534,33629
14,535,33644
14,536,33723
14,537,33745
14,538,33769
14,539,33830
14,540,33861
14,541,33863
14,542,34088
14,543,34116
14,544,34199
14,545,34220
14,546,34232
14,547,34344
14,548,34374
14,549,34377
14,550,34397
14,551,34615
14,552,34621
14,553,34728
14,554,34732
14,555,34753
14,556,34761
14,557,34793
14,558,34866
14,559,35000
14,560,35004
14,561,35184
14,562,35305
14,563,35343
14,564,35349
14,565,35376
14,566,35399
14,567,35573
14,568,35658
14,569,35759
14,570,35818
14,571,35930
14,572,35974
14,573,36189
14,574,36222
14,575,36268
14,576,36385
14,577,36397
14,578,36402
14,579,36453
14,580,36531
14,581,36532
14,582,36546
14,583,36751
14,584,36833
14,585,36958
14,586,36975
14,587,37197
14,588,37248
14,589,37435
14,590,37436
14,591,37504
14,592,37628
14,593,37778
14,594,37790
14,595,37823
14,596,37835
14,597,37851
14,598,37887
14,599,37896
14,600,37922
14,601,38044
14,602,38051
14,603,38127
14,604,38128
14,605,38146
14,606,38168
14,607,38291
14,608,38305
14,609,38326
14,610,38621
14,611,38625
14,612,38693
14,613,38748
14,614,38804
14,615,39106
14,616,39126
14,617,39141
14,618,39179
14,619,39362
14,620,39369
14,621,39433
14,622,39450
14,623,39475
14,624,39498
14,625,39525
14,626,39571
14,627,39690
14,628,39739
14,629,39795
14,630,39876
14,631,39982
14,632,39995
14,633,40065
14,634,40085
14,635,40093
14,636,40145
14,637,40360
14,638,40375
14,639,40378
14,640,40408
14,641,40431
14,642,40557
14,643,40577
14,644,40701
14,645,40720
14,646,40783
14,647,40834
14,648,40959
14,649,41060
14,650,41082
14,651,41100
14,652,41207
14,653,41231
14,654,41282
14,655,41357
14,656,41489
14,657,41510
14,658,41547
14,659,41626
14,660,41828
14,661,41853
14,662,41860
14,663,41900
14,664,42007
14,665,42265
14,666,42350
14,667,42354
14,668,42413
14,669,42526
14,670,42558
14,671,42644
14,672,42847
14,673,42864
14,674,42948
14,675,43025
14,676,43064
14,677,43125
14,678,43186
14,679,43204
14,680,43230
14,681,43354
14,682,43395
14,683,43397
14,684,43446
14,685,43522
14,686,43704
14,687,43716
14,688,43950
14,689,44067
14,690,44121
14,691,44187
14,692,44253
14,693,44312
14,694,44333
14,695,44375
14,696,44395
14,697,44487
14,698,44643
14,699,44672
14,700,44673
14,701,44702
14,702,44739
14,703,44780
14,704,44781
14,705,44919
14,706,44923
14,707,44974
14,708,44993
14,709,45103
14,710,45160
14,711,45163
14,712,45195
14,713,45368
14,714,45480
14,715,45566
14,716,45569
14,717,45583
14,718,45620
14,719,45719
14,720,45737
14,721,45744
14,722,45931
14,723,45944
14,724,45958
14,725,45960
14,726,46079
14,727,46181
14,728,46255
14,729,46276
14,730,46285
14,731,46306
14,732,46312
14,733,46380
14,734,46386
14,735,46391
14,736,46479
14,737,46680
14,738,46719
14,739,46799
14,740,46942
14,741,47154
14,742,47340
14,743,47437
14,744,47457
14,745,47637
14,746,47654
14,747,47660
14,748,47746
14,749,47880
14,750,47932
14,751,47940
14,752,47943
14,753,47996
14,754,48061
14,755,48085
14,756,48140
14,757,48181
14,758,48215
14,759,48248
14,760,48253
14,761,48319
14,762,48342
14,763,48350
14,764,48401
14,765,48441
14,766,48519
14,767,48524
14,768,48604
14,769,48631
14,770,48651
14,771,48655
14,772,48661
14,773,48753
14,774,48791
14,775,48814
14,776,48950
14,777,49017
14,778,49041
14,779,49045
14,780,49059
14,781,49174
14,782,49225
14,783,49288
14,784,49295
14,785,49465
14,786,49495
14,787,49500
14,788,49565
14,789,49582
14,790,49585
14,791,49659
14,792,49782
14,793,49799
14,794,49956
14,795,50217
14,796,50267
14,797,50282
14,798,50341
14,799,50463
14,800,50875
14,801,50908
14,802,50955
14,803,50981
14,804,51071
14,805,51073
14,806,51099
14,807,51157
14,808,51343
14,809,51428
14,810,51497
14,811,51799
14,812,51810
14,813,51843
14,814,52075
14,815,52094
14,816,52096
14,817,52161
14,818,52176
14,819,52215
14,820,52261
14,821,52301
14,822,52367
14,823,52405
14,824,52545
14,825,52567
14,826,52840
14,827,52841
14,828,53088
14,829,53351
14,830,53415
14,831,53500
14,832,53506
14,833,53689
14,834,53699
14,835,53709
14,836,53871
14,837,53882
14,838,53916
14,839,54011
14,840,54081
14,841,54120
14,842,54163
14,843,54309
14,844,54317
14,845,54390
14,846,54412
14,847,54430
14,848,54503
14,849,54519
14,850,54565
14,851,54697
14,852,54792
14,853,54982
14,854,55004
14,855,55034
14,856,55056
14,857,55113
14,858,55121
14,859,55260
14,860,55272
14,861,55340
14,862,55412
14,863,55570
14,864,55699
14,865,55715
14,866,55805
14,867,55946
14,868,55951
14,869,56072
14,870,56109
14,871,56112
14,872,56113
14,873,56314
14,874,56477
14,875,56539
14,876,56554
14,877,56655
14,878,56713
14,879,56736
14,880,56826
14,881,56880
14,882,56953
14,883,56976
14,884,56989
14,885,57101
14,886,57136
14,887,57145
14,888,57253
14,889,57263
14,890,57293
14,891,57348
14,892,57582
14,893,57725
14,894,57746
14,895,57839
14,896,57880
14,897,58008
14,898,58038
14,899,58084
14,900,58087
14,901,58131
14,902,58205
14,903,58276
14,904,58369
14,905,58433
14,906,58544
14,907,58545
14,908,58666
14,909,58717
14,910,58941
14,911,58999
14,912,59029
14,913,59037
14,914,59046
14,915,59070
14,916,59086
14,917,59114
14,918,59169
14,919,59214
14,920,59271
14,921,59347
14,922,59463
14,923,59568
14,924,59680
14,925,59687
14,926,59775
14,927,59855
14,928,60001
14,929,60047
14,930,60091
14,931,60106
14,932,60149
14,933,60382
14,934,60387
14,935,60474
14,936,60567
14,937,60620
14,938,60695
14,939,60743
14,940,60750
14,941,60773
14,942,60847
14,943,60857
14,944,60860
14,945,60884
14,946,60932
14,947,61001
14,948,61027
14,949,61066
14,950,61165
14,951,61231
14,952,61233
14,953,61314
14,954,61362
14,955,61379
14,956,61383
14,957,61392
14,958,61424
14,959,61494
14,960,61525
14,961,61559
14,962,61654
14,963,61724
14,964,61739
14,965,61837
14,966,61853
14,967,61921
14,968,61937
14,969,61975
14,970,62048
14,971,62107
14,972,62159
14,973,62223
14,974,62317
14,975,62472
14,976,62762
14,977,62803
14,978,62809
14,979,63022
14,980,63030
14,981,63095
14,982,63097
14,983,63142
14,984,63223
14,985,63503
14,986,63529
14,987,63554
14,988,63556
14,989,63585
14,990,63622
14,991,63750
14,992,63798
14,993,63854
14,994,63911
14,995,64064
14,996,64155
14,997,64187
14,998,64250
14,999,64410
14,1000,64439
14,1001,64493
14,1002,64573
14,1003,64595
14,1004,64638
14,1005,64685
14,1006,64750
14,1007,64803
14,1008,64825
14,1009,64869
14,1010,64931
14,1011,64959
14,1012,64976
14,1013,65049
14,1014,65135
14,1015,65211
14,1016,65219
14,1017,65285
14,1018,65332
14,1019,65336
14,1020,65404
14,1021,65446
14,1022,65462
14,1023,65516
15,0,208
15,1,306
15,2,330
15,3,450
15,4,563
15,5,578
15,6,583
15,7,611
15,8,708
15,9,759
15,10,790
15,11,843
15,12,862
15,13,1051
15,14,1125
15,15,1141
15,16,1211
15,17,1256
15,18,1275
15,19,1322
15,20,1340
15,21,1350
15,22,1375
15,23,1391
15,24,1423
15,25,1461
15,26,1484
15,27,1539
15,28,1542
15,29,1553
15,30,1554
15,31,1670
15,32,1719
15,33,1739
15,34,1749
15,35,1798
15,36,1814
15,37,1833
15,38,1864
15,39,1940
15,40,2095
15,41,2131
15,42,2239
15,43,2275
15,44,2323
15,45,2343
15,46,2510
15,47,2526
15,48,2533
15,49,2608
15,50,2655
15,51,2697
15,52,2704
15,53,2802
15,54,2812
15,55,2839
15,56,2889
15,57,2929
15,58,3055
15,59,3128
15,60,3142
15,61,3188
15,62,3190
15,63,3201
15,64,3227
15,65,3269
15,66,3308
15,67,3485
15,68,3492
15,69,3530
15,70,3594
15,71,3600
15,72,3640
15,73,3647
15,74,3696
15,75,3711
15,76,3731
15,77,3850
15,78,3873
15,79,3929
15,80,4009
15,81,4031
15,82,4035
15,83,4129
15,84,4157
15,85,4228
15,86,4274
15,87,4336
15,88,4385
15,89,4432
15,90,4509
15,91,4519
15,92,4540
15,93,4550
15,94,4552
15,95,4647
15,96,4670
15,97,4715
15,98,4730
15,99,4733
15,100,4793
15,101,4909
15,102,4971
15,103,5005
15,104,5032
15,105,5087
15,106,5099
15,107,5112
15,108,5115
15,109,5191
15,110,5281
15,111,5546
15,112,5559
15,113,5827
15,114,5862
15,115,5885
15,116,5896
15,117,5907
15,118,5919
15,119,6008
15,120,6071
15,121,6104
15,122,6185
15,123,6209
15,124,6282
15,125,6313
15,126,6330
15,127,6331
15,128,6394
15,129,6415
15,130,6517
15,131,6581
15,132,6631
15,133,6672
15,134,6709
15,135,6793
15,136,6951
15,137,6974
15,138,6996
15,139,7031
15,140,7038
15,141,7070
15,142,7094
15,143,7110
15,144,7121
15,145,7293
15,146,7419
15,147,7507
15,148,7631
15,149,7732
15,150,7803
15,151,7943
15,152,7995
15,153,8008
15,154,8240
15,155,8261
15,156,8292
15,157,8371
15,158,8409
15,159,8517
15,160,8536
15,161,8545
15,162,8601
15,163,8610
15,164,8705
15,165,8845
15,166,8864
15,167,8875
15,168,8978
15,169,8985
15,170,9050
15,171,9182
15,172,9187
15,173,9273
15,174,9333
15,175,9344
15,176,9547
15,177,9571
15,178,9778
15,179,9881
15,180,9892
15,181,9925
15,182,9990
15,183,10013
15,184,10113
15,185,10189
15,186,10233
15,187,10264
15,188,10365
15,189,10510
15,190,10607
15,191,10685
15,192,10866
15,193,10879
15,194,11128
15,195,11284
15,196,11327
15,197,11481
15,198,11709
15,199,11757
15,200,11845
15,201,11854
15,202,11855
15,203,11883
15,204,11894
15,205,12003
15,206,12025
15,207,12027
15,208,12067
15,209,12154
15,210,12175
15,211,12180
15,212,12215
15,213,12218
15,214,12231
15,215,12334
15,216,12442
15,217,12576
15,218,12589
15,219,12700
15,220,12884
15,221,12982
15,222,12988
15,223,13047
15,224,13099
15,225,13101
15,226,13126
15,227,13563
15,228,13623
15,229,13650
15,230,13655
15,231,13743
15,232,13761
15,233,13768
15,234,13881
15,235,13904
15,236,13926
15,237,14007
15,238,14042
15,239,14095
15,240,14201
15,241,14220
15,242,14232
15,243,14289
15,244,14338
15,245,14507
15,246,14528
15,247,14562
15,248,14734
15,249,14774
15,250,14814
15,251,14984
15,252,15044
15,253,15187
15,254,15206
15,255,15210
15,256,15340
15,257,15348
15,258,15445
15,259,15471
15,260,15487
15,261,15708
15,262,15766
15,263,15793
15,264,15993
15,265,16184
15,266,16199
15,267,16258
15,268,16333
15,269,16381
15,270,16423
15,271,16440
15,272,16544
15,273,16554
15,274,16591
15,275,16595
15,276,16702
15,277,16785
15,278,16835
15,279,16888
15,280,16894
15,281,16980
15,282,17107
15,283,17222
15,284,17275
15,285,17465
15,286,17489
15,287,17508
15,288,17526
15,289,17691
15,290,17929
15,291,18003
15,292,18099
15,293,18103
15,294,18172
15,295,18180
15,296,18199
15,297,18226
15,298,18227
15,299,18352
15,300,18396
15,301,18425
15,302,18541
15,303,18602
15,304,18653
15,305,18659
15,306,18799
15,307,18815
15,308,18833
15,309,18998
15,310,19056
15,311,19203
15,312,19319
15,313,19518
15,314,19542
15,315,19669
15,316,19687
15,317,19747
15,318,19798
15,319,19806
15,320,19852
15,321,19863
15,322,19885
15,323,20034
15,324,20079
15,325,20135
15,326,20170
15,327,20239
15,328,20344
15,329,20367
15,330,20368
15,331,20382
15,332,20489
15,333,20504
15,334,20554
15,335,20563
15,336,20696
15,337,20713
15,338,20810
15,339,20881
15,340,20907
15,341,21002
15,342,21026
15,343,21171
15,344,21297
15,345,21458
15,346,21559
15,347,21568
15,348,21830
15,349,21864
15,350,22021
15,351,22198
15,352,22204
15,353,22289
15,354,22323
15,355,22369
15,356,22505
15,357,22543
15,358,22561
15,359,22964
15,360,23021
15,361,23073
15,362,23086
15,363,23101
15,364,23149
15,365,23352
15,366,23357
15,367,23358
15,368,23474
15,369,23558
15,370,23612
15,371,23643
15,372,23728
15,373,23741
15,374,23760
15,375,23776
15,376,23808
15,377,23853
15,378,24126
15,379,24155
15,380,24170
15,381,24213
15,382,24232
15,383,24249
15,384,24336
15,385,24573
15,386,24652
15,387,24777
15,388,24823
15,389,24906
15,390,25006
15,391,25163
15,392,25311
15,393,25393
15,394,25410
15,395,25643
15,396,25685
15,397,25760
15,398,25970
15,399,26072
15,400,26094
15,401,26119
15,402,26197
15,403,26203
15,404,26261
15,405,26276
15,406,26285
15,407,26353
15,408,26360
15,409,26369
15,410,26547
15,411,26585
15,412,26624
15,413,26647
15,414,26706
15,415,26739
15,416,26799
15,417,27189
15,418,27323
15,419,27394
15,420,27433
15,421,27580
15,422,27641
15,423,27668
15,424,27670
15,425,27683
15,426,27702
15,427,27815
15,428,27816
15,429,27845
15,430,27882
15,431,27883
15,432,28044
15,433,28057
15,434,28087
15,435,28167
15,436,28229
15,437,28236
15,438,28259
15,439,28262
15,440,28302
15,441,28360
15,442,28416
15,443,28513
15,444,28641
15,445,28929
15,446,28939
15,447,28952
15,448,28974
15,449,28990
15,450,29117
15,451,29123
15,452,29209
15,453,29234
15,454,29252
15,455,29264
15,456,29319
15,457,29501
15,458,29553
15,459,29562
15,460,29579
15,461,29651
15,462,29660
15,463,29667
15,464,29743
15,465,29832
15,466,30006
15,467,30166
15,468,30253
15,469,30259
15,470,30557
15,471,30614
15,472,30677
15,473,30703
15,474,30743
15,475,30781
15,476,30840
15,477,30887
15,478,30954
15,479,30969
15,480,31036
15,481,31123
15,482,31166
15,483,31244
15,484,31295
15,485,31392
15,486,31611
15,487,31656
15,488,31737
15,489,31782
15,490,31841
15,491,31850
15,492,31853
15,493,31875
15,494,31881
15,495,31894
15,496,31962
15,497,32219
15,498,32267
15,499,32309
15,500,32325
15,501,32376
15,502,32534
15,503,32538
15,504,32619
15,505,32635
15,506,32759
15,507,32782
15,508,32872
15,509,32985
15,510,33032
15,511,33033
15,512,33034
15,513,33050
15,514,33077
15,515,33102
15,516,33104
15,517,33122
15,518,33157
15,519,33174
15,520,33194
15,521,33275
15,522,33434
15,523,33458
15,524,33466
15,525,33477
15,526,33492
15,527,33614
15,528,33715
15,529,33863
15,530,33891
15,531,33975
15,532,34043
15,533,34096
15,534,34102
15,535,34171
15,536,34178
15,537,34351
15,538,34366
15,539,34413
15,540,34455
15,541,34513
15,542,34577
15,543,34623
15,544,34658
15,545,34688
15,546,34727
15,547,34936
15,548,34961
15,549,35082
15,550,35209
15,551,35273
15,552,35300
15,553,35315
15,554,35316
15,555,35490
15,556,35575
15,557,35635
15,558,35667
15,559,35678
15,560,35983
15,561,36060
15,562,36218
15,563,36242
15,564,36307
15,565,36326
15,566,36427
15,567,36432
15,568,36530
15,569,36540
15,570,36614
15,571,36622
15,572,36653
15,573,36783
15,574,36831
15,575,36836
15,576,36979
15,577,37079
15,578,37282
15,579,37285
15,580,37292
15,581,37440
15,582,37526
15,583,37538
15,584,37569
15,585,37597
15,586,37615
15,587,37655
15,588,37669
15,589,37700
15,590,37794
15,591,37820
15,592,38011
15,593,38067
15,594,38148
15,595,38501
15,596,38556
15,597,38603
15,598,38656
15,599,38747
15,600,38914
15,601,38932
15,602,38948
15,603,38955
15,604,38961
15,605,39007
15,606,39063
15,607,39147
15,608,39186
15,609,39233
15,610,39265
15,611,39307
15,612,39508
15,613,39603
15,614,39607
15,615,39609
15,616,39644
15,617,39802
15,618,39872
15,619,39928
15,620,39971
15,621,39972
15,622,39984
15,623,40023
15,624,40053
15,625,40074
15,626,40081
15,627,40088
15,628,40092
15,629,40103
15,630,40121
15,631,40151
15,632,40225
15,633,40248
15,634,40287
15,635,40309
15,636,40354
15,637,40434
15,638,40581
15,639,40598
15,640,40699
15,641,40706
15,642,41120
15,643,41217
15,644,41316
15,645,41646
15,646,41673
15,647,41770
15,648,42030
15,649,42037
15,650,42121
15,651,42276
15,652,42288
15,653,42323
15,654,42550
15,655,42558
15,656,42593
15,657,42733
15,658,42744
15,659,42894
15,660,42915
15,661,42992
15,662,43005
15,663,43033
15,664,43035
15,665,43114
15,666,43213
15,667,43229
15,668,43335
15,669,43358
15,670,43369
15,671,43502
15,672,43512
15,673,43543
15,674,43571
15,675,43614
15,676,43678
15,677,43932
15,678,43943
15,679,43955
15,680,43963
15,681,44043
15,682,44114
15,683,44168
15,684,44184
15,685,44258
15,686,44303
15,687,44529
15,688,44537
15,689,44781
15,690,44786
15,691,44909
15,692,44994
15,693,45073
15,694,45204
15,695,45399
15,696,45415
15,697,45474
15,698,45573
15,699,45575
15,700,45690
15,701,45853
15,702,45867
15,703,45892
15,704,45998
15,705,46022
15,706,46053
15,707,46092
15,708,46111
15,709,46292
15,710,46299
15,711,46368
15,712,46372
15,713,46436
15,714,46452
15,715,46470
15,716,46627
15,717,46649
15,718,46694
15,719,46814
15,720,46846
15,721,46880
15,722,46895
15,723,46933
15,724,46970
15,725,47029
15,726,47170
15,727,47181
15,728,47215
15,729,47247
15,730,47251
15,731,47400
15,732,47430
15,733,47457
15,734,47520
15,735,47550
15,736,47590
15,737,47599
15,738,47610
15,739,47641
15,740,47965
15,741,48037
15,742,48117
15,743,48384
15,744,48504
15,745,48509
15,746,48582
15,747,48597
15,748,48642
15,749,48676
15,750,48736
15,751,48871
15,752,48916
15,753,48941
15,754,49051
15,755,49078
15,756,49098
15,757,49195
15,758,49228
15,759,49238
15,760,49393
15,761,49433
15,762,49543
15,763,49545
15,764,49575
15,765,49634
15,766,49661
15,767,49668
15,768,49737
15,769,49780
15,770,49796
15,771,49857
15,772,49914
15,773,49918
15,774,49959
15,775,49963
15,776,50092
15,777,50491
15,778,50545
15,779,50674
15,780,50683
15,781,50738
15,782,50840
15,783,50857
15,784,50956
15,785,51045
15,786,51110
15,787,51173
15,788,51186
15,789,51200
15,790,51248
15,791,51348
15,792,51488
15,793,51540
15,794,51588
15,795,51634
15,796,51778
15,797,51856
15,798,51857
15,799,51951
15,800,52059
15,801,52103
15,802,52164
15,803,52173
15,804,52179
15,805,52208
15,806,52293
15,807,52382
15,808,52449
15,809,52570
15,810,52571
15,811,52598
15,812,52642
15,813,52729
15,814,52996
15,815,53002
15,816,53075
15,817,53149
15,818,53195
15,819,53244
15,820,53294
15,821,53349
15,822,53373
15,823,53397
15,824,53414
15,825,53480
15,826,53564
15,827,53743
15,828,53894
15,829,54020
15,830,54081
15,831,54132
15,832,54159
15,833,54171
15,834,54247
15,835,54260
15,836,54297
15,837,54317
15,838,54404
15,839,54445
15,840,54487
15,841,54511
15,842,54653
15,843,54710
15,844,54745
15,845,54759
15,846,54761
15,847,54776
15,848,54785
15,849,54808
15,850,54810
15,851,54852
15,852,54903
15,853,54904
15,854,55016
15,855,55035
15,856,55049
15,857,55135
15,858,55197
15,859,55257
15,860,55352
15,861,55353
15,862,55368
15,863,55383
15,864,55390
15,865,55476
15,866,55534
15,867,55564
15,868,55616
15,869,55719
15,870,55745
15,871,55858
15,872,55905
15,873,55940
15,874,55956
15,875,56005
15,876,56010
15,877,56170
15,878,56239
15,879,56297
15,880,56300
15,881,56322
15,882,56355
15,883,56367
15,884,56665
15,885,56694
15,886,56763
15,887,56807
15,888,56897
15,889,56898
15,890,56932
15,891,56968
15,892,56990
15,893,57107
15,894,57243
15,895,57326
15,896,57360
15,897,57405
15,898,57506
15,899,57515
15,900,57600
15,901,57696
15,902,57723
15,903,57729
15,904,57733
15,905,57876
15,906,57882
15,907,57887
15,908,57973
15,909,58048
15,910,58063
15,911,58181
15,912,58206
15,913,58229
15,914,58274
15,915,58379
15,916,58489
15,917,58505
15,918,58827
15,919,58851
15,920,58861
15,921,58915
15,922,59069
15,923,59077
15,924,59125
15,925,59297
15,926,59353
15,927,59485
15,928,59517
15,929,59568
15,930,59572
15,931,59605
15,932,59875
15,933,59936
15,934,59964
15,935,59973
15,936,60122
15,937,60156
15,938,60160
15,939,60217
15,940,60242
15,941,60275
15,942,60306
15,943,60321
15,944,60428
15,945,60623
15,946,60816
15,947,60861
15,948,61080
15,949,61155
15,950,61201
15,951,61206
15,952,61222
15,953,61228
15,954,61322
15,955,61369
15,956,61399
15,957,61441
15,958,61444
15,959,61451
15,960,61550
15,961,61788
15,962,61801
15,963,61803
15,964,61821
15,965,61888
15,966,61996
15,967,62024
15,968,62099
15,969,62120
15,970,62136
15,971,62157
15,972,62179
15,973,62316
15,974,62323
15,975,62425
15,976,62459
15,977,62671
15,978,62683
15,979,62819
15,980,62958
15,981,62961
15,982,62989
15,983,63099
15,984,63116
15,985,63268
15,986,63326
15,987,63348
15,988,63370
15,989,63409
15,990,63415
15,991,63481
15,992,63619
15,993,63772
15,994,63837
15,995,63980
15,996,64043
15,997,64066
15,998,64067
15,999,64152
15,1000,64171
15,1001,64181
15,1002,64218
15,1003,64483
15,1004,64485
15,1005,64543
15,1006,64668
15,1007,64669
15,1008,64852
15,1009,64923
15,1010,64930
15,1011,64938
15,1012,65004
15,1013,65067
15,1014,65192
15,1015,65198
15,1016,65227
15,1017,65242
15,1018,65246
15,1019,65275
15,1020,65336
15,1021,65360
15,1022,65373
15,1023,65502
16,0,60
16,1,131
16,2,250
16,3,258
16,4,442
16,5,480
16,6,499
16,7,589
16,8,593
16,9,683
16,10,684
16,11,711
16,12,749
16,13,888
16,14,893
16,15,985
16,16,1044
16,17,1186
16,18,1243
16,19,1277
16,20,1374
16,21,1386
16,22,1390
16,23,1461
16,24,1747
16,25,1844
16,26,1930
16,27,1944
16,28,1946
16,29,1966
16,30,1976
16,31,2004
16,32,2020
16,33,2033
16,34,2037
16,35,2087
16,36,2147
16,37,2305
16,38,2329
16,39,2335
16,40,2351
16,41,2404
16,42,2499
16,43,2589
16,44,2633
16,45,2692
16,46,2704
16,47,2761
16,48,2774
16,49,2828
16,50,3088
16,51,3099
16,52,3123
16,53,3248
16,54,3280
16,55,3347
16,56,3466
16,57,3496
16,58,3505
16,59,3533
16,60,3568
16,61,3595
16,62,3630
16,63,3655
16,64,3735
16,65,3789
16,66,3905
16,67,3960
16,68,4017
16,69,4068
16,70,4197
16,71,4227
16,72,4249
16,73,4353
16,74,4528
16,75,4642
16,76,4747
16,77,4844
16,78,4921
16,79,4970
16,80,4974
16,81,4987
16,82,5208
16,83,5280
16,84,5600
16,85,5644
16,86,5666
16,87,5724
16,88,5808
16,89,5833
16,90,5856
16,91,5920
16,92,5978
16,93,6028
16,94,6057
16,95,6086
16,96,6124
16,97,6264
16,98,6276
16,99,6281
16,100,6312
16,101,6351
16,102,6418
16,103,6439
16,104,6452
16,105,6534
16,106,6585
16,107,6712
16,108,6723
16,109,6764
16,110,6782
16,111,6806
16,112,6810
16,113,6901
16,114,6967
16,115,6974
16,116,6990
16,117,7044
16,118,7090
16,119,7120
16,120,7163
16,121,7185
16,122,7296
16,123,7311
16,124,7445
16,125,7527
16,126,7589
16,127,7620
16,128,7701
16,129,7755
16,130,7800
16,131,7827
16,132,7890
16,133,8075
16,134,8083
16,135,8124
16,136,8127
16,137,8337
16,138,8432
16,139,8560
16,140,8654
16,141,8707
16,142,8889
16,143,8901
16,144,9066
16,145,9151
16,146,9162
16,147,9191
16,148,9222
16,149,9270
16,150,9296
16,151,9381
16,152,9485
16,153,9490
16,154,9550
16,155,9757
16,156,9764
16,157,9815
16,158,9887
16,159,10005
16,160,10041
16,161,10161
16,162,10407
16,163,10441
16,164,10624
16,165,10632
16,166,10747
16,167,10759
16,168,10813
16,169,10897
16,170,11043
16,171,11055
16,172,11131
16,173,11157
16,174,11282
16,175,11449
16,176,11482
16,177,11505
16,178,11677
16,179,11683
16,180,11818
16,181,11917
16,182,12001
16,183,12010
16,184,12139
16,185,12187
16,186,12196
16,187,12271
16,188,12328
16,189,12331
16,190,12360
16,191,12385
16,192,12393
16,193,12416
16,194,12489
16,195,12522
16,196,12601
16,197,12625
16,198,12662
16,199,12676
16,200,12790
16,201,12839
16,202,12893
16,203,12957
16,204,12974
16,205,13121
16,206,13223
16,207,13290
16,208,13386
16,209,13480
16,210,13628
16,211,13887
16,212,13911
16,213,14094
16,214,14165
16,215,14214
16,216,14301
16,217,14344
16,218,14359
16,219,14570
16,220,14610
16,221,14648
16,222,14696
16,223,14703
16,224,14840
16,225,14909
16,226,15005
16,227,15157
16,228,15169
16,229,15178
16,230,15224
16,231,15250
16,232,15256
16,233,15275
16,234,15387
16,235,15483
16,236,15604
16,237,15666
16,238,15847
16,239,15903
16,240,15938
16,241,15961
16,242,16095
16,243,16110
16,244,16155
16,245,16175
16,246,16192
16,247,16215
16,248,16219
16,249,16220
16,250,16222
16,251,16277
16,252,16369
16,253,16392
16,254,16456
16,255,16481
16,256,16548
16,257,16561
16,258,16572
16,259,16594
16,260,16642
16,261,16967
16,262,16971
16,263,17053
16,264,17142
16,265,17157
16,266,17158
16,267,17194
16,268,17199
16,269,17241
16,270,17297
16,271,17361
16,272,17434
16,273,17467
16,274,17506
16,275,17688
16,276,17790
16,277,17848
16,278,17900
16,279,17960
16,280,18002
16,281,18076
16,282,18187
16,283,18426
16,284,18538
16,285,18554
16,286,18579
16,287,18629
16,288,18650
16,289,18665
16,290,18698
16,291,18737
16,292,18756
16,293,18758
16,294,18786
16,295,18913
16,296,18957
16,297,18984
16,298,18985
16,299,19013
16,300,19020
16,301,19022
16,302,19094
16,303,19112
16,304,19134
16,305,19136
16,306,19366
16,307,19397
16,308,19448
16,309,19470
16,310,19478
16,311,19487
16,312,19562
16,313,19591
16,314,19605
16,315,19662
16,316,19749
16,317,19893
16,318,19926
16,319,19947
16,320,20050
16,321,20055
16,322,20085
16,323,20094
16,324,20180
16,325,20246
16,326,20313
16,327,20318
16,328,20529
16,329,20532
16,330,20547
16,331,20572
16,332,20693
16,333,20816
16,334,20861
16,335,20959
16,336,20975
16,337,21049
16,338,21077
16,339,21180
16,340,21410
16,341,21454
16,342,21714
16,343,21733
16,344,21761
16,345,21846
16,346,21973
16,347,21979
16,348,22185
16,349,22271
16,350,22286
16,351,22351
16,352,22352
16,353,22366
16,354,22385
16,355,22468
16,356,22488
16,357,22490
16,358,22495
16,359,22508
16,360,22526
16,361,22540
16,362,22648
16,363,22731
16,364,22791
16,365,22853
16,366,22955
16,367,23042
16,368,23047
16,369,23107
16,370,23130
16,371,23185
16,372,23230
16,373,23305
16,374,23370
16,375,23502
16,376,23550
16,377,23556
16,378,23566
16,379,23598
16,380,23730
16,381,23771
16,382,23783
16,383,23846
16,384,23847
16,385,23913
16,386,23974
16,387,24003
16,388,24027
16,389,24310
16,390,24356
16,391,24357
16,392,24369
16,393,24433
16,394,24651
16,395,24692
16,396,24813
16,397,24823
16,398,24843
16,399,24982
16,400,25029
16,401,25034
16,402,25296
16,403,25384
16,404,25479
16,405,25669
16,406,25686
16,407,25693
16,408,25730
16,409,25738
16,410,25773
16,411,25778
16,412,25973
16,413,26051
16,414,26143
16,415,26367
16,416,26368
16,417,26434
16,418,26509
16,419,26513
16,420,26564
16,421,26624
16,422,26667
16,423,26680
16,424,26845
16,425,26846
16,426,27073
16,427,27146
16,428,27208
16,429,27214
16,430,27217
16,431,27223
16,432,27298
16,433,27299
16,434,27533
16,435,27568
16,436,27654
16,437,27663
16,438,27672
16,439,27749
16,440,27755
16,441,27839
16,442,27857
16,443,27868
16,444,27919
16,445,27927
16,446,27975
16,447,28061
16,448,28270
16,449,28281
16,450,28321
16,451,28493
16,452,28503
16,453,28511
16,454,28705
16,455,28739
16,456,28810
16,457,28927
16,458,29020
16,459,29040
16,460,29045
16,461,29064
16,462,29087
16,463,29214
16,464,29239
16,465,29254
16,466,29281
16,467,29329
16,468,29382
16,469,29513
16,470,29526
16,471,29585
16,472,29649
16,473,29662
16,474,29741
16,475,29832
16,476,29857
16,477,29957
16,478,29961
16,479,29993
16,480,30132
16,481,30243
16,482,30256
16,483,30316
16,484,30430
16,485,30483
16,486,30586
16,487,30629
16,488,30637
16,489,30652
16,490,30680
16,491,30764
16,492,30822
16,493,30850
16,494,30937
16,495,31045
16,496,31140
16,497,31188
16,498,31253
16,499,31265
16,500,31290
16,501,31318
16,502,31330
16,503,31360
16,504,31385
16,505,31471
16,506,31557
16,507,31613
16,508,31646
16,509,31661
16,510,31705
16,511,31762
16,512,31860
16,513,31981
16,514,32076
16,515,32206
16,516,32327
16,517,32374
16,518,32509
16,519,32591
16,520,32637
16,521,32836
16,522,32868
16,523,32935
16,524,33076
16,525,33088
16,526,33180
16,527,33277
16,528,33311
16,529,33361
16,530,33393
16,531,33513
16,532,33584
16,533,33620
16,534,33691
16,535,33723
16,536,33783
16,537,33809
16,538,33816
16,539,33818
16,540,33821
16,541,33857
16,542,33978
16,543,33997
16,544,34067
16,545,34327
16,546,34334
16,547,34361
16,548,34457
16,549,34565
16,550,34636
16,551,34725
16,552,34818
16,553,34822
16,554,34849
16,555,34917
16,556,34932
16,557,34951
16,558,34990
16,559,35106
16,560,35140
16,561,35225
16,562,35349
16,563,35467
16,564,35571
16,565,35572
16,566,35595
16,567,35628
16,568,35632
16,569,35715
16,570,35791
16,571,35898
16,572,36008
16,573,36078
16,574,36099
16,575,36102
16,576,36180
16,577,36241
16,578,36283
16,579,36341
16,580,36397
16,581,36439
16,582,36731
16,583,36831
16,584,36947
16,585,36986
16,586,36993
16,587,37156
16,588,37196
16,589,37216
16,590,37301
16,591,37319
16,592,37341
16,593,37366
16,594,37431
16,595,37543
16,596,37623
16,597,37651
16,598,37658
16,599,37756
16,600,37941
16,601,37978
16,602,38227
16,603,38237
16,604,38288
16,605,38446
16,606,38537
16,607,38540
16,608,38742
16,609,38750
16,610,38825
16,611,38927
16,612,38950
16,613,39086
16,614,39170
16,615,39269
16,616,39504
16,617,39562
16,618,39743
16,619,39829
16,620,39963
16,621,39984
16,622,40038
16,623,40139
16,624,40213
16,625,40304
16,626,40309
16,627,40317
16,628,40436
16,629,40449
16,630,40482
16,631,40558
16,632,40599
16,633,40640
16,634,40743
16,635,40786
16,636,40812
16,637,41017
16,638,41075
16,639,41155
16,640,41203
16,641,41206
16,642,41231
16,643,41549
16,644,41579
16,645,41603
16,646,41787
16,647,41865
16,648,41874
16,649,41883
16,650,41981
16,651,41982
16,652,42067
16,653,42100
16,654,42125
16,655,42228
16,656,42260
16,657,42315
16,658,42345
16,659,42365
16,660,42370
16,661,42472
16,662,42564
16,663,42596
16,664,42662
16,665,42819
16,666,42835
16,667,42842
16,668,42907
16,669,42922
16,670,43161
16,671,43241
16,672,43280
16,673,43281
16,674,43322
16,675,43356
16,676,43457
16,677,43478
16,678,43531
16,679,43534
16,680,43681
16,681,43699
16,682,43709
16,683,43762
16,684,43839
16,685,43888
16,686,43956
16,687,44019
16,688,44046
16,689,44084
16,690,44094
16,691,44215
16,692,44267
16,693,44374
16,694,44428
16,695,44470
16,696,44510
16,697,44525
16,698,44550
16,699,44554
16,700,44669
16,701,44690
16,702,44722
16,703,44841
16,704,44909
16,705,44971
16,706,44982
16,707,45017
16,708,45019
16,709,45061
16,710,45110
16,711,45123
16,712,45164
16,713,45368
16,714,45407
16,715,45524
16,716,45558
16,717,45771
16,718,45779
16,719,45872
16,720,45888
16,721,45922
16,722,45931
16,723,46006
16,724,46076
16,725,46203
16,726,46253
16,727,46420
16,728,46492
16,729,46504
16,730,46510
16,731,46553
16,732,46606
16,733,46610
16,734,46632
16,735,46711
16,736,46922
16,737,47063
16,738,47086
16,739,47091
16,740,47167
16,741,47207
16,742,47313
16,743,47317
16,744,47379
16,745,47474
16,746,47499
16,747,47505
16,748,47744
16,749,47914
16,750,47936
16,751,48092
16,752,48099
16,753,48205
16,754,48235
16,755,48256
16,756,48456
16,757,48464
16,758,48505
16,759,48577
16,760,48578
16,761,48586
16,762,48640
16,763,48672
16,764,48783
16,765,48927
16,766,48948
16,767,48997
16,768,49018
16,769,49156
16,770,49162
16,771,49202
16,772,49212
16,773,49266
16,774,49282
16,775,49319
16,776,49355
16,777,49371
16,778,49543
16,779,49616
16,780,49658
16,781,49680
16,782,49824
16,783,49907
16,784,50065
16,785,50245
16,786,50446
16,787,50492
16,788,50538
16,789,50566
16,790,50579
16,791,50591
16,792,50595
16,793,50603
16,794,50631
16,795,50671
16,796,50764
16,797,50775
16,798,50790
16,799,50817
16,800,50839
16,801,50873
16,802,50931
16,803,51005
16,804,51108
16,805,51538
16,806,51593
16,807,51716
16,808,51800
16,809,51850
16,810,51879
16,811,51974
16,812,52067
16,813,52161
16,814,52181
16,815,52268
16,816,52321
16,817,52332
16,818,52397
16,819,52491
16,820,52509
16,821,52524
16,822,52559
16,823,52700
16,824,52757
16,825,52783
16,826,52800
16,827,52910
16,828,52972
16,829,52998
16,830,53156
16,831,53246
16,832,53254
16,833,53257
16,834,53278
16,835,53348
16,836,53386
16,837,53458
16,838,53511
16,839,53532
16,840,53704
16,841,53817
16,842,53927
16,843,53931
16,844,53952
16,845,53982
16,846,54072
16,847,54244
16,848,54301
16,849,54315
16,850,54319
16,851,54326
16,852,54667
16,853,54685
16,854,54818
16,855,54835
16,856,54852
16,857,54918
16,858,54930
16,859,54963
16,860,55070
16,861,55126
16,862,55227
16,863,55258
16,864,55276
16,865,55334
16,866,55397
16,867,55431
16,868,55650
16,869,55656
16,870,55712
16,871,55792
16,872,55889
16,873,56015
16,874,56018
16,875,56107
16,876,56123
16,877,56139
16,878,56146
16,879,56245
16,880,56266
16,881,56296
16,882,56385
16,883,56443
16,884,56527
16,885,56604
16,886,56613
16,887,56660
16,888,56661
16,889,56712
16,890,56714
16,891,56892
16,892,57122
16,893,57354
16,894,57396
16,895,57404
16,896,57510
16,897,57650
16,898,57668
16,899,57713
16,900,57794
16,901,57913
16,902,57961
16,903,57971
16,904,58065
16,905,58160
16,906,58194
16,907,58225
16,908,58390
16,909,58532
16,910,58565
16,911,58580
16,912,58623
16,913,58654
16,914,58681
16,915,58698
16,916,58739
16,917,58767
16,918,58791
16,919,58849
16,920,58879
16,921,58935
16,922,59005
16,923,59025
16,924,59219
16,925,59240
16,926,59241
16,927,59359
16,928,59398
16,929,59527
16,930,59564
16,931,59617
16,932,59721
16,933,59889
16,934,59900
16,935,59921
16,936,60015
16,937,60233
16,938,60416
16,939,60435
16,940,60547
16,941,60602
16,942,60608
16,943,60789
16,944,60836
16,945,60894
16,946,60938
16,947,60972
16,948,61007
16,949,61067
16,950,61077
16,951,61102
16,952,61179
16,953,61212
16,954,61231
16,955,61280
16,956,61293
16,957,61309
16,958,61495
16,959,61515
16,960,61545
16,961,61565
16,962,61580
16,963,61591
16,964,61671
16,965,61673
16,966,61683
16,967,61785
16,968,61967
16,969,62025
16,970,62192
16,971,62224
16,972,62234
16,973,62248
16,974,62449
16,975,62476
16,976,62685
16,977,62804
16,978,62832
16,979,63048
16,980,63062
16,981,63141
16,982,63174
16,983,63231
16,984,63232
16,985,63323
16,986,63371
16,987,63611
16,988,63727
16,989,64011
16,990,64117
16,991,64139
16,992,64209
16,993,64221
16,994,64230
16,995,64251
16,996,64254
16,997,64406
16,998,64471
16,999,64522
16,1000,64550
16,1001,64602
16,1002,64629
16,1003,64641
16,1004,64712
16,1005,64713
16,1006,64842
16,1007,64852
16,1008,64864
16,1009,64878
16,1010,64932
16,1011,64951
16,1012,64952
16,1013,65076
16,1014,65189
16,1015,65230
16,1016,65236
16,1017,65243
16,1018,65253
16,1019,65349
16,1020,65386
16,1021,65391
16,1022,65469
16,1023,65484
17,0,55
17,1,75
17,2,237
17,3,259
17,4,264
17,5,435
17,6,486
17,7,488
17,8,546
17,9,561
17,10,721
17,11,754
17,12,839
17,13,850
17,14,1002
17,15,1014
17,16,1054
17,17,1164
17,18,1214
17,19,1238
17,20,1258
17,21,1261
17,22,1296
17,23,1304
17,24,1398
17,25,1437
17,26,1495
17,27,1511
17,28,1522
17,29,1569
17,30,1609
17,31,1659
17,32,1664
17,33,1702
17,34,1716
17,35,1719
17,36,1792
17,37,1881
17,38,1971
17,39,2002
17,40,2090
17,41,2142
17,42,2222
17,43,2271
17,44,2459
17,45,2490
17,46,2686
17,47,2766
17,48,2849
17,49,2954
17,50,3080
17,51,3217
17,52,3267
17,53,3302
17,54,3344
17,55,3368
17,56,3384
17,57,3482
17,58,3548
17,59,3591
17,60,3673
17,61,3728
17,62,3760
17,63,3949
17,64,3957
17,65,4084
17,66,4140
17,67,4225
17,68,4273
17,69,4399
17,70,4444
17,71,4460
17,72,4485
17,73,4569
17,74,4571
17,75,4604
17,76,4607
17,77,4617
17,78,4695
17,79,4779
17,80,4846
17,81,4870
17,82,4969
17,83,5005
17,84,5043
17,85,5071
17,86,5095
17,87,5134
17,88,5185
17,89,5188
17,90,5191
17,91,5288
17,92,5351
17,93,5376
17,94,5442
17,95,5472
17,96,5482
17,97,5510
17,98,5703
17,99,5904
17,100,6000
17,101,6165
17,102,6174
17,103,6187
17,104,6248
17,105,6351
17,106,6368
17,107,6419
17,108,6483
17,109,6491
17,110,6572
17,111,6576
17,112,6594
17,113,6894
17,114,7021
17,115,7031
17,116,7039
17,117,7084
17,118,7211
17,119,7212
17,120,7271
17,121,7332
17,122,7550
17,123,7571
17,124,7588
17,125,7689
17,126,7711
17,127,7746
17,128,7788
17,129,7837
17,130,7858
17,131,7861
17,132,7991
17,133,8024
17,134,8054
17,135,8070
17,136,8259
17,137,8312
17,138,8323
17,139,8325
17,140,8481
17,141,8759
17,142,8841
17,143,8896
17,144,9153
17,145,9225
17,146,9276
17,147,9326
17,148,9336
17,149,9435
17,150,9677
17,151,9812
17,152,9819
17,153,9853
17,154,9993
17,155,10020
17,156,10027
17,157,10102
17,158,10201
17,159,10221
17,160,10245
17,161,10264
17,162,10340
17,163,10355
17,164,10378
17,165,10431
17,166,10533
17,167,10568
17,168,10617
17,169,10656
17,170,10704
17,171,10734
17,172,10922
17,173,10948
17,174,11005
17,175,11227
17,176,11333
17,177,11390
17,178,11391
17,179,11535
17,180,11565
17,181,11607
17,182,11641
17,183,11819
17,184,11851
17,185,12048
17,186,12087
17,187,12100
17,188,12145
17,189,12181
17,190,12205
17,191,12275
17,192,12292
17,193,12323
17,194,12357
17,195,12395
17,196,12566
17,197,12587
17,198,12653
17,199,12664
17,200,12746
17,201,12868
17,202,12874
17,203,12962
17,204,13011
17,205,13175
17,206,13193
17,207,13300
17,208,13345
17,209,13436
17,210,13466
17,211,13472
17,212,13497
17,213,13544
17,214,13577
17,215,13635
17,216,13735
17,217,13764
17,218,13802
17,219,13940
17,220,14043
17,221,14144
17,222,14253
17,223,14357
17,224,14404
17,225,14600
17,226,14690
17,227,14826
17,228,14978
17,229,14990
17,230,15162
17,231,15178
17,232,15354
17,233,15359
17,234,15405
17,235,15412
17,236,15468
17,237,15474
17,238,15532
17,239,15545
17,240,15619
17,241,15977
17,242,16093
17,243,16099
17,244,16215
17,245,16246
17,246,16282
17,247,16283
17,248,16292
17,249,16322
17,250,16407
17,251,16412
17,252,16456
17,253,16474
17,254,16503
17,255,16504
17,256,16524
17,257,16565
17,258,16604
17,259,16622
17,260,16689
17,261,16716
17,262,16821
17,263,16823
17,264,16841
17,265,16880
17,266,16934
17,267,16938
17,268,16960
17,269,16963
17,270,16998
17,271,17021
17,272,17088
17,273,17132
17,274,17145
17,275,17244
17,276,17342
17,277,17382
17,278,17533
17,279,17630
17,280,17775
17,281,17857
17,282,17858
17,283,17865
17,284,17892
17,285,17997
17,286,18004
17,287,18017
17,288,18102
17,289,18109
17,290,18113
17,291,18323
17,292,18509
17,293,18668
17,294,18739
17,295,18748
17,296,18887
17,297,18898
17,298,18937
17,299,18951
17,300,19020
17,301,19108
17,302,19138
17,303,19408
17,304,19451
17,305,19585
17,306,19618
17,307,19685
17,308,19726
17,309,19747
17,310,19794
17,311,19852
17,312,19866
17,313,19907
17,314,20025
17,315,20028
17,316,20053
17,317,20061
17,318,20151
17,319,20287
17,320,20359
17,321,20454
17,322,20473
17,323,20508
17,324,20921
17,325,20979
17,326,20982
17,327,21254
17,328,21370
17,329,21446
17,330,21498
17,331,21527
17,332,21605
17,333,21719
17,334,21739
17,335,21758
17,336,21920
17,337,22119
17,338,22121
17,339,22137
17,340,22163
17,341,22175
17,342,22209
17,343,22225
17,344,22231
17,345,22270
17,346,22299
17,347,22300
17,348,22363
17,349,22406
17,350,22411
17,351,22425
17,352,22432
17,353,22822
17,354,22863
17,355,22878
17,356,22963
17,357,23045
17,358,23053
17,359,23295
17,360,23299
17,361,23325
17,362,23331
17,363,23385
17,364,23391
17,365,23422
17,366,23423
17,367,23433
17,368,23437
17,369,23453
17,370,23457
17,371,23472
17,372,23498
17,373,23524
17,374,23530
17,375,23548
17,376,23585
17,377,23619
17,378,23714
17,379,23750
17,380,23751
17,381,23844
17,382,23853
17,383,24000
17,384,24269
17,385,24274
17,386,24287
17,387,24301
17,388,24334
17,389,24364
17,390,24386
17,391,24531
17,392,24551
17,393,24585
17,394,24591
17,395,24611
17,396,24795
17,397,24797
17,398,24804
17,399,24922
17,400,25012
17,401,25016
17,402,25030
17,403,25040
17,404,25083
17,405,25221
17,406,25224
17,407,25232
17,408,25254
17,409,25327
17,410,25405
17,411,25430
17,412,25494
17,413,25645
17,414,25668
17,415,25672
17,416,25809
17,417,25840
17,418,25932
17,419,25969
17,420,26181
17,421,26215
17,422,26390
17,423,26517
17,424,26582
17,425,26612
17,426,26685
17,427,26769
17,428,26815
17,429,26881
17,430,26901
17,431,26915
17,432,26994
17,433,26997
17,434,27186
17,435,27244
17,436,27283
17,437,27380
17,438,27513
17,439,27596
17,440,27678
17,441,27701
17,442,27790
17,443,27807
17,444,27808
17,445,27850
17,446,27852
17,447,27869
17,448,27905
17,449,27929
17,450,27983
17,451,28015
17,452,28026
17,453,28181
17,454,28294
17,455,28301
17,456,28475
17,457,28612
17,458,28663
17,459,28664
17,460,28770
17,461,28810
17,462,28892
17,463,28901
17,464,28955
17,465,28959
17,466,29050
17,467,29069
17,468,29079
17,469,29110
17,470,29206
17,471,29295
17,472,29360
17,473,29393
17,474,29451
17,475,29480
17,476,29535
17,477,29752
17,478,29970
17,479,30014
17,480,30058
17,481,30068
17,482,30165
17,483,30189
17,484,30281
17,485,30342
17,486,30365
17,487,30386
17,488,30470
17,489,30532
17,490,30538
17,491,30572
17,492,30688
17,493,30827
17,494,30856
17,495,30870
17,496,31171
17,497,31223
17,498,31264
17,499,31422
17,500,31433
17,501,31468
17,502,31480
17,503,31501
17,504,31576
17,505,31593
17,506,31614
17,507,31783
17,508,31923
17,509,31937
17,510,31995
17,511,32023
17,512,32026
17,513,32081
17,514,32103
17,515,32140
17,516,32153
17,517,32204
17,518,32334
17,519,32362
17,520,32503
17,521,32536
17,522,32551
17,523,32648
17,524,32690
17,525,32707
17,526,32730
17,527,32731
17,528,32755
17,529,32906
17,530,32919
17,531,32956
17,532,32957
17,533,33059
17,534,33095
17,535,33180
17,536,33224
17,537,33231
17,538,33255
17,539,33323
17,540,33365
17,541,33366
17,542,33415
17,543,33416
17,544,33465
17,545,33664
17,546,33666
17,547,33710
17,548,33780
17,549,33895
17,550,33986
17,551,33999
17,552,34066
17,553,34349
17,554,34418
17,555,34430
17,556,34489
17,557,34655
17,558,34701
17,559,34739
17,560,34785
17,561,34845
17,562,34858
17,563,34909
17,564,34984
17,565,34986
17,566,35039
17,567,35050
17,568,35094
17,569,35103
17,570,35279
17,571,35350
17,572,35366
17,573,35387
17,574,35445
17,575,35581
17,576,35605
17,577,35611
17,578,35636
17,579,35682
17,580,35714
17,581,35716
17,582,35864
17,583,35953
17,584,36015
17,585,36300
17,586,36304
17,587,36367
17,588,36406
17,589,36595
17,590,36627
17,591,36658
17,592,36836
17,593,36881
17,594,36898
17,595,37165
17,596,37203
17,597,37399
17,598,37454
17,599,37464
17,600,37536
17,601,37574
17,602,37725
17,603,37744
17,604,37778
17,605,37799
17,606,37804
17,607,37843
17,608,37865
17,609,37905
17,610,37944
17,611,37960
17,612,37998
17,613,38173
17,614,38229
17,615,38352
17,616,38449
17,617,38739
17,618,38747
17,619,38813
17,620,38879
17,621,38893
17,622,39048
17,623,39124
17,624,39169
17,625,39178
17,626,39212
17,627,39215
17,628,39280
17,629,39285
17,630,39361
17,631,39482
17,632,39533
17,633,39648
17,634,39789
17,635,39840
17,636,39956
17,637,40068
17,638,40153
17,639,40252
17,640,40270
17,641,40418
17,642,40457
17,643,40646
17,644,40704
17,645,40714
17,646,40780
17,647,40823
17,648,40845
17,649,40867
17,650,40989
17,651,41033
17,652,41038
17,653,41058
17,654,41070
17,655,41119
17,656,41123
17,657,41192
17,658,41275
17,659,41392
17,660,41410
17,661,41437
17,662,41511
17,663,41588
17,664,41605
17,665,41666
17,666,41712
17,667,41734
17,668,41745
17,669,41846
17,670,41901
17,671,42011
17,672,42049
17,673,42154
17,674,42162
17,675,42404
17,676,42437
17,677,42517
17,678,42604
17,679,42634
17,680,42676
17,681,42789
17,682,42800
17,683,42833
17,684,42863
17,685,42865
17,686,42875
17,687,43025
17,688,43038
17,689,43064
17,690,43069
17,691,43091
17,692,43100
17,693,43140
17,694,43186
17,695,43208
17,696,43266
17,697,43344
17,698,43352
17,699,43536
17,700,43641
17,701,43719
17,702,43776
17,703,43782
17,704,43814
17,705,43851
17,706,43896
17,707,43963
17,708,44040
17,709,44088
17,710,44130
17,711,44263
17,712,44481
17,713,44580
17,714,44598
17,715,44820
17,716,44841
17,717,44848
17,718,45026
17,719,45089
17,720,45193
17,721,45206
17,722,45346
17,723,45386
17,724,45397
17,725,45549
17,726,45691
17,727,45696
17,728,45740
17,729,45757
17,730,45846
17,731,45868
17,732,45885
17,733,45976
17,734,46050
17,735,46226
17,736,46306
17,737,46462
17,738,46513
17,739,46539
17,740,46540
17,741,46561
17,742,46621
17,743,46650
17,744,46772
17,745,46888
17,746,46927
17,747,47044
17,748,47107
17,749,47190
17,750,47369
17,751,47549
17,752,47601
17,753,47788
17,754,47848
17,755,47879
17,756,47963
17,757,47975
17,758,48067
17,759,48086
17,760,48112
17,761,48189
17,762,48202
17,763,48231
17,764,48272
17,765,48350
17,766,48368
17,767,48387
17,768,48451
17,769,48528
17,770,48555
17,771,48659
17,772,48665
17,773,48755
17,774,48949
17,775,48977
17,776,49058
17,777,49117
17,778,49166
17,779,49267
17,780,49277
17,781,49312
17,782,49316
17,783,49344
17,784,49469
17,785,49486
17,786,49507
17,787,49527
17,788,49575
17,789,49594
17,790,49596
17,791,49617
17,792,49676
17,793,49779
17,794,49921
17,795,49961
17,796,49999
17,797,50063
17,798,50380
17,799,50442
17,800,50475
17,801,50570
17,802,50615
17,803,50643
17,804,50696
17,805,50831
17,806,50853
17,807,50963
17,808,50978
17,809,51022
17,810,51081
17,811,51107
17,812,51122
17,813,51153
17,814,51169
17,815,51276
17,816,51419
17,817,51443
17,818,51495
17,819,51514
17,820,51604
17,821,51666
17,822,51695
17,823,52003
17,824,52026
17,825,52115
17,826,52122
17,827,52150
17,828,52312
17,829,52345
17,830,52530
17,831,52609
17,832,52747
17,833,52788
17,834,52816
17,835,52837
17,836,52880
17,837,53016
17,838,53024
17,839,53058
17,840,53105
17,841,53255
17,842,53313
17,843,53347
17,844,53468
17,845,53486
17,846,53540
17,847,53576
17,848,53638
17,849,53684
17,850,53835
17,851,53880
17,852,53883
17,853,53907
17,854,53920
17,855,54090
17,856,54131
17,857,54362
17,858,54471
17,859,54778
17,860,54801
17,861,54895
17,862,54904
17,863,54905
17,864,54910
17,865,54954
17,866,54975
17,867,55049
17,868,55108
17,869,55150
17,870,55161
17,871,55300
17,872,55465
17,873,55491
17,874,55501
17,875,55559
17,876,55597
17,877,55642
17,878,55679
17,879,55723
17,880,55727
17,881,55798
17,882,55992
17,883,56122
17,884,56136
17,885,56184
17,886,56207
17,887,56245
17,888,56275
17,889,56320
17,890,56337
17,891,56351
17,892,56355
17,893,56363
17,894,56506
17,895,56519
17,896,56553
17,897,56620
17,898,56668
17,899,56686
17,900,56756
17,901,56778
17,902,56787
17,903,56833
17,904,56930
17,905,57052
17,906,57053
17,907,57092
17,908,57094
17,909,57099
17,910,57120
17,911,57247
17,912,57267
17,913,57276
17,914,57287
17,915,57291
17,916,57307
17,917,57314
17,918,57468
17,919,57482
17,920,57577
17,921,57909
17,922,58317
17,923,58460
17,924,58521
17,925,58579
17,926,58580
17,927,58621
17,928,58682
17,929,58702
17,930,58757
17,931,58873
17,932,58881
17,933,58961
17,934,59144
17,935,59463
17,936,59499
17,937,59588
17,938,59813
17,939,59852
17,940,59867
17,941,59985
17,942,60025
17,943,60073
17,944,60240
17,945,60249
17,946,60317
17,947,60345
17,948,60383
17,949,60393
17,950,60408
17,951,60420
17,952,60600
17,953,60607
17,954,60661
17,955,60710
17,956,60755
17,957,60949
17,958,61038
17,959,61111
17,960,61139
17,961,61268
17,962,61331
17,963,61429
17,964,61602
17,965,61632
17,966,62042
17,967,62045
17,968,62155
17,969,62169
17,970,62179
17,971,62184
17,972,62197
17,973,62288
17,974,62309
17,975,62331
17,976,62382
17,977,62468
17,978,62539
17,979,62569
17,980,62618
17,981,62654
17,982,62670
17,983,62748
17,984,62751
17,985,63018
17,986,63076
17,987,63103
17,988,63186
17,989,63193
17,990,63194
17,991,63223
17,992,63237
17,993,63264
17,994,63279
17,995,63374
17,996,63464
17,997,63568
17,998,63584
17,999,63683
17,1000,63694
17,1001,63743
17,1002,63819
17,1003,63873
17,1004,63991
17,1005,64060
17,1006,64149
17,1007,64287
17,1008,64296
17,1009,64439
17,1010,64550
17,1011,64629
17,1012,64742
17,1013,64846
17,1014,64865
17,1015,64867
17,1016,64899
17,1017,64941
17,1018,64943
17,1019,64991
17,1020,64999
17,1021,65047
17,1022,65287
17,1023,65458
18,0,170
18,1,420
18,2,427
18,3,512
18,4,532
18,5,549
18,6,714
18,7,764
18,8,832
18,9,846
18,10,933
18,11,962
18,12,1014
18,13,1122
18,14,1127
18,15,1148
18,16,1157
18,17,1255
18,18,1440
18,19,1486
18,20,1487
18,21,1551
18,22,1568
18,23,1632
18,24,1727
18,25,1730
18,26,1825
18,27,1956
18,28,2066
18,29,2115
18,30,2154
18,31,2187
18,32,2218
18,33,2222
18,34,2289
18,35,2297
18,36,2376
18,37,2409
18,38,2417
18,39,2449
18,40,2532
18,41,2591
18,42,2878
18,43,2913
18,44,2918
18,45,2920
18,46,2941
18,47,2951
18,48,3024
18,49,3043
18,50,3108
18,51,3112
18,52,3246
18,53,3378
18,54,3524
18,55,3579
18,56,3810
18,57,3904
18,58,3965
18,59,3987
18,60,4237
18,61,4427
18,62,4451
18,63,4472
18,64,4479
18,65,4520
18,66,4550
18,67,4564
18,68,4574
18,69,4638
18,70,4715
18,71,4755
18,72,4775
18,73,4842
18,74,4873
18,75,4908
18,76,4933
18,77,4958
18,78,4978
18,79,5005
18,80,5042
18,81,5076
18,82,5154
18,83,5160
18,84,5196
18,85,5204
18,86,5209
18,87,5242
18,88,5352
18,89,5409
18,90,5419
18,91,5588
18,92,5663
18,93,5698
18,94,5705
18,95,6105
18,96,6161
18,97,6252
18,98,6280
18,99,6312
18,100,6411
18,101,6433
18,102,6545
18,103,6598
18,104,6646
18,105,6647
18,106,6727
18,107,6748
18,108,6758
18,109,6935
18,110,6942
18,111,6958
18,112,6976
18,113,6996
18,114,7011
18,115,7066
18,116,7156
18,117,7200
18,118,7334
18,119,7348
18,120,7359
18,121,7436
18,122,7439
18,123,7440
18,124,7458
18,125,7492
18,126,7546
18,127,7564
18,128,7629
18,129,7789
18,130,7888
18,131,7904
18,132,7950
18,133,7957
18,134,7981
18,135,8085
18,136,8119
18,137,8127
18,138,8174
18,139,8193
18,140,8195
18,141,8260
18,142,8277
18,143,8390
18,144,8393
18,145,8418
18,146,8427
18,147,8459
18,148,8461
18,149,8658
18,150,8758
18,151,8779
18,152,8780
18,153,8784
18,154,8845
18,155,8866
18,156,8900
18,157,8914
18,158,8941
18,159,8954
18,160,8960
18,161,8974
18,162,9072
18,163,9118
18,164,9204
18,165,9214
18,166,9271
18,167,9293
18,168,9335
18,169,9384
18,170,9449
18,171,9641
18,172,9667
18,173,9746
18,174,9804
18,175,9875
18,176,9974
18,177,10003
18,178,10028
18,179,10059
18,180,10072
18,181,10078
18,182,10081
18,183,10200
18,184,10259
18,185,10405
18,186,10438
18,187,10500
18,188,10619
18,189,10637
18,190,10689
18,191,10855
18,192,10876
18,193,10918
18,194,11020
18,195,11102
18,196,11105
18,197,11137
18,198,11190
18,199,11244
18,200,11252
18,201,11328
18,202,11348
18,203,11398
18,204,11428
18,205,11508
18,206,11517
18,207,11549
18,208,11613
18,209,11619
18,210,11633
18,211,11807
18,212,11890
18,213,11922
18,214,11968
18,215,11993
18,216,11994
18,217,12018
18,218,12185
18,219,12192
18,220,12232
18,221,12394
18,222,12397
18,223,12406
18,224,12488
18,225,12551
18,226,12553
18,227,12603
18,228,12661
18,229,12698
18,230,12716
18,231,12840
18,232,12921
18,233,12935
18,234,13119
18,235,13374
18,236,13529
18,237,13653
18,238,13740
18,239,13757
18,240,13796
18,241,13952
18,242,14150
18,243,14166
18,244,14254
18,245,14270
18,246,14283
18,247,14294
18,248,14386
18,249,14396
18,250,14450
18,251,14480
18,252,14537
18,253,14624
18,254,14640
18,255,14695
18,256,14866
18,257,15065
18,258,15173
18,259,15175
18,260,15278
18,261,15352
18,262,15367
18,263,15390
18,264,15410
18,265,15434
18,266,15639
18,267,15800
18,268,15813
18,269,15938
18,270,16037
18,271,16091
18,272,16125
18,273,16128
18,274,16229
18,275,16309
18,276,16360
18,277,16493
18,278,16513
18,279,16526
18,280,16558
18,281,16592
18,282,16679
18,283,16744
18,284,16799
18,285,16955
18,286,16976
18,287,16979
18,288,16994
18,289,17185
18,290,17207
18,291,17242
18,292,17270
18,293,17302
18,294,17372
18,295,17438
18,296,17466
18,297,17468
18,298,17620
18,299,17793
18,300,17916
18,301,18029
18,302,18096
18,303,18103
18,304,18130
18,305,18140
18,306,18188
18,307,18219
18,308,18298
18,309,18311
18,310,18323
18,311,18334
18,312,18347
18,313,18408
18,314,18781
18,315,18783
18,316,18784
18,317,18853
18,318,18990
18,319,19024
18,320,19132
18,321,19315
18,322,19358
18,323,19519
18,324,19558
18,325,19657
18,326,19663
18,327,19742
18,328,19799
18,329,19835
18,330,19867
18,331,19877
18,332,19949
18,333,20004
18,334,20025
18,335,20214
18,336,20237
18,337,20239
18,338,20280
18,339,20344
18,340,20407
18,341,20492
18,342,20608
18,343,20676
18,344,20688
18,345,20900
18,346,20904
18,347,20987
18,348,21171
18,349,21179
18,350,21350
18,351,21557
18,352,21765
18,353,21917
18,354,22022
18,355,22121
18,356,22312
18,357,22359
18,358,22379
18,359,22422
18,360,22429
18,361,22547
18,362,22550
18,363,22676
18,364,22736
18,365,22858
18,366,22945
18,367,23067
18,368,23137
18,369,23228
18,370,23237
18,371,23245
18,372,23299
18,373,23364
18,374,23385
18,375,23495
18,376,23549
18,377,23577
18,378,23588
18,379,23645
18,380,23707
18,381,23872
18,382,23891
18,383,24018
18,384,24193
18,385,24247
18,386,24296
18,387,24325
18,388,24358
18,389,24374
18,390,24394
18,391,24472
18,392,24510
18,393,24592
18,394,24610
18,395,24615
18,396,24651
18,397,24661
18,398,24665
18,399,24695
18,400,24723
18,401,24726
18,402,24734
18,403,24838
18,404,24895
18,405,25002
18,406,25085
18,407,25186
18,408,25202
18,409,25291
18,410,25327
18,411,25444
18,412,25557
18,413,25638
18,414,25662
18,415,25735
18,416,25806
18,417,25850
18,418,25888
18,419,26018
18,420,26090
18,421,26139
18,422,26171
18,423,26283
18,424,26333
18,425,26406
18,426,26591
18,427,26600
18,428,26743
18,429,26784
18,430,26805
18,431,26932
18,432,27033
18,433,27051
18,434,27144
18,435,27272
18,436,27324
18,437,27413
18,438,27495
18,439,27640
18,440,27765
18,441,27773
18,442,27796
18,443,27816
18,444,28057
18,445,28088
18,446,28145
18,447,28200
18,448,28203
18,449,28237
18,450,28256
18,451,28372
18,452,28557
18,453,28598
18,454,28624
18,455,28670
18,456,28701
18,457,28885
18,458,28890
18,459,28924
18,460,28959
18,461,29040
18,462,29122
18,463,29135
18,464,29142
18,465,29158
18,466,29196
18,467,29258
18,468,29260
18,469,29314
18,470,29397
18,471,29588
18,472,29616
18,473,29651
18,474,29689
18,475,29692
18,476,29873
18,477,29958
18,478,30153
18,479,30271
18,480,30526
18,481,30609
18,482,30652
18,483,30662
18,484,30749
18,485,30845
18,486,30850
18,487,30859
18,488,30868
18,489,30885
18,490,30914
18,491,30942
18,492,31053
18,493,31108
18,494,31118
18,495,31141
18,496,31156
18,497,31184
18,498,31232
18,499,31250
18,500,31255
18,501,31423
18,502,31441
18,503,31442
18,504,31463
18,505,31490
18,506,31674
18,507,31738
18,508,31847
18,509,31872
18,510,32012
18,511,32072
18,512,32113
18,513,32148
18,514,32238
18,515,32255
18,516,32271
18,517,32300
18,518,32315
18,519,32340
18,520,32366
18,521,32461
18,522,32500
18,523,32509
18,524,32554
18,525,32744
18,526,32873
18,527,32906
18,528,32976
18,529,33109
18,530,33286
18,531,33365
18,532,33377
18,533,33560
18,534,33607
18,535,33677
18,536,33746
18,537,33757
18,538,33868
18,539,33880
18,540,33948
18,541,33972
18,542,34035
18,543,34099
18,544,34144
18,545,34222
18,546,34228
18,547,34307
18,548,34312
18,549,34353
18,550,34394
18,551,34546
18,552,34568
18,553,34572
18,554,34693
18,555,34825
18,556,34926
18,557,34976
18,558,35066
18,559,35137
18,560,35263
18,561,35332
18,562,35405
18,563,35426
18,564,35446
18,565,35524
18,566,35619
18,567,35654
18,568,35771
18,569,35848
18,570,35859
18,571,35861
18,572,35862
18,573,35889
18,574,36058
18,575,36082
18,576,36164
18,577,36173
18,578,36191
18,579,36256
18,580,36261
18,581,36283
18,582,36327
18,583,36603
18,584,36668
18,585,36669
18,586,36728
18,587,36747
18,588,36769
18,589,36851
18,590,36889
18,591,37029
18,592,37323
18,593,37449
18,594,37460
18,595,37556
18,596,37619
18,597,37641
18,598,37717
18,599,37766
18,600,37908
18,601,37914
18,602,37967
18,603,38048
18,604,38166
18,605,38240
18,606,38322
18,607,38339
18,608,38347
18,609,38351
18,610,38412
18,611,38420
18,612,38434
18,613,38441
18,614,38489
18,615,38613
18,616,38620
18,617,38641
18,618,38720
18,619,38754
18,620,38793
18,621,38870
18,622,39127
18,623,39191
18,624,39381
18,625,39431
18,626,39536
18,627,39548
18,628,39571
18,629,39611
18,630,39692
18,631,39698
18,632,39699
18,633,39727
18,634,39733
18,635,39825
18,636,39841
18,637,39914
18,638,39929
18,639,40137
18,640,40192
18,641,40434
18,642,40447
18,643,40452
18,644,40453
18,645,40500
18,646,40535
18,647,40617
18,648,40648
18,649,40736
18,650,40856
18,651,40858
18,652,40894
18,653,40954
18,654,41228
18,655,41249
18,656,41318
18,657,41521
18,658,41526
18,659,41584
18,660,41651
18,661,41652
18,662,41794
18,663,41839
18,664,41841
18,665,41873
18,666,41903
18,667,41911
18,668,41926
18,669,41960
18,670,42005
18,671,42016
18,672,42022
18,673,42215
18,674,42220
18,675,42303
18,676,42335
18,677,42337
18,678,42396
18,679,42409
18,680,42519
18,681,42672
18,682,42755
18,683,42908
18,684,42925
18,685,42929
18,686,42947
18,687,42971
18,688,43013
18,689,43071
18,690,43152
18,691,43178
18,692,43206
18,693,43256
18,694,43328
18,695,43337
18,696,43346
18,697,43398
18,698,43407
18,699,43511
18,700,43588
18,701,43610
18,702,43721
18,703,43902
18,704,43990
18,705,44015
18,706,44045
18,707,44082
18,708,44111
18,709,44155
18,710,44186
18,711,44255
18,712,44301
18,713,44461
18,714,44462
18,715,44540
18,716,44575
18,717,44579
18,718,44606
18,719,44703
18,720,44890
18,721,44900
18,722,44972
18,723,45121
18,724,45130
18,725,45196
18,726,45224
18,727,45258
18,728,45312
18,729,45428
18,730,45540
18,731,45694
18,732,45710
18,733,45808
18,734,45831
18,735,45853
18,736,45865
18,737,45949
18,738,46093
18,739,46157
18,740,46349
18,741,46391
18,742,46395
18,743,46477
18,744,46634
18,745,46753
18,746,46811
18,747,46890
18,748,46915
18,749,46932
18,750,47332
18,751,47386
18,752,47452
18,753,47643
18,754,47645
18,755,47662
18,756,47901
18,757,47907
18,758,47977
18,759,47993
18,760,48078
18,761,48092
18,762,48133
18,763,48135
18,764,48165
18,765,48194
18,766,48299
18,767,48426
18,768,48438
18,769,48552
18,770,48579
18,771,48640
18,772,48705
18,773,48820
18,774,48909
18,775,48961
18,776,48965
18,777,48967
18,778,49027
18,779,49118
18,780,49233
18,781,49258
18,782,49268
18,783,49269
18,784,49343
18,785,49538
18,786,49590
18,787,49609
18,788,49719
18,789,49743
18,790,49761
18,791,49779
18,792,49857
18,793,49882
18,794,49940
18,795,49941
18,796,49956
18,797,49987
18,798,50252
18,799,50311
18,800,50368
18,801,50377
18,802,50444
18,803,50576
18,804,50723
18,805,50801
18,806,50898
18,807,50941
18,808,50987
18,809,51008
18,810,51061
18,811,51062
18,812,51079
18,813,51154
18,814,51204
18,815,51430
18,816,51557
18,817,51585
18,818,51659
18,819,51899
18,820,51930
18,821,51935
18,822,51959
18,823,51965
18,824,52009
18,825,52185
18,826,52278
18,827,52311
18,828,52451
18,829,52474
18,830,52598
18,831,52628
18,832,52685
18,833,52817
18,834,53084
18,835,53142
18,836,53168
18,837,53293
18,838,53441
18,839,53692
18,840,53773
18,841,53874
18,842,53943
18,843,54085
18,844,54369
18,845,54394
18,846,54562
18,847,54574
18,848,54631
18,849,54770
18,850,54821
18,851,54850
18,852,54885
18,853,54930
18,854,55015
18,855,55018
18,856,55269
18,857,55324
18,858,55341
18,859,55369
18,860,55408
18,861,55457
18,862,55546
18,863,55660
18,864,55717
18,865,55754
18,866,55764
18,867,55800
18,868,55827
18,869,55940
18,870,55991
18,871,56039
18,872,56089
18,873,56150
18,874,56170
18,875,56190
18,876,56206
18,877,56245
18,878,56347
18,879,56384
18,880,56471
18,881,56482
18,882,56499
18,883,56547
18,884,56711
18,885,56732
18,886,56790
18,887,56846
18,888,56922
18,889,56928
18,890,57003
18,891,57027
18,892,57107
18,893,57264
18,894,57335
18,895,57475
18,896,57565
18,897,57664
18,898,57750
18,899,57759
18,900,57791
18,901,57960
18,902,58059
18,903,58117
18,904,58181
18,905,58252
18,906,58267
18,907,58286
18,908,58287
18,909,58364
18,910,58427
18,911,58435
18,912,58508
18,913,58525
18,914,58576
18,915,58686
18,916,58754
18,917,58861
18,918,58900
18,919,58917
18,920,59062
18,921,59071
18,922,59218
18,923,59224
18,924,59344
18,925,59423
18,926,59432
18,927,59451
18,928,59577
18,929,59730
18,930,59770
18,931,59949
18,932,59987
18,933,60022
18,934,60060
18,935,60117
18,936,60122
18,937,60193
18,938,60429
18,939,60471
18,940,60551
18,941,60646
18,942,60648
18,943,60664
18,944,60697
18,945,60875
18,946,60905
18,947,60921
18,948,60943
18,949,61022
18,950,61043
18,951,61152
18,952,61323
18,953,61371
18,954,61419
18,955,61464
18,956,61615
18,957,61726
18,958,61734
18,959,61747
18,960,61794
18,961,62012
18,962,62059
18,963,62137
18,964,62227
18,965,62234
18,966,62273
18,967,62334
18,968,62337
18,969,62339
18,970,62472
18,971,62519
18,972,62529
18,973,62621
18,974,62752
18,975,62863
18,976,62882
18,977,62933
18,978,63031
18,979,63074
18,980,63080
18,981,63199
18,982,63236
18,983,63372
18,984,63383
18,985,63389
18,986,63414
18,987,63427
18,988,63465
18,989,63530
18,990,63577
18,991,63605
18,992,63632
18,993,63647
18,994,63711
18,995,63733
18,996,63805
18,997,63864
18,998,63904
18,999,64164
18,1000,64223
18,1001,64260
18,1002,64307
18,1003,64310
18,1004,64433
18,1005,64502
18,1006,64550
18,1007,64569
18,1008,64573
18,1009,64593
18,1010,64630
18,1011,64743
18,1012,64930
18,1013,64948
18,1014,64987
18,1015,65048
18,1016,65059
18,1017,65174
18,1018,65236
18,1019,65245
18,1020,65313
18,1021,65314
18,1022,65340
18,1023,65522
19,0,218
19,1,254
19,2,343
19,3,362
19,4,417
19,5,440
19,6,484
19,7,498
19,8,586
19,9,611
19,10,653
19,11,759
19,12,816
19,13,892
19,14,1011
19,15,1191
19,16,1193
19,17,1302
19,18,1410
19,19,1458
19,20,1506
19,21,1529
19,22,1536
19,23,1596
19,24,1830
19,25,1895
19,26,1925
19,27,2010
19,28,2148
19,29,2195
19,30,2298
19,31,2333
19,32,2473
19,33,2569
19,34,2577
19,35,2605
19,36,2664
19,37,2700
19,38,2715
19,39,2765
19,40,2816
19,41,2922
19,42,3006
19,43,3087
19,44,3124
19,45,3173
19,46,3209
19,47,3210
19,48,3283
19,49,3327
19,50,3359
19,51,3518
19,52,3623
19,53,3674
19,54,3678
19,55,3784
19,56,3826
19,57,3833
19,58,3892
19,59,3902
19,60,3919
19,61,3967
19,62,4014
19,63,4052
19,64,4203
19,65,4345
19,66,4358
19,67,4617
19,68,4791
19,69,4804
19,70,4876
19,71,4896
19,72,4959
19,73,4999
19,74,5004
19,75,5006
19,76,5097
19,77,5192
19,78,5299
19,79,5321
19,80,5563
19,81,5736
19,82,5769
19,83,5780
19,84,5789
19,85,5862
19,86,5865
19,87,6021
19,88,6124
19,89,6236
19,90,6291
19,91,6301
19,92,6487
19,93,6503
19,94,6537
19,95,6696
19,96,6769
19,97,6814
19,98,6822
19,99,6848
19,100,6903
19,101,6952
19,102,7003
19,103,7040
19,104,7088
19,105,7150
19,106,7165
19,107,7248
19,108,7298
19,109,7347
19,110,7508
19,111,7619
19,112,7628
19,113,7637
19,114,7826
19,115,7838
19,116,7842
19,117,7862
19,118,7932
19,119,7947
19,120,8019
19,121,8033
19,122,8225
19,123,8292
19,124,8326
19,125,8376
19,126,8473
19,127,8489
19,128,8574
19,129,8610
19,130,8686
19,131,8747
19,132,8792
19,133,8900
19,134,8918
19,135,9063
19,136,9093
19,137,9164
19,138,9179
19,139,9285
19,140,9339
19,141,9362
19,142,9498
19,143,9514
19,144,9525
19,145,9533
19,146,9621
19,147,9630
19,148,9683
19,149,9729
19,150,9734
19,151,9746
19,152,9766
19,153,9885
19,154,9958
19,155,9983
19,156,10017
19,157,10038
19,158,10053
19,159,10234
19,160,10302
19,161,10311
19,162,10477
19,163,10503
19,164,10536
19,165,10597
19,166,10620
19,167,10683
19,168,10703
19,169,10765
19,170,10770
19,171,10790
19,172,10854
19,173,10913
19,174,11008
19,175,11103
19,176,11469
19,177,11670
19,178,11719
19,179,11770
19,180,11775
19,181,11785
19,182,11878
19,183,11961
19,184,11989
19,185,12005
19,186,12152
19,187,12202
19,188,12343
19,189,12483
19,190,12543
19,191,12558
19,192,12614
19,193,12743
19,194,12836
19,195,12954
19,196,13105
19,197,13155
19,198,13198
19,199,13259
19,200,13319
19,201,13354
19,202,13377
19,203,13497
19,204,13588
19,205,13650
19,206,13773
19,207,13812
19,208,13890
19,209,14047
19,210,14097
19,211,14103
19,212,14159
19,213,14185
19,214,14366
19,215,14385
19,216,14434
19,217,14505
19,218,14662
19,219,14698
19,220,14726
19,221,14769
19,222,14792
19,223,14929
19,224,14983
19,225,15021
19,226,15067
19,227,15127
19,228,15162
19,229,15208
19,230,15220
19,231,15435
19,232,15468
19,233,15575
19,234,15578
19,235,15629
19,236,15650
19,237,15703
19,238,15785
19,239,15807
19,240,15863
19,241,15908
19,242,15991
19,243,16013
19,244,16129
19,245,16162
19,246,16205
19,247,16635
19,248,16738
19,249,16806
19,250,16864
19,251,17002
19,252,17047
19,253,17088
19,254,17093
19,255,17208
19,256,17219
19,257,17244
19,258,17295
19,259,17317
19,260,17321
19,261,17345
19,262,17366
19,263,17574
19,264,17586
19,265,17596
19,266,17627
19,267,17703
19,268,17761
19,269,17876
19,270,17919
19,271,17987
19,272,18004
19,273,18061
19,274,18239
19,275,18288
19,276,18344
19,277,18346
19,278,18564
19,279,18855
19,280,18898
19,281,18944
19,282,18964
19,283,19066
19,284,19134
19,285,19202
19,286,19235
19,287,19265
19,288,19312
19,289,19385
19,290,19501
19,291,19518
19,292,19533
19,293,19604
19,294,19672
19,295,19854
19,296,19908
19,297,19972
19,298,20029
19,299,20129
19,300,20163
19,301,20219
19,302,20223
19,303,20254
19,304,20262
19,305,20266
19,306,20283
19,307,20363
19,308,20389
19,309,20434
19,310,20518
19,311,20529
19,312,20541
19,313,20755
19,314,20763
19,315,20848
19,316,20870
19,317,20901
19,318,20975
19,319,21307
19,320,21358
19,321,21476
19,322,21508
19,323,21527
19,324,21544
19,325,21550
19,326,21568
19,327,21664
19,328,21735
19,329,21747
19,330,21855
19,331,21899
19,332,22123
19,333,22226
19,334,22389
19,335,22410
19,336,22505
19,337,22514
19,338,22533
19,339,22535
19,340,22610
19,341,22686
19,342,22725
19,343,22766
19,344,22815
19,345,22834
19,346,22878
19,347,22950
19,348,22967
19,349,23014
19,350,23201
19,351,23220
19,352,23243
19,353,23248
19,354,23249
19,355,23360
19,356,23418
19,357,23434
19,358,23435
19,359,23478
19,360,23562
19,361,23573
19,362,23608
19,363,23637
19,364,23658
19,365,23676
19,366,23693
19,367,23887
19,368,23915
19,369,23994
19,370,24068
19,371,24137
19,372,24162
19,373,24316
19,374,24435
19,375,24545
19,376,24696
19,377,24778
19,378,24878
19,379,24949
19,380,24977
19,381,24979
19,382,25087
19,383,25232
19,384,25305
19,385,25345
19,386,25451
19,387,25473
19,388,25512
19,389,25524
19,390,25566
19,391,25681
19,392,25702
19,393,25718
19,394,25725
19,395,25734
19,396,25775
19,397,25799
19,398,25974
19,399,25978
19,400,25982
19,401,26219
19,402,26225
19,403,26238
19,404,26289
19,405,26303
19,406,26304
19,407,26307
19,408,26325
19,409,26384
19,410,26409
19,411,26528
19,412,26599
19,413,26604
19,414,26728
19,415,26742
19,416,26806
19,417,26826
19,418,26893
19,419,26946
19,420,27052
19,421,27150
19,422,27162
19,423,27170
19,424,27201
19,425,27488
19,426,27620
19,427,27681
19,428,27690
19,429,27742
19,430,27799
19,431,27850
19,432,27880
19,433,27937
19,434,28023
19,435,28056
19,436,28060
19,437,28079
19,438,28189
19,439,28196
19,440,28370
19,441,28376
19,442,28564
19,443,28569
19,444,28583
19,445,28587
19,446,28711
19,447,28742
19,448,28756
19,449,28794
19,450,29032
19,451,29067
19,452,29085
19,453,29192
19,454,29266
19,455,29434
19,456,29561
19,457,29611
19,458,29612
19,459,29699
19,460,29782
19,461,29893
19,462,29934
19,463,29938
19,464,29957
19,465,30023
19,466,30035
19,467,30046
19,468,30065
19,469,30098
19,470,30115
19,471,30178
19,472,30192
19,473,30216
19,474,30398
19,475,30557
19,476,30573
19,477,30574
19,478,30652
19,479,30701
19,480,31007
19,481,31083
19,482,31109
19,483,31162
19,484,31416
19,485,31450
19,486,31535
19,487,31584
19,488,31587
19,489,31607
19,490,31623
19,491,31767
19,492,31838
19,493,31840
19,494,31862
19,495,31977
19,496,31998
19,497,32039
19,498,32071
19,499,32298
19,500,32332
19,501,32341
19,502,32424
19,503,32439
19,504,32474
19,505,32502
19,506,32578
19,507,32592
19,508,32682
19,509,32726
19,510,32742
19,511,32792
19,512,32891
19,513,32915
19,514,32977
19,515,32978
19,516,32980
19,517,33018
19,518,33129
19,519,33256
19,520,33319
19,521,33361
19,522,33367
19,523,33421
19,524,33492
19,525,33568
19,526,33600
19,527,33696
19,528,33706
19,529,33784
19,530,33798
19,531,33836
19,532,33894
19,533,33966
19,534,34154
19,535,34657
19,536,34769
19,537,34840
19,538,34862
19,539,34890
19,540,35214
19,541,35325
19,542,35340
19,543,35384
19,544,35386
19,545,35390
19,546,35395
19,547,35399
19,548,35459
19,549,35868
19,550,35876
19,551,36013
19,552,36015
19,553,36029
19,554,36043
19,555,36044
19,556,36157
19,557,36186
19,558,36376
19,559,36464
19,560,36494
19,561,36500
19,562,36520
19,563,36646
19,564,36738
19,565,36844
19,566,36859
19,567,36864
19,568,36931
19,569,37015
19,570,37025
19,571,37046
19,572,37110
19,573,37178
19,574,37325
19,575,37437
19,576,37508
19,577,37542
19,578,37639
19,579,37643
19,580,37694
19,581,37730
19,582,37735
19,583,37742
19,584,37831
19,585,37844
19,586,37851
19,587,37974
19,588,37992
19,589,38039
19,590,38230
19,591,38349
19,592,38411
19,593,38552
19,594,38570
19,595,38572
19,596,38595
19,597,38628
19,598,38659
19,599,38817
19,600,38825
19,601,38869
19,602,38873
19,603,38917
19,604,38929
19,605,38934
19,606,38999
19,607,39171
19,608,39178
19,609,39290
19,610,39291
19,611,39364
19,612,39393
19,613,39404
19,614,39410
19,615,39413
19,616,39472
19,617,39653
19,618,39679
19,619,39805
19,620,39834
19,621,39852
19,622,39977
19,623,40009
19,624,40164
19,625,40179
19,626,40190
19,627,40222
19,628,40247
19,629,40259
19,630,40371
19,631,40383
19,632,40688
19,633,40761
19,634,40832
19,635,40913
19,636,41001
19,637,41029
19,638,41102
19,639,41201
19,640,41245
19,641,41247
19,642,41258
19,643,41370
19,644,41455
19,645,41596
19,646,41668
19,647,41838
19,648,41911
19,649,42184
19,650,42209
19,651,42227
19,652,42301
19,653,42303
19,654,42305
19,655,42341
19,656,42393
19,657,42407
19,658,42428
19,659,42494
19,660,42537
19,661,42546
19,662,42593
19,663,42630
19,664,42657
19,665,42660
19,666,42845
19,667,42889
19,668,42905
19,669,42993
19,670,43015
19,671,43055
19,672,43150
19,673,43248
19,674,43281
19,675,43288
19,676,43289
19,677,43382
19,678,43396
19,679,43437
19,680,43554
19,681,43558
19,682,43559
19,683,43564
19,684,43730
19,685,43734
19,686,43758
19,687,43898
19,688,43913
19,689,43918
19,690,43954
19,691,44042
19,692,44105
19,693,44245
19,694,44325
19,695,44464
19,696,44493
19,697,44542
19,698,44568
19,699,44699
19,700,44763
19,701,44829
19,702,44884
19,703,44942
19,704,44950
19,705,45024
19,706,45040
19,707,45155
19,708,45217
19,709,45239
19,710,45333
19,711,45445
19,712,45528
19,713,45614
19,714,45665
19,715,45741
19,716,45742
19,717,45831
19,718,45886
19,719,45902
19,720,45936
19,721,45964
19,722,45965
19,723,45973
19,724,46043
19,725,46114
19,726,46153
19,727,46275
19,728,46333
19,729,46378
19,730,46411
19,731,46472
19,732,46560
19,733,46588
19,734,46652
19,735,46673
19,736,46758
19,737,47046
19,738,47151
19,739,47178
19,740,47239
19,741,47311
19,742,47374
19,743,47450
19,744,47490
19,745,47496
19,746,47634
19,747,47877
19,748,48094
19,749,48142
19,750,48161
19,751,48286
19,752,48387
19,753,48402
19,754,48755
19,755,48934
19,756,49003
19,757,49182
19,758,49245
19,759,49270
19,760,49271
19,761,49335
19,762,49380
19,763,49567
19,764,49573
19,765,49580
19,766,49604
19,767,49626
19,768,49814
19,769,49863
19,770,49880
19,771,49930
19,772,49954
19,773,49976
19,774,50001
19,775,50079
19,776,50089
19,777,50120
19,778,50253
19,779,50278
19,780,50281
19,781,50435
19,782,50475
19,783,50497
19,784,50545
19,785,50581
19,786,50616
19,787,50735
19,788,50759
19,789,50808
19,790,50833
19,791,50869
19,792,50919
19,793,50929
19,794,50954
19,795,50985
19,796,51012
19,797,51056
19,798,51068
19,799,51148
19,800,51153
19,801,51218
19,802,51268
19,803,51350
19,804,51367
19,805,51515
19,806,51572
19,807,51589
19,808,51665
19,809,51738
19,810,51763
19,811,51776
19,812,51820
19,813,51880
19,814,51894
19,815,51977
19,816,52029
19,817,52102
19,818,52114
19,819,52236
19,820,52246
19,821,52305
19,822,52491
19,823,52552
19,824,52575
19,825,52616
19,826,52625
19,827,52634
19,828,52728
19,829,52793
19,830,52884
19,831,52915
19,832,52944
19,833,52964
19,834,52985
19,835,53085
19,836,53163
19,837,53178
19,838,53219
19,839,53294
19,840,53298
19,841,53359
19,842,53479
19,843,53495
19,844,53506
19,845,53559
19,846,53673
19,847,53729
19,848,53837
19,849,53853
19,850,53968
19,851,54003
19,852,54015
19,853,54276
19,854,54433
19,855,54435
19,856,54436
19,857,54578
19,858,54693
19,859,54822
19,860,54835
19,861,55031
19,862,55160
19,863,55259
19,864,55267
19,865,55304
19,866,55386
19,867,55428
19,868,55494
19,869,55525
19,870,55549
19,871,55553
19,872,55579
19,873,55624
19,874,55650
19,875,55660
19,876,55683
19,877,55707
19,878,55739
19,879,55785
19,880,55791
19,881,55885
19,882,55938
19,883,56133
19,884,56280
19,885,56329
19,886,56447
19,887,56500
19,888,56600
19,889,56613
19,890,56629
19,891,56701
19,892,56710
19,893,56741
19,894,56816
19,895,57011
19,896,57155
19,897,57166
19,898,57326
19,899,57382
19,900,57474
19,901,57585
19,902,57590
19,903,57622
19,904,57625
19,905,57638
19,906,57703
19,907,57717
19,908,57846
19,909,57869
19,910,57903
19,911,57904
19,912,57909
19,913,57925
19,914,57928
19,915,58081
19,916,58094
19,917,58116
19,918,58133
19,919,58142
19,920,58143
19,921,58148
19,922,58234
19,923,58336
19,924,58345
19,925,58449
19,926,58499
19,927,58522
19,928,58668
19,929,58796
19,930,59133
19,931,59281
19,932,59347
19,933,59470
19,934,59481
19,935,59554
19,936,59555
19,937,59556
19,938,59609
19,939,59659
19,940,59681
19,941,59822
19,942,59823
19,943,59939
19,944,59981
19,945,59984
19,946,60019
19,947,60074
19,948,60260
19,949,60304
19,950,60428
19,951,60486
19,952,60513
19,953,60653
19,954,60698
19,955,60753
19,956,60755
19,957,60762
19,958,60775
19,959,60779
19,960,60793
19,961,60848
19,962,60988
19,963,61017
19,964,61090
19,965,61285
19,966,61383
19,967,61488
19,968,61564
19,969,61738
19,970,61831
19,971,61856
19,972,61933
19,973,61986
19,974,62014
19,975,62070
19,976,62113
19,977,62152
19,978,62153
19,979,62299
19,980,62487
19,981,62488
19,982,62531
19,983,62532
19,984,62569
19,985,62623
19,986,62686
19,987,62711
19,988,62918
19,989,62954
19,990,62976
19,991,63055
19,992,63083
19,993,63097
19,994,63131
19,995,63227
19,996,63398
19,997,63472
19,998,63535
19,999,63659
19,1000,63716
19,1001,63825
19,1002,63860
19,1003,64036
19,1004,64041
19,1005,64138
19,1006,64254
19,1007,64497
19,1008,64548
19,1009,64562
19,1010,64577
19,1011,64615
19,1012,64626
19,1013,64683
19,1014,64711
19,1015,64715
19,1016,64852
19,1017,65012
19,1018,65038
19,1019,65186
19,1020,65337
19,1021,65384
19,1022,65391
19,1023,65523
20,0,194
20,1,208
20,2,280
20,3,290
20,4,308
20,5,326
20,6,336
20,7,350
20,8,372
20,9,424
20,10,525
20,11,648
20,12,718
20,13,788
20,14,819
20,15,992
20,16,1013
20,17,1040
20,18,1078
20,19,1157
20,20,1228
20,21,1306
20,22,1360
20,23,1446
20,24,1483
20,25,1508
20,26,1510
20,27,1535
20,28,1568
20,29,1575
20,30,1652
20,31,1853
20,32,1862
20,33,1887
20,34,1918
20,35,1930
20,36,1945
20,37,2014
20,38,2029
20,39,2050
20,40,2250
20,41,2266
20,42,2300
20,43,2369
20,44,2393
20,45,2490
20,46,2492
20,47,2565
20,48,2635
20,49,2681
20,50,2765
20,51,2783
20,52,2803
20,53,2823
20,54,2957
20,55,3032
20,56,3125
20,57,3151
20,58,3174
20,59,3185
20,60,3254
20,61,3507
20,62,3535
20,63,3547
20,64,3568
20,65,3584
20,66,3614
20,67,3767
20,68,3833
20,69,3859
20,70,3887
20,71,4023
20,72,4102
20,73,4179
20,74,4204
20,75,4261
20,76,4280
20,77,4315
20,78,4316
20,79,4382
20,80,4436
20,81,4456
20,82,4542
20,83,4564
20,84,4759
20,85,4768
20,86,4866
20,87,5008
20,88,5139
20,89,5235
20,90,5303
20,91,5349
20,92,5407
20,93,5564
20,94,5599
20,95,5651
20,96,5762
20,97,5823
20,98,5887
20,99,5903
20,100,5947
20,101,6049
20,102,6188
20,103,6466
20,104,6591
20,105,6592
20,106,6668
20,107,6732
20,108,6796
20,109,6851
20,110,6862
20,111,6905
20,112,6936
20,113,7011
20,114,7048
20,115,7090
20,116,7297
20,117,7505
20,118,7915
20,119,7959
20,120,8010
20,121,8065
20,122,8066
20,123,8093
20,124,8143
20,125,8270
20,126,8443
20,127,8526
20,128,8559
20,129,8589
20,130,8590
20,131,8943
20,132,9022
20,133,9076
20,134,9091
20,135,9172
20,136,9226
20,137,9249
20,138,9254
20,139,9256
20,140,9286
20,141,9296
20,142,9353
20,143,9428
20,144,9443
20,145,9490
20,146,9494
20,147,9533
20,148,9544
20,149,9685
20,150,9714
20,151,9757
20,152,9895
20,153,9937
20,154,10299
20,155,10322
20,156,10456
20,157,10482
20,158,10518
20,159,10566
20,160,10814
20,161,10854
20,162,10906
20,163,10916
20,164,10934
20,165,10950
20,166,11007
20,167,11053
20,168,11076
20,169,11114
20,170,11379
20,171,11418
20,172,11434
20,173,11442
20,174,11536
20,175,11539
20,176,11694
20,177,11801
20,178,11815
20,179,11848
20,180,11925
20,181,11958
20,182,11963
20,183,12090
20,184,12252
20,185,12325
20,186,12332
20,187,12448
20,188,12660
20,189,12882
20,190,13165
20,191,13222
20,192,13290
20,193,13335
20,194,13417
20,195,13548
20,196,13556
20,197,13591
20,198,13627
20,199,13643
20,200,13695
20,201,13764
20,202,13798
20,203,13949
20,204,14034
20,205,14050
20,206,14069
20,207,14185
20,208,14191
20,209,14268
20,210,14320
20,211,14386
20,212,14427
20,213,14441
20,214,14480
20,215,14583
20,216,14782
20,217,14802
20,218,14820
20,219,14954
20,220,14972
20,221,14977
20,222,15021
20,223,15134
20,224,15217
20,225,15265
20,226,15266
20,227,15497
20,228,15613
20,229,15641
20,230,15694
20,231,15764
20,232,15816
20,233,15890
20,234,15923
20,235,15952
20,236,16026
20,237,16079
20,238,16204
20,239,16212
20,240,16299
20,241,16303
20,242,16328
20,243,16555
20,244,16642
20,245,16653
20,246,16681
20,247,16747
20,248,16764
20,249,16776
20,250,16979
20,251,16991
20,252,17033
20,253,17321
20,254,17472
20,255,17526
20,256,17581
20,257,17604
20,258,17769
20,259,17805
20,260,17894
20,261,17925
20,262,17931
20,263,17994
20,264,18059
20,265,18075
20,266,18111
20,267,18126
20,268,18184
20,269,18210
20,270,18293
20,271,18485
20,272,18604
20,273,18667
20,274,18676
20,275,18717
20,276,18727
20,277,18884
20,278,18977
20,279,19008
20,280,19039
20,281,19063
20,282,19106
20,283,19132
20,284,19240
20,285,19288
20,286,19502
20,287,19580
20,288,19597
20,289,19709
20,290,19747
20,291,19751
20,292,19785
20,293,19938
20,294,19980
20,295,19999
20,296,20138
20,297,20152
20,298,20186
20,299,20211
20,300,20285
20,301,20337
20,302,20475
20,303,20491
20,304,20514
20,305,20549
20,306,20593
20,307,20633
20,308,20682
20,309,20704
20,310,20806
20,311,20826
20,312,20863
20,313,20894
20,314,20949
20,315,21119
20,316,21242
20,317,21285
20,318,21488
20,319,21562
20,320,21605
20,321,21723
20,322,21786
20,323,21860
20,324,21874
20,325,21880
20,326,21889
20,327,21900
20,328,21986
20,329,21994
20,330,22020
20,331,22031
20,332,22034
20,333,22118
20,334,22233
20,335,22274
20,336,22283
20,337,22340
20,338,22362
20,339,22407
20,340,22500
20,341,22535
20,342,22693
20,343,22722
20,344,22788
20,345,22790
20,346,22919
20,347,22985
20,348,22997
20,349,23219
20,350,23420
20,351,23426
20,352,23580
20,353,23712
20,354,23718
20,355,23877
20,356,23920
20,357,23962
20,358,24037
20,359,24053
20,360,24108
20,361,24109
20,362,24207
20,363,24346
20,364,24493
20,365,24548
20,366,24679
20,367,24733
20,368,24903
20,369,24927
20,370,24939
20,371,25003
20,372,25032
20,373,25144
20,374,25151
20,375,25163
20,376,25229
20,377,25331
20,378,25479
20,379,25593
20,380,25606
20,381,25616
20,382,25635
20,383,25718
20,384,25768
20,385,25780
20,386,25858
20,387,25889
20,388,25944
20,389,25999
20,390,26059
20,391,26119
20,392,26160
20,393,26184
20,394,26210
20,395,26256
20,396,26296
20,397,26403
20,398,26431
20,399,26458
20,400,26479
20,401,26515
20,402,26668
20,403,26715
20,404,26812
20,405,26857
20,406,27099
20,407,27120
20,408,27206
20,409,27225
20,410,27279
20,411,27369
20,412,27551
20,413,27690
20,414,27710
20,415,27722
20,416,27776
20,417,27778
20,418,27896
20,419,27899
20,420,28022
20,421,28047
20,422,28386
20,423,28469
20,424,28529
20,425,28634
20,426,28679
20,427,28718
20,428,28874
20,429,28889
20,430,28987
20,431,29000
20,432,29039
20,433,29076
20,434,29454
20,435,29708
20,436,29747
20,437,29777
20,438,29778
20,439,30123
20,440,30172
20,441,30246
20,442,30337
20,443,30356
20,444,30492
20,445,30499
20,446,30592
20,447,30664
20,448,30861
20,449,30867
20,450,30959
20,451,30963
20,452,30984
20,453,31040
20,454,31120
20,455,31137
20,456,31184
20,457,31203
20,458,31229
20,459,31329
20,460,31339
20,461,31341
20,462,31363
20,463,31378
20,464,31394
20,465,31411
20,466,31546
20,467,31595
20,468,31612
20,469,31793
20,470,31809
20,471,31848
20,472,31858
20,473,31859
20,474,31960
20,475,32153
20,476,32238
20,477,32255
20,478,32278
20,479,32366
20,480,32718
20,481,32773
20,482,32838
20,483,32865
20,484,32870
20,485,32942
20,486,33001
20,487,33082
20,488,33196
20,489,33410
20,490,33419
20,491,33584
20,492,33604
20,493,33632
20,494,33657
20,495,33671
20,496,33730
20,497,33732
20,498,33733
20,499,33834
20,500,33878
20,501,33907
20,502,33984
20,503,34022
20,504,34027
20,505,34033
20,506,34082
20,507,34248
20,508,34275
20,509,34282
20,510,34415
20,511,34420
20,512,34464
20,513,34466
20,514,34547
20,515,34656
20,516,34679
20,517,34695
20,518,34702
20,519,34731
20,520,34750
20,521,34779
20,522,34781
20,523,34840
20,524,34874
20,525,34968
20,526,34991
20,527,35001
20,528,35016
20,529,35023
20,530,35087
20,531,35188
20,532,35189
20,533,35293
20,534,35300
20,535,35382
20,536,35441
20,537,35539
20,538,35597
20,539,35614
20,540,35726
20,541,35788
20,542,35884
20,543,36055
20,544,36057
20,545,36134
20,546,36199
20,547,36201
20,548,36340
20,549,36345
20,550,36434
20,551,36567
20,552,36591
20,553,36673
20,554,36770
20,555,36776
20,556,36781
20,557,36853
20,558,36925
20,559,36946
20,560,37107
20,561,37341
20,562,37389
20,563,37402
20,564,37428
20,565,37581
20,566,37602
20,567,37675
20,568,37799
20,569,37806
20,570,37822
20,571,37868
20,572,37885
20,573,37899
20,574,37962
20,575,37966
20,576,38145
20,577,38218
20,578,38232
20,579,38260
20,580,38410
20,581,38461
20,582,38543
20,583,38559
20,584,38622
20,585,38685
20,586,38691
20,587,38848
20,588,38863
20,589,38926
20,590,38931
20,591,38999
20,592,39103
20,593,39279
20,594,39392
20,595,39402
20,596,39520
20,597,39566
20,598,39644
20,599,39800
20,600,39900
20,601,39983
20,602,40172
20,603,40365
20,604,40424
20,605,40460
20,606,40580
20,607,40642
20,608,40668
20,609,40723
20,610,40738
20,611,40753
20,612,40900
20,613,40925
20,614,40930
20,615,40967
20,616,41038
20,617,41040
20,618,41073
20,619,41078
20,620,41131
20,621,41250
20,622,41448
20,623,41497
20,624,41532
20,625,41567
20,626,41614
20,627,41615
20,628,41732
20,629,41811
20,630,41815
20,631,41928
20,632,41996
20,633,42020
20,634,42030
20,635,42047
20,636,42134
20,637,42152
20,638,42238
20,639,42244
20,640,42281
20,641,42495
20,642,42649
20,643,42764
20,644,42814
20,645,42873
20,646,42910
20,647,43017
20,648,43113
20,649,43175
20,650,43283
20,651,43306
20,652,43320
20,653,43424
20,654,43460
20,655,43486
20,656,43542
20,657,43623
20,658,43637
20,659,43651
20,660,43799
20,661,43881
20,662,43882
20,663,43932
20,664,43944
20,665,43957
20,666,44096
20,667,44198
20,668,44296
20,669,44379
20,670,44393
20,671,44404
20,672,44416
20,673,44497
20,674,44504
20,675,44526
20,676,44583
20,677,44669
20,678,44755
20,679,44763
20,680,44782
20,681,44872
20,682,44883
20,683,44891
20,684,45049
20,685,45082
20,686,45194
20,687,45200
20,688,45291
20,689,45344
20,690,45358
20,691,45597
20,692,45614
20,693,45763
20,694,45860
20,695,45962
20,696,46023
20,697,46342
20,698,46408
20,699,46414
20,700,46464
20,701,46469
20,702,46475
20,703,46485
20,704,46491
20,705,46542
20,706,46550
20,707,46577
20,708,46595
20,709,46613
20,710,46724
20,711,46857
20,712,46976
20,713,46992
20,714,47138
20,715,47150
20,716,47170
20,717,47187
20,718,47188
20,719,47191
20,720,47216
20,721,47219
20,722,47261
20,723,47300
20,724,47306
20,725,47393
20,726,47395
20,727,47468
20,728,47511
20,729,47586
20,730,47648
20,731,47664
20,732,47693
20,733,47698
20,734,47724
20,735,47804
20,736,47811
20,737,47883
20,738,47945
20,739,47953
20,740,48136
20,741,48173
20,742,48182
20,743,48243
20,744,48244
20,745,48245
20,746,48337
20,747,48398
20,748,48440
20,749,48484
20,750,48487
20,751,48510
20,752,48544
20,753,48646
20,754,48729
20,755,48815
20,756,48975
20,757,49028
20,758,49109
20,759,49212
20,760,49333
20,761,49384
20,762,49385
20,763,49425
20,764,49531
20,765,49584
20,766,49683
20,767,49786
20,768,50058
20,769,50082
20,770,50093
20,771,50155
20,772,50162
20,773,50175
20,774,50189
20,775,50240
20,776,50279
20,777,50307
20,778,50314
20,779,50326
20,780,50372
20,781,50484
20,782,50510
20,783,50577
20,784,50579
20,785,50776
20,786,50818
20,787,50836
20,788,50871
20,789,50899
20,790,51001
20,791,51102
20,792,51136
20,793,51173
20,794,51234
20,795,51257
20,796,51314
20,797,51331
20,798,51347
20,799,51452
20,800,51453
20,801,51552
20,802,51869
20,803,51877
20,804,51878
20,805,51984
20,806,52167
20,807,52369
20,808,52436
20,809,52447
20,810,52492
20,811,52579
20,812,52590
20,813,52592
20,814,52644
20,815,52663
20,816,52742
20,817,52758
20,818,52810
20,819,52841
20,820,53025
20,821,53071
20,822,53098
20,823,53176
20,824,53208
20,825,53268
20,826,53328
20,827,53339
20,828,53342
20,829,53509
20,830,53569
20,831,53664
20,832,53826
20,833,53850
20,834,53865
20,835,53879
20,836,54015
20,837,54214
20,838,54441
20,839,54553
20,840,54649
20,841,54806
20,842,54817
20,843,54834
20,844,55002
20,845,55161
20,846,55187
20,847,55246
20,848,55258
20,849,55321
20,850,55393
20,851,55450
20,852,55626
20,853,55725
20,854,55859
20,855,55958
20,856,55970
20,857,55975
20,858,55995
20,859,56055
20,860,56087
20,861,56154
20,862,56191
20,863,56223
20,864,56251
20,865,56279
20,866,56403
20,867,56414
20,868,56423
20,869,56431
20,870,56594
20,871,56600
20,872,56627
20,873,56819
20,874,56826
20,875,56829
20,876,56856
20,877,56990
20,878,57081
20,879,57092
20,880,57099
20,881,57250
20,882,57362
20,883,57363
20,884,57398
20,885,57543
20,886,57556
20,887,57602
20,888,57627
20,889,57635
20,890,57637
20,891,57667
20,892,57683
20,893,57696
20,894,57758
20,895,57795
20,896,57904
20,897,57968
20,898,58018
20,899,58020
20,900,58023
20,901,58085
20,902,58186
20,903,58332
20,904,58356
20,905,58372
20,906,58421
20,907,58537
20,908,58565
20,909,58568
20,910,58575
20,911,58579
20,912,58639
20,913,58671
20,914,58672
20,915,58805
20,916,58816
20,917,58945
20,918,58977
20,919,58997
20,920,59077
20,921,59113
20,922,59219
20,923,59353
20,924,59407
20,925,59427
20,926,59485
20,927,59635
20,928,59681
20,929,59699
20,930,59750
20,931,59858
20,932,59872
20,933,59927
20,934,59986
20,935,60042
20,936,60094
20,937,60109
20,938,60135
20,939,60150
20,940,60196
20,941,60201
20,942,60242
20,943,60312
20,944,60493
20,945,60534
20,946,60554
20,947,60698
20,948,60868
20,949,60888
20,950,60890
20,951,60965
20,952,61017
20,953,61144
20,954,61177
20,955,61213
20,956,61265
20,957,61268
20,958,61341
20,959,61449
20,960,61475
20,961,61632
20,962,61650
20,963,61827
20,964,61847
20,965,61986
20,966,62006
20,967,62028
20,968,62089
20,969,62178
20,970,62238
20,971,62338
20,972,62339
20,973,62385
20,974,62479
20,975,62496
20,976,62588
20,977,62620
20,978,62630
20,979,62871
20,980,62877
20,981,62918
20,982,62949
20,983,63048
20,984,63051
20,985,63080
20,986,63095
20,987,63108
20,988,63146
20,989,63166
20,990,63243
20,991,63263
20,992,63362
20,993,63516
20,994,63547
20,995,63596
20,996,63603
20,997,63689
20,998,63715
20,999,63716
20,1000,63892
20,1001,63902
20,1002,63922
20,1003,64032
20,1004,64128
20,1005,64190
20,1006,64218
20,1007,64281
20,1008,64333
20,1009,64357
20,1010,64410
20,1011,64413
20,1012,64555
20,1013,64649
20,1014,64688
20,1015,64743
20,1016,64768
20,1017,64780
20,1018,64939
20,1019,65122
20,1020,65156
20,1021,65275
20,1022,65279
20,1023,65485
21,0,33
21,1,69
21,2,187
21,3,195
21,4,292
21,5,433
21,6,519
21,7,556
21,8,610
21,9,621
21,10,707
21,11,741
21,12,881
21,13,899
21,14,1030
21,15,1080
21,16,1082
21,17,1116
21,18,1134
21,19,1211
21,20,1228
21,21,1239
21,22,1267
21,23,1286
21,24,1394
21,25,1464
21,26,1561
21,27,1567
21,28,1667
21,29,1734
21,30,1756
21,31,1766
21,32,1775
21,33,1791
21,34,1812
21,35,1813
21,36,1890
21,37,1936
21,38,1950
21,39,1977
21,40,2030
21,41,2114
21,42,2133
21,43,2192
21,44,2210
21,45,2231
21,46,2443
21,47,2537
21,48,2612
21,49,2673
21,50,2675
21,51,2694
21,52,2818
21,53,2966
21,54,3088
21,55,3111
21,56,3161
21,57,3262
21,58,3271
21,59,3284
21,60,3544
21,61,3668
21,62,3728
21,63,3765
21,64,3797
21,65,3880
21,66,3918
21,67,3968
21,68,4022
21,69,4083
21,70,4143
21,71,4196
21,72,4206
21,73,4250
21,74,4403
21,75,4530
21,76,4535
21,77,4630
21,78,4731
21,79,4891
21,80,4898
21,81,5126
21,82,5138
21,83,5182
21,84,5205
21,85,5359
21,86,5366
21,87,5383
21,88,5415
21,89,5531
21,90,5600
21,91,5688
21,92,5763
21,93,5879
21,94,5910
21,95,6032
21,96,6081
21,97,6083
21,98,6125
21,99,6150
21,100,6196
21,101,6213
21,102,6271
21,103,6272
21,104,6280
21,105,6310
21,106,6311
21,107,6334
21,108,6422
21,109,6535
21,110,6546
21,111,6586
21,112,6756
21,113,6758
21,114,6839
21,115,6844
21,116,6851
21,117,6928
21,118,6944
21,119,6973
21,120,7074
21,121,7194
21,122,7282
21,123,7400
21,124,7540
21,125,7591
21,126,7612
21,127,7724
21,128,7760
21,129,7852
21,130,8216
21,131,8226
21,132,8478
21,133,8482
21,134,8511
21,135,8512
21,136,8632
21,137,8778
21,138,8797
21,139,8972
21,140,9068
21,141,9086
21,142,9216
21,143,9375
21,144,9396
21,145,9447
21,146,9459
21,147,9461
21,148,9481
21,149,9508
21,150,9513
21,151,9557
21,152,9572
21,153,9573
21,154,9609
21,155,9725
21,156,9803
21,157,9810
21,158,9919
21,159,10097
21,160,10222
21,161,10245
21,162,10250
21,163,10352
21,164,10506
21,165,10551
21,166,10638
21,167,10736
21,168,10774
21,169,10817
21,170,10833
21,171,10969
21,172,11007
21,173,11080
21,174,11104
21,175,11143
21,176,11229
21,177,11404
21,178,11442
21,179,11443
21,180,11490
21,181,11498
21,182,11612
21,183,11771
21,184,11779
21,185,11810
21,186,11817
21,187,11820
21,188,11830
21,189,11852
21,190,11904
21,191,12064
21,192,12239
21,193,12275
21,194,12317
21,195,12386
21,196,12387
21,197,12524
21,198,12690
21,199,12709
21,200,12819
21,201,12899
21,202,12932
21,203,13110
21,204,13282
21,205,13286
21,206,13382
21,207,13478
21,208,13483
21,209,13540
21,210,13743
21,211,13745
21,212,13779
21,213,13843
21,214,13846
21,215,14138
21,216,14201
21,217,14424
21,218,14623
21,219,14765
21,220,14787
21,221,14799
21,222,14872
21,223,14909
21,224,14921
21,225,15031
21,226,15125
21,227,15183
21,228,15236
21,229,15261
21,230,15510
21,231,15698
21,232,15755
21,233,15865
21,234,15884
21,235,15960
21,236,16048
21,237,16068
21,238,16111
21,239,16249
21,240,16279
21,241,16284
21,242,16329
21,243,16343
21,244,16383
21,245,16431
21,246,16450
21,247,16566
21,248,16613
21,249,16652
21,250,16748
21,251,16778
21,252,16785
21,253,16804
21,254,16842
21,255,17088
21,256,17126
21,257,17165
21,258,17247
21,259,17305
21,260,17322
21,261,17356
21,262,17367
21,263,17374
21,264,17821
21,265,17903
21,266,17938
21,267,17974
21,268,18040
21,269,18116
21,270,18188
21,271,18272
21,272,18352
21,273,18494
21,274,18502
21,275,18591
21,276,18688
21,277,18765
21,278,18780
21,279,19042
21,280,19058
21,281,19116
21,282,19122
21,283,19222
21,284,19231
21,285,19265
21,286,19283
21,287,19295
21,288,19331
21,289,19429
21,290,19518
21,291,19521
21,292,19678
21,293,19794
21,294,19824
21,295,19845
21,296,19852
21,297,19934
21,298,19988
21,299,20007
21,300,20058
21,301,20080
21,302,20090
21,303,20103
21,304,20249
21,305,20272
21,306,20314
21,307,20392
21,308,20436
21,309,20487
21,310,20539
21,311,20689
21,312,20837
21,313,20971
21,314,21011
21,315,21089
21,316,21180
21,317,21336
21,318,21361
21,319,21479
21,320,21485
21,321,21522
21,322,21539
21,323,21607
21,324,21615
21,325,21636
21,326,21678
21,327,21687
21,328,21742
21,329,21909
21,330,21967
21,331,21980
21,332,22076
21,333,22121
21,334,22131
21,335,22149
21,336,22183
21,337,22194
21,338,22203
21,339,22265
21,340,22331
21,341,22396
21,342,22407
21,343,22458
21,344,22605
21,345,22761
21,346,22768
21,347,22776
21,348,23067
21,349,23120
21,350,23139
21,351,23200
21,352,23284
21,353,23285
21,354,23338
21,355,23362
21,356,23430
21,357,24042
21,358,24109
21,359,24112
21,360,24148
21,361,24254
21,362,24319
21,363,24321
21,364,24367
21,365,24405
21,366,24416
21,367,24495
21,368,24513
21,369,24546
21,370,24557
21,371,24678
21,372,24688
21,373,24698
21,374,24767
21,375,24789
21,376,24818
21,377,24826
21,378,24832
21,379,24859
21,380,24885
21,381,25028
21,382,25117
21,383,25140
21,384,25142
21,385,25184
21,386,25222
21,387,25310
21,388,25334
21,389,25355
21,390,25359
21,391,25457
21,392,25473
21,393,25476
21,394,25598
21,395,25599
21,396,25611
21,397,25635
21,398,25666
21,399,25701
21,400,25781
21,401,25823
21,402,25965
21,403,26009
21,404,26079
21,405,26097
21,406,26129
21,407,26155
21,408,26221
21,409,26259
21,410,26323
21,411,26535
21,412,26650
21,413,26755
21,414,26810
21,415,26874
21,416,26937
21,417,26945
21,418,26995
21,419,27019
21,420,27041
21,421,27123
21,422,27127
21,423,27162
21,424,27263
21,425,27372
21,426,27375
21,427,27419
21,428,27600
21,429,27616
21,430,27671
21,431,27715
21,432,27758
21,433,27811
21,434,27868
21,435,27947
21,436,27961
21,437,28046
21,438,28060
21,439,28265
21,440,28280
21,441,28330
21,442,28561
21,443,28585
21,444,28643
21,445,28645
21,446,28681
21,447,28747
21,448,28859
21,449,28966
21,450,29109
21,451,29151
21,452,29228
21,453,29239
21,454,29254
21,455,29496
21,456,29503
21,457,29541
21,458,29677
21,459,29730
21,460,29749
21,461,29888
21,462,29995
21,463,30136
21,464,30166
21,465,30272
21,466,30296
21,467,30394
21,468,30442
21,469,30480
21,470,30555
21,471,30583
21,472,30608
21,473,30653
21,474,30670
21,475,30675
21,476,30695
21,477,30756
21,478,30808
21,479,30861
21,480,31034
21,481,31056
21,482,31208
21,483,31214
21,484,31243
21,485,31320
21,486,31400
21,487,31401
21,488,31409
21,489,31549
21,490,31565
21,491,31690
21,492,31771
21,493,31868
21,494,31895
21,495,32033
21,496,32035
21,497,32200
21,498,32229
21,499,32325
21,500,32352
21,501,32376
21,502,32377
21,503,32716
21,504,32739
21,505,32747
21,506,32749
21,507,32916
21,508,33032
21,509,33129
21,510,33198
21,511,33218
21,512,33258
21,513,33315
21,514,33518
21,515,33525
21,516,33548
21,517,33670
21,518,33911
21,519,34066
21,520,34117
21,521,34200
21,522,34262
21,523,34273
21,524,34390
21,525,34397
21,526,34405
21,527,34429
21,528,34474
21,529,34516
21,530,34668
21,531,34782
21,532,34827
21,533,35071
21,534,35105
21,535,35134
21,536,35359
21,537,35504
21,538,35520
21,539,35521
21,540,35550
21,541,35742
21,542,35745
21,543,35846
21,544,35947
21,545,35956
21,546,36036
21,547,36064
21,548,36066
21,549,36145
21,550,36364
21,551,36434
21,552,36485
21,553,36509
21,554,36533
21,555,36543
21,556,36568
21,557,36741
21,558,36821
21,559,36866
21,560,36904
21,561,36938
21,562,36981
21,563,37032
21,564,37051
21,565,37071
21,566,37103
21,567,37106
21,568,37117
21,569,37179
21,570,37191
21,571,37209
21,572,37361
21,573,37385
21,574,37391
21,575,37398
21,576,37462
21,577,37466
21,578,37516
21,579,37644
21,580,37645
21,581,37700
21,582,37775
21,583,37792
21,584,37810
21,585,37836
21,586,37974
21,587,38005
21,588,38060
21,589,38183
21,590,38211
21,591,38212
21,592,38473
21,593,38504
21,594,38516
21,595,38535
21,596,38655
21,597,38680
21,598,38846
21,599,38858
21,600,38869
21,601,38876
21,602,38968
21,603,39166
21,604,39231
21,605,39244
21,606,39500
21,607,39513
21,608,39636
21,609,39775
21,610,39833
21,611,39909
21,612,39941
21,613,39954
21,614,39978
21,615,40000
21,616,40187
21,617,40217
21,618,40242
21,619,40244
21,620,40251
21,621,40277
21,622,40355
21,623,40472
21,624,40544
21,625,40736
21,626,40761
21,627,40766
21,628,40836
21,629,40856
21,630,41049
21,631,41203
21,632,41218
21,633,41383
21,634,41407
21,635,41472
21,636,41601
21,637,41640
21,638,41642
21,639,41727
21,640,41798
21,641,41848
21,642,41856
21,643,41872
21,644,41889
21,645,41892
21,646,41905
21,647,41907
21,648,41918
21,649,41924
21,650,41938
21,651,41968
21,652,42021
21,653,42070
21,654,42075
21,655,42342
21,656,42358
21,657,42468
21,658,42616
21,659,42621
21,660,42775
21,661,42832
21,662,42964
21,663,43088
21,664,43101
21,665,43157
21,666,43231
21,667,43313
21,668,43376
21,669,43388
21,670,43478
21,671,43590
21,672,43623
21,673,43648
21,674,43709
21,675,43897
21,676,43930
21,677,43947
21,678,44040
21,679,44199
21,680,44235
21,681,44319
21,682,44365
21,683,44372
21,684,44408
21,685,44462
21,686,44524
21,687,44537
21,688,44547
21,689,44558
21,690,44562
21,691,44603
21,692,44702
21,693,44703
21,694,44769
21,695,44832
21,696,44833
21,697,44907
21,698,45001
21,699,45091
21,700,45178
21,701,45210
21,702,45275
21,703,45276
21,704,45326
21,705,45392
21,706,45430
21,707,45446
21,708,45485
21,709,45530
21,710,45534
21,711,45603
21,712,45624
21,713,45676
21,714,45707
21,715,45739
21,716,45815
21,717,45906
21,718,45954
21,719,45992
21,720,46094
21,721,46104
21,722,46105
21,723,46125
21,724,46228
21,725,46314
21,726,46421
21,727,46509
21,728,46564
21,729,46587
21,730,46602
21,731,46714
21,732,46828
21,733,46877
21,734,47022
21,735,47037
21,736,47057
21,737,47116
21,738,47316
21,739,47326
21,740,47327
21,741,47351
21,742,47364
21,743,47370
21,744,47435
21,745,47444
21,746,47544
21,747,47626
21,748,47724
21,749,47888
21,750,47993
21,751,48070
21,752,48076
21,753,48251
21,754,48304
21,755,48336
21,756,48401
21,757,48446
21,758,48471
21,759,48476
21,760,48840
21,761,48859
21,762,48987
21,763,49018
21,764,49038
21,765,49050
21,766,49085
21,767,49252
21,768,49348
21,769,49371
21,770,49465
21,771,49543
21,772,49546
21,773,49651
21,774,49745
21,775,49865
21,776,49905
21,777,49939
21,778,50015
21,779,50019
21,780,50023
21,781,50090
21,782,50123
21,783,50158
21,784,50265
21,785,50272
21,786,50285
21,787,50325
21,788,50343
21,789,50505
21,790,50517
21,791,50518
21,792,50544
21,793,50546
21,794,50623
21,795,50647
21,796,50680
21,797,50759
21,798,50827
21,799,50968
21,800,50996
21,801,51006
21,802,51025
21,803,51084
21,804,51093
21,805,51122
21,806,51123
21,807,51126
21,808,51127
21,809,51130
21,810,51169
21,811,51180
21,812,51185
21,813,51405
21,814,51469
21,815,51649
21,816,51657
21,817,51735
21,818,51795
21,819,51912
21,820,52049
21,821,52057
21,822,52094
21,823,52175
21,824,52193
21,825,52303
21,826,52348
21,827,52452
21,828,52453
21,829,52495
21,830,52597
21,831,52641
21,832,52646
21,833,52656
21,834,52691
21,835,52692
21,836,52705
21,837,52770
21,838,52797
21,839,52800
21,840,52922
21,841,52958
21,842,52974
21,843,53034
21,844,53077
21,845,53104
21,846,53157
21,847,53266
21,848,53459
21,849,53614
21,850,53625
21,851,53667
21,852,53775
21,853,53796
21,854,53847
21,855,53888
21,856,53990
21,857,54042
21,858,54061
21,859,54222
21,860,54252
21,861,54317
21,862,54434
21,863,54717
21,864,54730
21,865,54912
21,866,54949
21,867,54954
21,868,55018
21,869,55033
21,870,55266
21,871,55303
21,872,55328
21,873,55499
21,874,55583
21,875,55661
21,876,55690
21,877,55701
21,878,55779
21,879,55856
21,880,55862
21,881,55873
21,882,55901
21,883,56079
21,884,56090
21,885,56163
21,886,56179
21,887,56224
21,888,56253
21,889,56304
21,890,56358
21,891,56380
21,892,56462
21,893,56475
21,894,56688
21,895,56874
21,896,56913
21,897,56932
21,898,56984
21,899,56987
21,900,57007
21,901,57009
21,902,57126
21,903,57301
21,904,57310
21,905,57454
21,906,57458
21,907,57464
21,908,57567
21,909,57675
21,910,57722
21,911,57778
21,912,57787
21,913,57865
21,914,57998
21,915,58062
21,916,58108
21,917,58149
21,918,58157
21,919,58223
21,920,58235
21,921,58245
21,922,58254
21,923,58271
21,924,58285
21,925,58319
21,926,58332
21,927,58456
21,928,58503
21,929,58529
21,930,58549
21,931,58590
21,932,58718
21,933,59023
21,934,59085
21,935,59101
21,936,59111
21,937,59183
21,938,59345
21,939,59525
21,940,59615
21,941,59674
21,942,59675
21,943,59682
21,944,59730
21,945,59757
21,946,59892
21,947,59908
21,948,59974
21,949,60176
21,950,60187
21,951,60385
21,952,60414
21,953,60441
21,954,60515
21,955,60628
21,956,60675
21,957,60826
21,958,60854
21,959,61007
21,960,61082
21,961,61137
21,962,61145
21,963,61272
21,964,61391
21,965,61399
21,966,61629
21,967,61707
21,968,61709
21,969,61729
21,970,61803
21,971,61854
21,972,61860
21,973,61893
21,974,61899
21,975,61951
21,976,61983
21,977,62030
21,978,62063
21,979,62249
21,980,62293
21,981,62311
21,982,62346
21,983,62383
21,984,62417
21,985,62429
21,986,62531
21,987,62538
21,988,62675
21,989,62762
21,990,62783
21,991,62804
21,992,63046
21,993,63114
21,994,63122
21,995,63148
21,996,63156
21,997,63224
21,998,63237
21,999,63248
21,1000,63526
21,1001,63680
21,1002,63687
21,1003,63751
21,1004,63792
21,1005,63816
21,1006,63854
21,1007,64008
21,1008,64069
21,1009,64128
21,1010,64404
21,1011,64523
21,1012,64703
21,1013,64714
21,1014,64715
21,1015,64843
21,1016,64900
21,1017,65070
21,1018,65159
21,1019,65166
21,1020,65190
21,1021,65225
21,1022,65314
21,1023,65404
22,0,120
22,1,134
22,2,143
22,3,225
22,4,247
22,5,304
22,6,347
22,7,541
22,8,552
22,9,602
22,10,626
22,11,684
22,12,749
22,13,765
22,14,809
22,15,861
22,16,976
22,17,1024
22,18,1090
22,19,1127
22,20,1200
22,21,1272
22,22,1374
22,23,1378
22,24,1409
22,25,1678
22,26,1730
22,27,1746
22,28,1886
22,29,1992
22,30,2014
22,31,2016
22,32,2180
22,33,2206
22,34,2377
22,35,2418
22,36,2430
22,37,2490
22,38,2507
22,39,2534
22,40,2651
22,41,2751
22,42,2844
22,43,2924
22,44,3016
22,45,3021
22,46,3112
22,47,3169
22,48,3587
22,49,3741
22,50,3745
22,51,3834
22,52,3885
22,53,3926
22,54,3938
22,55,3983
22,56,3998
22,57,4009
22,58,4151
22,59,4225
22,60,4284
22,61,4439
22,62,4451
22,63,4455
22,64,4496
22,65,4548
22,66,4637
22,67,4681
22,68,4849
22,69,4885
22,70,4945
22,71,5089
22,72,5105
22,73,5229
22,74,5432
22,75,5470
22,76,5479
22,77,5624
22,78,5811
22,79,5863
22,80,5890
22,81,5940
22,82,5995
22,83,6030
22,84,6138
22,85,6188
22,86,6210
22,87,6256
22,88,6318
22,89,6341
22,90,6346
22,91,6372
22,92,6389
22,93,6410
22,94,6433
22,95,6440
22,96,6442
22,97,6480
22,98,6503
22,99,6553
22,100,6589
22,101,6640
22,102,6725
22,103,6917
22,104,6958
22,105,7060
22,106,7098
22,107,7113
22,108,7124
22,109,7205
22,110,7206
22,111,7286
22,112,7304
22,113,7313
22,114,7442
22,115,7554
22,116,7667
22,117,7676
22,118,7861
22,119,8034
22,120,8064
22,121,8098
22,122,8220
22,123,8399
22,124,8403
22,125,8480
22,126,8622
22,127,8667
22,128,8731
22,129,8782
22,130,8799
22,131,8813
22,132,8818
22,133,8827
22,134,8954
22,135,8974
22,136,8988
22,137,9006
22,138,9170
22,139,9238
22,140,9268
22,141,9458
22,142,9476
22,143,9492
22,144,9523
22,145,9813
22,146,9859
22,147,9908
22,148,9986
22,149,10059
22,150,10067
22,151,10073
22,152,10091
22,153,10112
22,154,10116
22,155,10219
22,156,10346
22,157,10392
22,158,10485
22,159,10493
22,160,10588
22,161,10601
22,162,10616
22,163,10632
22,164,10662
22,165,10667
22,166,10680
22,167,10697
22,168,10728
22,169,10942
22,170,11044
22,171,11206
22,172,11209
22,173,11379
22,174,11407
22,175,11442
22,176,11481
22,177,11552
22,178,11564
22,179,11575
22,180,11729
22,181,11808
22,182,11815
22,183,11911
22,184,11950
22,185,12055
22,186,12313
22,187,12324
22,188,12422
22,189,12439
22,190,12557
22,191,12598
22,192,12644
22,193,12815
22,194,12839
22,195,12855
22,196,12920
22,197,12992
22,198,13002
22,199,13078
22,200,13133
22,201,13181
22,202,13186
22,203,13258
22,204,13427
22,205,13433
22,206,13462
22,207,13469
22,208,13503
22,209,13602
22,210,13634
22,211,13639
22,212,13698
22,213,13839
22,214,13870
22,215,14016
22,216,14095
22,217,14106
22,218,14113
22,219,14231
22,220,14241
22,221,14296
22,222,14367
22,223,14410
22,224,14419
22,225,14467
22,226,14502
22,227,14570
22,228,14691
22,229,14740
22,230,14796
22,231,14851
22,232,14991
22,233,15082
22,234,15168
22,235,15253
22,236,15274
22,237,15301
22,238,15324
22,239,15367
22,240,15376
22,241,15419
22,242,15423
22,243,15443
22,244,15444
22,245,15451
22,246,15517
22,247,15589
22,248,15647
22,249,15812
22,250,15825
22,251,15975
22,252,16232
22,253,16238
22,254,16259
22,255,16267
22,256,16430
22,257,16752
22,258,16905
22,259,16928
22,260,16941
22,261,16947
22,262,16967
22,263,17084
22,264,17086
22,265,17212
22,266,17303
22,267,17361
22,268,17459
22,269,17486
22,270,17562
22,271,17566
22,272,17593
22,273,17815
22,274,17872
22,275,17908
22,276,18141
22,277,18211
22,278,18415
22,279,18470
22,280,18472
22,281,18574
22,282,18596
22,283,18607
22,284,18765
22,285,18859
22,286,18889
22,287,18907
22,288,18954
22,289,19059
22,290,19060
22,291,19097
22,292,19148
22,293,19284
22,294,19345
22,295,19362
22,296,19517
22,297,19639
22,298,19691
22,299,19718
22,300,19809
22,301,19944
22,302,19950
22,303,19966
22,304,20005
22,305,20017
22,306,20144
22,307,20181
22,308,20264
22,309,20334
22,310,20399
22,311,20453
22,312,20497
22,313,20581
22,314,20776
22,315,20821
22,316,21037
22,317,21095
22,318,21240
22,319,21253
22,320,21266
22,321,21273
22,322,21287
22,323,21406
22,324,21732
22,325,21792
22,326,21958
22,327,22008
22,328,22054
22,329,22104
22,330,22128
22,331,22167
22,332,22345
22,333,22432
22,334,22505
22,335,22539
22,336,22548
22,337,22694
22,338,22925
22,339,22962
22,340,22969
22,341,23005
22,342,23035
22,343,23056
22,344,23067
22,345,23101
22,346,23167
22,347,23191
22,348,23226
22,349,23258
22,350,23326
22,351,23499
22,352,23591
22,353,23721
22,354,23817
22,355,23856
22,356,23893
22,357,23910
22,358,24107
22,359,24192
22,360,24290
22,361,24309
22,362,24545
22,363,24664
22,364,24844
22,365,25078
22,366,25091
22,367,25095
22,368,25121
22,369,25128
22,370,25158
22,371,25163
22,372,25345
22,373,25430
22,374,25441
22,375,25453
22,376,25525
22,377,25562
22,378,25563
22,379,25584
22,380,25606
22,381,25651
22,382,25690
22,383,25773
22,384,25870
22,385,25898
22,386,25899
22,387,25926
22,388,26068
22,389,26081
22,390,26236
22,391,26247
22,392,26274
22,393,26285
22,394,26387
22,395,26480
22,396,26560
22,397,26602
22,398,26656
22,399,26769
22,400,26777
22,401,26909
22,402,26910
22,403,26913
22,404,26917
22,405,27065
22,406,27145
22,407,27175
22,408,27189
22,409,27209
22,410,27240
22,411,27307
22,412,27404
22,413,27547
22,414,27580
22,415,27586
22,416,27598
22,417,27612
22,418,27689
22,419,27702
22,420,27747
22,421,27763
22,422,27784
22,423,27789
22,424,27857
22,425,27877
22,426,27896
22,427,27909
22,428,27990
22,429,28031
22,430,28127
22,431,28173
22,432,28234
22,433,28269
22,434,28281
22,435,28292
22,436,28301
22,437,28308
22,438,28320
22,439,28405
22,440,28424
22,441,28473
22,442,28475
22,443,28599
22,444,28664
22,445,28678
22,446,28784
22,447,28797
22,448,28818
22,449,28858
22,450,28874
22,451,28894
22,452,28994
22,453,29026
22,454,29084
22,455,29149
22,456,29150
22,457,29444
22,458,29529
22,459,29563
22,460,29678
22,461,29733
22,462,29750
22,463,29945
22,464,29972
22,465,29999
22,466,30176
22,467,30285
22,468,30316
22,469,30449
22,470,30508
22,471,30524
22,472,30596
22,473,30677
22,474,30709
22,475,30736
22,476,30895
22,477,30958
22,478,31096
22,479,31101
22,480,31205
22,481,31216
22,482,31241
22,483,31263
22,484,31294
22,485,31305
22,486,31307
22,487,31365
22,488,31416
22,489,31574
22,490,31691
22,491,31817
22,492,31923
22,493,31956
22,494,31959
22,495,32062
22,496,32073
22,497,32217
22,498,32250
22,499,32393
22,500,32436
22,501,32469
22,502,32476
22,503,32556
22,504,32563
22,505,32611
22,506,32613
22,507,32732
22,508,32798
22,509,32799
22,510,32984
22,511,33006
22,512,33042
22,513,33071
22,514,33224
22,515,33234
22,516,33252
22,517,33257
22,518,33301
22,519,33321
22,520,33374
22,521,33528
22,522,33609
22,523,33700
22,524,33709
22,525,33746
22,526,33748
22,527,33778
22,528,33806
22,529,33844
22,530,33852
22,531,33915
22,532,34082
22,533,34089
22,534,34097
22,535,34173
22,536,34178
22,537,34202
22,538,34219
22,539,34273
22,540,34443
22,541,34471
22,542,34561
22,543,34696
22,544,34733
22,545,34747
22,546,34856
22,547,34890
22,548,34999
22,549,35044
22,550,35050
22,551,35057
22,552,35110
22,553,35118
22,554,35134
22,555,35186
22,556,35511
22,557,35536
22,558,35540
22,559,35559
22,560,35600
22,561,35602
22,562,35814
22,563,35855
22,564,35869
22,565,35900
22,566,35928
22,567,35935
22,568,35974
22,569,35981
22,570,35998
22,571,36042
22,572,36159
22,573,36216
22,574,36257
22,575,36281
22,576,36460
22,577,36491
22,578,36721
22,579,36793
22,580,36842
22,581,36926
22,582,36999
22,583,37037
22,584,37063
22,585,37137
22,586,37249
22,587,37351
22,588,37406
22,589,37428
22,590,37650
22,591,37774
22,592,37864
22,593,38071
22,594,38160
22,595,38435
22,596,38442
22,597,38624
22,598,38697
22,599,38853
22,600,38866
22,601,38868
22,602,38878
22,603,38902
22,604,38942
22,605,38968
22,606,39040
22,607,39048
22,608,39144
22,609,39168
22,610,39270
22,611,39272
22,612,39345
22,613,39389
22,614,39444
22,615,39497
22,616,39614
22,617,39710
22,618,39769
22,619,39878
22,620,39914
22,621,39916
22,622,39945
22,623,39976
22,624,40016
22,625,40019
22,626,40061
22,627,40074
22,628,40115
22,629,40342
22,630,40464
22,631,40485
22,632,40571
22,633,40613
22,634,40658
22,635,40756
22,636,40777
22,637,40839
22,638,40961
22,639,41016
22,640,41211
22,641,41224
22,642,41305
22,643,41331
22,644,41349
22,645,41544
22,646,41660
22,647,41700
22,648,41719
22,649,41743
22,650,41769
22,651,41776
22,652,41813
22,653,41911
22,654,42029
22,655,42033
22,656,42164
22,657,42274
22,658,42281
22,659,42299
22,660,42360
22,661,42538
22,662,42575
22,663,42596
22,664,42605
22,665,42681
22,666,42691
22,667,42789
22,668,42805
22,669,42853
22,670,42857
22,671,42967
22,672,43016
22,673,43151
22,674,43161
22,675,43243
22,676,43255
22,677,43334
22,678,43380
22,679,43498
22,680,43503
22,681,43659
22,682,43666
22,683,43672
22,684,43792
22,685,43843
22,686,43992
22,687,44004
22,688,44029
22,689,44125
22,690,44241
22,691,44254
22,692,44263
22,693,44270
22,694,44310
22,695,44319
22,696,44358
22,697,44439
22,698,44446
22,699,44458
22,700,44528
22,701,44575
22,702,44645
22,703,44697
22,704,44859
22,705,44923
22,706,44955
22,707,45011
22,708,45092
22,709,45301
22,710,45313
22,711,45586
22,712,45757
22,713,45787
22,714,45796
22,715,45890
22,716,45913
22,717,45970
22,718,46050
22,719,46059
22,720,46168
22,721,46175
22,722,46280
22,723,46298
22,724,46311
22,725,46317
22,726,46377
22,727,46459
22,728,46523
22,729,46610
22,730,46617
22,731,46657
22,732,46685
22,733,46731
22,734,46912
22,735,47127
22,736,47143
22,737,47346
22,738,47460
22,739,47466
22,740,47542
22,741,47836
22,742,48044
22,743,48081
22,744,48178
22,745,48235
22,746,48272
22,747,48281
22,748,48429
22,749,48467
22,750,48733
22,751,48797
22,752,48934
22,753,48947
22,754,48964
22,755,48979
22,756,49018
22,757,49027
22,758,49039
22,759,49053
22,760,49067
22,761,49097
22,762,49125
22,763,49200
22,764,49208
22,765,49261
22,766,49322
22,767,49355
22,768,49360
22,769,49566
22,770,49582
22,771,49748
22,772,49781
22,773,49854
22,774,49973
22,775,49983
22,776,50050
22,777,50217
22,778,50365
22,779,50376
22,780,50388
22,781,50451
22,782,50461
22,783,50622
22,784,50667
22,785,50688
22,786,50847
22,787,50876
22,788,50882
22,789,50894
22,790,50930
22,791,51070
22,792,51141
22,793,51142
22,794,51208
22,795,51302
22,796,51415
22,797,51499
22,798,51581
22,799,51625
22,800,51661
22,801,51668
22,802,51788
22,803,51789
22,804,51855
22,805,51883
22,806,51915
22,807,52005
22,808,52049
22,809,52159
22,810,52319
22,811,52369
22,812,52377
22,813,52647
22,814,52689
22,815,52754
22,816,52757
22,817,52782
22,818,52817
22,819,52900
22,820,52932
22,821,52996
22,822,53199
22,823,53200
22,824,53237
22,825,53257
22,826,53267
22,827,53304
22,828,53340
22,829,53383
22,830,53447
22,831,53584
22,832,53712
22,833,53839
22,834,53886
22,835,53916
22,836,54060
22,837,54083
22,838,54235
22,839,54292
22,840,54320
22,841,54356
22,842,54514
22,843,54531
22,844,54548
22,845,54566
22,846,54636
22,847,54656
22,848,54672
22,849,54791
22,850,54818
22,851,54864
22,852,55071
22,853,55104
22,854,55123
22,855,55177
22,856,55185
22,857,55281
22,858,55305
22,859,55389
22,860,55432
22,861,55455
22,862,55469
22,863,55523
22,864,55536
22,865,55549
22,866,55641
22,867,55675
22,868,55715
22,869,55717
22,870,55907
22,871,55940
22,872,55984
22,873,56055
22,874,56074
22,875,56098
22,876,56153
22,877,56184
22,878,56275
22,879,56332
22,880,56441
22,881,56490
22,882,56497
22,883,56544
22,884,56567
22,885,56613
22,886,56693
22,887,56818
22,888,57273
22,889,57385
22,890,57442
22,891,57461
22,892,57474
22,893,57476
22,894,57505
22,895,57672
22,896,57685
22,897,57695
22,898,57868
22,899,57979
22,900,57982
22,901,58053
22,902,58088
22,903,58094
22,904,58102
22,905,58121
22,906,58163
22,907,58202
22,908,58289
22,909,58293
22,910,58340
22,911,58494
22,912,58565
22,913,58581
22,914,58617
22,915,58633
22,916,58678
22,917,58700
22,918,58826
22,919,58871
22,920,58935
22,921,59081
22,922,59298
22,923,59309
22,924,59405
22,925,59430
22,926,59500
22,927,59552
22,928,59580
22,929,59691
22,930,59701
22,931,59819
22,932,59861
22,933,59931
22,934,59938
22,935,59939
22,936,59944
22,937,59988
22,938,59991
22,939,60056
22,940,60085
22,941,60163
22,942,60254
22,943,60334
22,944,60369
22,945,60387
22,946,60497
22,947,60498
22,948,60564
22,949,60719
22,950,61003
22,951,61037
22,952,61094
22,953,61120
22,954,61202
22,955,61205
22,956,61210
22,957,61323
22,958,61365
22,959,61480
22,960,61556
22,961,61752
22,962,61786
22,963,61899
22,964,61909
22,965,61937
22,966,61970
22,967,62054
22,968,62079
22,969,62236
22,970,62304
22,971,62311
22,972,62357
22,973,62428
22,974,62476
22,975,62587
22,976,62601
22,977,62701
22,978,62714
22,979,62776
22,980,62789
22,981,62801
22,982,62819
22,983,62834
22,984,62879
22,985,62912
22,986,62929
22,987,62986
22,988,63065
22,989,63312
22,990,63361
22,991,63433
22,992,63485
22,993,63490
22,994,63519
22,995,63650
22,996,63747
22,997,63804
22,998,63839
22,999,63864
22,1000,63942
22,1001,63952
22,1002,64062
22,1003,64100
22,1004,64112
22,1005,64164
22,1006,64195
22,1007,64249
22,1008,64344
22,1009,64493
22,1010,64617
22,1011,64627
22,1012,64651
22,1013,64695
22,1014,64793
22,1015,64794
22,1016,64852
22,1017,64900
22,1018,64914
22,1019,65086
22,1020,65201
22,1021,65440
22,1022,65441
22,1023,65517
23,0,35
23,1,104
23,2,190
23,3,316
23,4,537
23,5,584
23,6,687
23,7,714
23,8,772
23,9,782
23,10,975
23,11,1003
23,12,1019
23,13,1032
23,14,1251
23,15,1304
23,16,1319
23,17,1453
23,18,1502
23,19,1503
23,20,1550
23,21,1664
23,22,1811
23,23,1844
23,24,1895
23,25,1949
23,26,1954
23,27,1994
23,28,2104
23,29,2219
23,30,2258
23,31,2388
23,32,2390
23,33,2471
23,34,2524
23,35,2528
23,36,2606
23,37,2658
23,38,2728
23,39,2805
23,40,2851
23,41,2862
23,42,2882
23,43,2903
23,44,2937
23,45,2954
23,46,3050
23,47,3101
23,48,3108
23,49,3211
23,50,3218
23,51,3254
23,52,3255
23,53,3259
23,54,3302
23,55,3389
23,56,3394
23,57,3471
23,58,3525
23,59,3654
23,60,3785
23,61,3813
23,62,3902
23,63,3939
23,64,4079
23,65,4170
23,66,4243
23,67,4268
23,68,4322
23,69,4489
23,70,4533
23,71,4554
23,72,4612
23,73,4689
23,74,4722
23,75,4747
23,76,4767
23,77,4804
23,78,5003
23,79,5022
23,80,5104
23,81,5186
23,82,5225
23,83,5287
23,84,5307
23,85,5320
23,86,5332
23,87,5364
23,88,5413
23,89,5487
23,90,5604
23,91,5721
23,92,5785
23,93,5800
23,94,5802
23,95,5845
23,96,5857
23,97,5862
23,98,5868
23,99,5921
23,100,5967
23,101,5985
23,102,6034
23,103,6111
23,104,6127
23,105,6169
23,106,6330
23,107,6382
23,108,6413
23,109,6438
23,110,6449
23,111,6470
23,112,6608
23,113,6664
23,114,6696
23,115,6754
23,116,6779
23,117,6838
23,118,6863
23,119,6960
23,120,7123
23,121,7199
23,122,7331
23,123,7402
23,124,7473
23,125,7640
23,126,7731
23,127,7744
23,128,7806
23,129,7835
23,130,7883
23,131,7888
23,132,7917
23,133,7952
23,134,8023
23,135,8047
23,136,8075
23,137,8193
23,138,8285
23,139,8430
23,140,8509
23,141,8511
23,142,8538
23,143,8565
23,144,8596
23,145,8620
23,146,8671
23,147,8716
23,148,8726
23,149,8767
23,150,8981
23,151,9239
23,152,9250
23,153,9263
23,154,9337
23,155,9351
23,156,9380
23,157,9423
23,158,9505
23,159,9673
23,160,9681
23,161,9763
23,162,9786
23,163,9792
23,164,9802
23,165,9873
23,166,9918
23,167,9974
23,168,9999
23,169,10011
23,170,10107
23,171,10122
23,172,10125
23,173,10137
23,174,10166
23,175,10211
23,176,10325
23,177,10332
23,178,10482
23,179,10585
23,180,10754
23,181,10755
23,182,10809
23,183,10861
23,184,10978
23,185,11063
23,186,11126
23,187,11146
23,188,11307
23,189,11535
23,190,11609
23,191,11636
23,192,11660
23,193,11879
23,194,11899
23,195,11940
23,196,12152
23,197,12180
23,198,12273
23,199,12407
23,200,12592
23,201,12632
23,202,12657
23,203,12668
23,204,12695
23,205,12747
23,206,13039
23,207,13216
23,208,13250
23,209,13311
23,210,13320
23,211,13344
23,212,13390
23,213,13457
23,214,13741
23,215,13757
23,216,13768
23,217,13775
23,218,13894
23,219,14050
23,220,14117
23,221,14375
23,222,14465
23,223,14545
23,224,14595
23,225,14616
23,226,14638
23,227,14645
23,228,14677
23,229,14711
23,230,14735
23,231,14777
23,232,14816
23,233,14819
23,234,14821
23,235,14873
23,236,14917
23,237,14954
23,238,14965
23,239,14968
23,240,14975
23,241,15069
23,242,15139
23,243,15161
23,244,15318
23,245,15595
23,246,15932
23,247,15972
23,248,15976
23,249,15981
23,250,16088
23,251,16099
23,252,16110
23,253,16134
23,254,16380
23,255,16472
23,256,16631
23,257,16698
23,258,16711
23,259,16866
23,260,16870
23,261,16946
23,262,17069
23,263,17160
23,264,17178
23,265,17210
23,266,17220
23,267,17322
23,268,17341
23,269,17432
23,270,17438
23,271,17443
23,272,17580
23,273,17639
23,274,17680
23,275,17751
23,276,17762
23,277,17777
23,278,17791
23,279,17817
23,280,17823
23,281,17845
23,282,17867
23,283,17899
23,284,17939
23,285,18014
23,286,18062
23,287,18070
23,288,18120
23,289,18133
23,290,18160
23,291,18231
23,292,18267
23,293,18368
23,294,18397
23,295,18399
23,296,18400
23,297,18466
23,298,18786
23,299,18794
23,300,18841
23,301,18887
23,302,18984
23,303,18989
23,304,19013
23,305,19047
23,306,19049
23,307,19085
23,308,19134
23,309,19291
23,310,19305
23,311,19444
23,312,19460
23,313,19491
23,314,19616
23,315,19666
23,316,19670
23,317,19675
23,318,19676
23,319,19687
23,320,19797
23,321,19923
23,322,20025
23,323,20172
23,324,20178
23,325,20287
23,326,20374
23,327,20466
23,328,20560
23,329,20948
23,330,21078
23,331,21097
23,332,21190
23,333,21292
23,334,21303
23,335,21354
23,336,21390
23,337,21445
23,338,21562
23,339,21602
23,340,21610
23,341,21690
23,342,21705
23,343,21795
23,344,21827
23,345,21901
23,346,21945
23,347,21959
23,348,22032
23,349,22230
23,350,22369
23,351,22372
23,352,22424
23,353,22522
23,354,22574
23,355,22763
23,356,22785
23,357,22840
23,358,23006
23,359,23022
23,360,23063
23,361,23216
23,362,23257
23,363,23383
23,364,23557
23,365,23627
23,366,23674
23,367,23739
23,368,23751
23,369,23757
23,370,23774
23,371,23843
23,372,23897
23,373,23928
23,374,23962
23,375,23987
23,376,24139
23,377,24268
23,378,24344
23,379,24423
23,380,24813
23,381,24819
23,382,24858
23,383,24920
23,384,24931
23,385,25023
23,386,25057
23,387,25064
23,388,25089
23,389,25131
23,390,25236
23,391,25274
23,392,25309
23,393,25438
23,394,25468
23,395,25607
23,396,25647
23,397,25678
23,398,25708
23,399,25712
23,400,25765
23,401,25811
23,402,25836
23,403,25926
23,404,25969
23,405,26038
23,406,26114
23,407,26148
23,408,26186
23,409,26187
23,410,26216
23,411,26219
23,412,26284
23,413,26555
23,414,26579
23,415,26722
23,416,27017
23,417,27028
23,418,27120
23,419,27168
23,420,27282
23,421,27314
23,422,27557
23,423,27623
23,424,27683
23,425,27720
23,426,27746
23,427,27795
23,428,27819
23,429,27849
23,430,27914
23,431,27969
23,432,28075
23,433,28113
23,434,28180
23,435,28198
23,436,28223
23,437,28231
23,438,28411
23,439,28423
23,440,28424
23,441,28466
23,442,28500
23,443,28560
23,444,28567
23,445,28580
23,446,28606
23,447,28618
23,448,28674
23,449,28775
23,450,28781
23,451,28925
23,452,28935
23,453,29062
23,454,29079
23,455,29273
23,456,29347
23,457,29360
23,458,29437
23,459,29699
23,460,29714
23,461,29730
23,462,29745
23,463,29793
23,464,29876
23,465,29904
23,466,29967
23,467,29981
23,468,30021
23,469,30078
23,470,30112
23,471,30156
23,472,30204
23,473,30313
23,474,30471
23,475,30486
23,476,30593
23,477,30645
23,478,30700
23,479,30703
23,480,30808
23,481,30865
23,482,30892
23,483,31020
23,484,31143
23,485,31211
23,486,31367
23,487,31401
23,488,31438
23,489,31446
23,490,31636
23,491,31679
23,492,31950
23,493,31980
23,494,32018
23,495,32134
23,496,32201
23,497,32216
23,498,32253
23,499,32327
23,500,32336
23,501,32345
23,502,32357
23,503,32521
23,504,32562
23,505,32589
23,506,32633
23,507,32667
23,508,32702
23,509,32778
23,510,32781
23,511,32790
23,512,32814
23,513,33235
23,514,33244
23,515,33337
23,516,33532
23,517,33538
23,518,33701
23,519,33729
23,520,33823
23,521,34023
23,522,34025
23,523,34028
23,524,34104
23,525,34265
23,526,34293
23,527,34297
23,528,34303
23,529,34389
23,530,34391
23,531,34434
23,532,34499
23,533,34602
23,534,34628
23,535,34635
23,536,34649
23,537,34742
23,538,34765
23,539,34777
23,540,34991
23,541,35024
23,542,35083
23,543,35345
23,544,35367
23,545,35434
23,546,35707
23,547,35744
23,548,35841
23,549,35853
23,550,35895
23,551,36052
23,552,36054
23,553,36183
23,554,36234
23,555,36249
23,556,36256
23,557,36280
23,558,36284
23,559,36331
23,560,36362
23,561,36405
23,562,36407
23,563,36459
23,564,36942
23,565,36960
23,566,37058
23,567,37069
23,568,37085
23,569,37093
23,570,37319
23,571,37398
23,572,37463
23,573,37482
23,574,37598
23,575,37625
23,576,37637
23,577,37703
23,578,37775
23,579,37785
23,580,37792
23,581,37829
23,582,37861
23,583,37862
23,584,37973
23,585,37975
23,586,38048
23,587,38049
23,588,38097
23,589,38106
23,590,38232
23,591,38271
23,592,38273
23,593,38275
23,594,38292
23,595,38313
23,596,38348
23,597,38362
23,598,38432
23,599,38456
23,600,38553
23,601,38643
23,602,38689
23,603,38854
23,604,38868
23,605,38891
23,606,38944
23,607,39033
23,608,39176
23,609,39316
23,610,39490
23,611,39497
23,612,39541
23,613,39568
23,614,39711
23,615,39720
23,616,39815
23,617,40033
23,618,40231
23,619,40281
23,620,40308
23,621,40322
23,622,40378
23,623,40388
23,624,40452
23,625,40528
23,626,40636
23,627,40665
23,628,40667
23,629,40759
23,630,40923
23,631,41052
23,632,41054
23,633,41068
23,634,41085
23,635,41115
23,636,41126
23,637,41148
23,638,41169
23,639,41204
23,640,41216
23,641,41325
23,642,41409
23,643,41599
23,644,41666
23,645,41671
23,646,41699
23,647,41902
23,648,42115
23,649,42262
23,650,42267
23,651,42273
23,652,42293
23,653,42320
23,654,42327
23,655,42342
23,656,42416
23,657,42476
23,658,42492
23,659,42496
23,660,42543
23,661,42567
23,662,42578
23,663,42678
23,664,42739
23,665,42747
23,666,42923
23,667,42977
23,668,43010
23,669,43084
23,670,43107
23,671,43221
23,672,43267
23,673,43655
23,674,43658
23,675,43672
23,676,43688
23,677,43719
23,678,43742
23,679,43767
23,680,43774
23,681,43934
23,682,43962
23,683,43974
23,684,44063
23,685,44082
23,686,44166
23,687,44277
23,688,44313
23,689,44323
23,690,44399
23,691,44414
23,692,44418
23,693,44520
23,694,44530
23,695,44556
23,696,44609
23,697,44614
23,698,44745
23,699,44948
23,700,45005
23,701,45133
23,702,45177
23,703,45291
23,704,45329
23,705,45560
23,706,45586
23,707,45646
23,708,45703
23,709,45729
23,710,45991
23,711,46040
23,712,46060
23,713,46061
23,714,46125
23,715,46381
23,716,46529
23,717,46549
23,718,46601
23,719,46607
23,720,46621
23,721,46646
23,722,46984
23,723,47143
23,724,47288
23,725,47319
23,726,47388
23,727,47639
23,728,47774
23,729,47798
23,730,47817
23,731,47895
23,732,48093
23,733,48432
23,734,48465
23,735,48615
23,736,48624
23,737,48681
23,738,48709
23,739,48777
23,740,48788
23,741,48817
23,742,48835
23,743,48868
23,744,48942
23,745,48994
23,746,49082
23,747,49177
23,748,49211
23,749,49229
23,750,49260
23,751,49266
23,752,49272
23,753,49631
23,754,49633
23,755,49692
23,756,49716
23,757,49722
23,758,49753
23,759,49872
23,760,49889
23,761,49934
23,762,49990
23,763,50002
23,764,50012
23,765,50028
23,766,50095
23,767,50128
23,768,50156
23,769,50242
23,770,50412
23,771,50416
23,772,50487
23,773,50516
23,774,50560
23,775,50643
23,776,50645
23,777,50720
23,778,50822
23,779,50831
23,780,50872
23,781,50922
23,782,50933
23,783,51021
23,784,51092
23,785,51141
23,786,51152
23,787,51234
23,788,51266
23,789,51360
23,790,51396
23,791,51412
23,792,51425
23,793,51453
23,794,51476
23,795,51500
23,796,51601
23,797,51631
23,798,51666
23,799,51711
23,800,51737
23,801,51807
23,802,51937
23,803,52031
23,804,52115
23,805,52126
23,806,52133
23,807,52205
23,808,52230
23,809,52251
23,810,52277
23,811,52327
23,812,52366
23,813,52425
23,814,52547
23,815,52708
23,816,52713
23,817,52754
23,818,52902
23,819,52910
23,820,53006
23,821,53025
23,822,53031
23,823,53062
23,824,53064
23,825,53162
23,826,53219
23,827,53316
23,828,53354
23,829,53376
23,830,53387
23,831,53424
23,832,53492
23,833,53531
23,834,53540
23,835,53582
23,836,53714
23,837,53718
23,838,53840
23,839,53965
23,840,53967
23,841,54075
23,842,54077
23,843,54080
23,844,54124
23,845,54149
23,846,54348
23,847,54403
23,848,54468
23,849,54546
23,850,54567
23,851,54647
23,852,54783
23,853,54843
23,854,54847
23,855,54875
23,856,54912
23,857,54961
23,858,54988
23,859,55333
23,860,55409
23,861,55510
23,862,55604
23,863,55761
23,864,55780
23,865,55835
23,866,55864
23,867,55983
23,868,56048
23,869,56082
23,870,56129
23,871,56140
23,872,56187
23,873,56191
23,874,56263
23,875,56290
23,876,56308
23,877,56345
23,878,56383
23,879,56395
23,880,56420
23,881,56447
23,882,56485
23,883,56530
23,884,56553
23,885,56573
23,886,56654
23,887,56706
23,888,56717
23,889,56758
23,890,56767
23,891,56789
23,892,56899
23,893,56930
23,894,56960
23,895,57035
23,896,57049
23,897,57137
23,898,57172
23,899,57261
23,900,57319
23,901,57347
23,902,57435
23,903,57628
23,904,57679
23,905,57704
23,906,57800
23,907,57805
23,908,57850
23,909,58027
23,910,58032
23,911,58122
23,912,58212
23,913,58216
23,914,58252
23,915,58360
23,916,58374
23,917,58608
23,918,58610
23,919,58619
23,920,58641
23,921,58664
23,922,58669
23,923,58700
23,924,58704
23,925,58779
23,926,58792
23,927,58907
23,928,58937
23,929,58958
23,930,58977
23,931,59043
23,932,59132
23,933,59139
23,934,59147
23,935,59220
23,936,59249
23,937,59269
23,938,59276
23,939,59286
23,940,59290
23,941,59323
23,942,59342
23,943,59435
23,944,59635
23,945,59727
23,946,59735
23,947,59921
23,948,60224
23,949,60346
23,950,60462
23,951,60516
23,952,60553
23,953,60583
23,954,60665
23,955,60724
23,956,60980
23,957,61315
23,958,61336
23,959,61361
23,960,61404
23,961,61508
23,962,61514
23,963,61611
23,964,61645
23,965,61663
23,966,61669
23,967,61688
23,968,61702
23,969,61759
23,970,61803
23,971,62020
23,972,62138
23,973,62211
23,974,62233
23,975,62275
23,976,62395
23,977,62506
23,978,62510
23,979,62709
23,980,62759
23,981,62769
23,982,62802
23,983,62865
23,984,62946
23,985,63011
23,986,63097
23,987,63128
23,988,63138
23,989,63147
23,990,63153
23,991,63163
23,992,63234
23,993,63289
23,994,63396
23,995,63423
23,996,63555
23,997,63677
23,998,63862
23,999,63893
23,1000,63993
23,1001,63996
23,1002,64047
23,1003,64129
23,1004,64386
23,1005,64414
23,1006,64503
23,1007,64589
23,1008,64592
23,1009,64625
23,1010,64629
23,1011,64676
23,1012,64682
23,1013,64788
23,1014,64805
23,1015,64817
23,1016,64948
23,1017,64970
23,1018,64989
23,1019,65172
23,1020,65429
23,1021,65463
23,1022,65484
23,1023,65506
24,0,5
24,1,7
24,2,57
24,3,127
24,4,488
24,5,489
24,6,650
24,7,677
24,8,738
24,9,755
24,10,788
24,11,820
24,12,961
24,13,977
24,14,996
24,15,1055
24,16,1143
24,17,1149
24,18,1185
24,19,1327
24,20,1538
24,21,1546
24,22,1650
24,23,1701
24,24,1739
24,25,1775
24,26,1910
24,27,1973
24,28,2060
24,29,2073
24,30,2182
24,31,2278
24,32,2390
24,33,2481
24,34,2544
24,35,2624
24,36,2805
24,37,2815
24,38,2822
24,39,2899
24,40,2923
24,41,3011
24,42,3024
24,43,3030
24,44,3068
24,45,3097
24,46,3103
24,47,3125
24,48,3234
24,49,3260
24,50,3346
24,51,3534
24,52,3571
24,53,3591
24,54,3758
24,55,3806
24,56,3837
24,57,3854
24,58,3922
24,59,3923
24,60,3924
24,61,4013
24,62,4038
24,63,4086
24,64,4158
24,65,4201
24,66,4326
24,67,4458
24,68,4513
24,69,4625
24,70,4684
24,71,4748
24,72,4758
24,73,4849
24,74,4863
24,75,4959
24,76,4982
24,77,5075
24,78,5193
24,79,5343
24,80,5354
24,81,5383
24,82,5407
24,83,5416
24,84,5432
24,85,5607
24,86,5608
24,87,5741
24,88,5744
24,89,5844
24,90,5955
24,91,6079
24,92,6086
24,93,6094
24,94,6220
24,95,6258
24,96,6344
24,97,6392
24,98,6406
24,99,6407
24,100,6412
24,101,6423
24,102,6611
24,103,6666
24,104,6694
24,105,6698
24,106,6708
24,107,7011
24,108,7098
24,109,7151
24,110,7193
24,111,7201
24,112,7224
24,113,7399
24,114,7431
24,115,7545
24,116,7571
24,117,7578
24,118,7609
24,119,7628
24,120,7645
24,121,7651
24,122,7743
24,123,7747
24,124,7756
24,125,7809
24,126,7814
24,127,7876
24,128,8066
24,129,8097
24,130,8137
24,131,8158
24,132,8222
24,133,8275
24,134,8426
24,135,8473
24,136,8482
24,137,8484
24,138,8509
24,139,8533
24,140,8576
24,141,8595
24,142,8631
24,143,8648
24,144,8653
24,145,8705
24,146,8746
24,147,8762
24,148,8769
24,149,8771
24,150,8774
24,151,8900
24,152,9039
24,153,9192
24,154,9250
24,155,9262
24,156,9316
24,157,9324
24,158,9539
24,159,9572
24,160,9621
24,161,9669
24,162,9681
24,163,9884
24,164,9982
24,165,10060
24,166,10108
24,167,10179
24,168,10344
24,169,10468
24,170,10491
24,171,10590
24,172,10629
24,173,10660
24,174,10862
24,175,10925
24,176,10990
24,177,11039
24,178,11067
24,179,11108
24,180,11117
24,181,11231
24,182,11263
24,183,11400
24,184,11443
24,185,11620
24,186,11662
24,187,11670
24,188,11695
24,189,11717
24,190,11777
24,191,11923
24,192,11950
24,193,11955
24,194,11992
24,195,12001
24,196,12030
24,197,12059
24,198,12292
24,199,12334
24,200,12348
24,201,12401
24,202,12475
24,203,12502
24,204,12515
24,205,12755
24,206,12776
24,207,12870
24,208,12891
24,209,12937
24,210,12956
24,211,12962
24,212,13013
24,213,13251
24,214,13398
24,215,13402
24,216,13410
24,217,13463
24,218,13866
24,219,13878
24,220,13881
24,221,13935
24,222,13959
24,223,14032
24,224,14142
24,225,14175
24,226,14185
24,227,14191
24,228,14216
24,229,14262
24,230,14383
24,231,14394
24,232,14448
24,233,14465
24,234,14547
24,235,14566
24,236,14677
24,237,14767
24,238,14792
24,239,14805
24,240,14818
24,241,14898
24,242,14940
24,243,14975
24,244,15000
24,245,15114
24,246,15127
24,247,15159
24,248,15188
24,249,15290
24,250,15319
24,251,15375
24,252,15418
24,253,15467
24,254,15534
24,255,15535
24,256,15592
24,257,15632
24,258,15649
24,259,15660
24,260,15667
24,261,15698
24,262,15721
24,263,15722
24,264,15981
24,265,16027
24,266,16151
24,267,16197
24,268,16229
24,269,16280
24,270,16289
24,271,16627
24,272,16648
24,273,16684
24,274,16705
24,275,16816
24,276,16927
24,277,17050
24,278,17168
24,279,17216
24,280,17238
24,281,17263
24,282,17319
24,283,17432
24,284,17609
24,285,17652
24,286,17687
24,287,17710
24,288,17763
24,289,17834
24,290,17835
24,291,17837
24,292,17972
24,293,18092
24,294,18128
24,295,18181
24,296,18443
24,297,18742
24,298,18776
24,299,19018
24,300,19102
24,301,19157
24,302,19293
24,303,19478
24,304,19627
24,305,19673
24,306,19698
24,307,19814
24,308,19853
24,309,19952
24,310,20034
24,311,20084
24,312,20089
24,313,20273
24,314,20275
24,315,20283
24,316,20366
24,317,20396
24,318,20447
24,319,20494
24,320,20511
24,321,20535
24,322,20666
24,323,20693
24,324,20832
24,325,20882
24,326,21010
24,327,21121
24,328,21201
24,329,21286
24,330,21290
24,331,21332
24,332,21350
24,333,21464
24,334,21467
24,335,21506
24,336,21563
24,337,21638
24,338,21700
24,339,21896
24,340,22012
24,341,22013
24,342,22016
24,343,22044
24,344,22050
24,345,22076
24,346,22083
24,347,22162
24,348,22252
24,349,22280
24,350,22390
24,351,22531
24,352,22616
24,353,22636
24,354,22652
24,355,22769
24,356,22772
24,357,22876
24,358,22912
24,359,22998
24,360,23106
24,361,23175
24,362,23188
24,363,23245
24,364,23289
24,365,23320
24,366,23420
24,367,23479
24,368,23482
24,369,23594
24,370,23656
24,371,23676
24,372,23769
24,373,23983
24,374,23984
24,375,24079
24,376,24115
24,377,24175
24,378,24182
24,379,24236
24,380,24316
24,381,24385
24,382,24416
24,383,24429
24,384,24431
24,385,24436
24,386,24470
24,387,24508
24,388,24637
24,389,24652
24,390,24828
24,391,24829
24,392,24885
24,393,24936
24,394,25027
24,395,25041
24,396,25214
24,397,25229
24,398,25337
24,399,25467
24,400,25581
24,401,25656
24,402,25875
24,403,25893
24,404,25955
24,405,25962
24,406,26066
24,407,26242
24,408,26310
24,409,26338
24,410,26388
24,411,26402
24,412,26465
24,413,26500
24,414,26505
24,415,26529
24,416,26549
24,417,26572
24,418,26616
24,419,26787
24,420,26900
24,421,26964
24,422,27007
24,423,27052
24,424,27099
24,425,27140
24,426,27206
24,427,27215
24,428,27263
24,429,27325
24,430,27512
24,431,27566
24,432,27586
24,433,27616
24,434,27654
24,435,27890
24,436,27905
24,437,28016
24,438,28021
24,439,28110
24,440,28210
24,441,28223
24,442,28232
24,443,28309
24,444,28360
24,445,28391
24,446,28489
24,447,28516
24,448,28558
24,449,28619
24,450,28686
24,451,28704
24,452,28733
24,453,28796
24,454,28900
24,455,29009
24,456,29040
24,457,29063
24,458,29222
24,459,29239
24,460,29378
24,461,29381
24,462,29384
24,463,29397
24,464,29454
24,465,29467
24,466,29594
24,467,29613
24,468,29685
24,469,29767
24,470,29815
24,471,29851
24,472,29962
24,473,30166
24,474,30243
24,475,30248
24,476,30315
24,477,30662
24,478,30674
24,479,30675
24,480,30733
24,481,30840
24,482,30885
24,483,30936
24,484,30975
24,485,31033
24,486,31095
24,487,31125
24,488,31268
24,489,31356
24,490,31438
24,491,31450
24,492,31461
24,493,31480
24,494,31577
24,495,31739
24,496,31816
24,497,32054
24,498,32066
24,499,32097
24,500,32110
24,501,32285
24,502,32386
24,503,32401
24,504,32436
24,505,32617
24,506,32665
24,507,32915
24,508,32930
24,509,32949
24,510,32950
24,511,32953
24,512,32968
24,513,33088
24,514,33115
24,515,33167
24,516,33327
24,517,33404
24,518,33418
24,519,33431
24,520,33603
24,521,33605
24,522,33611
24,523,33811
24,524,33840
24,525,33955
24,526,33963
24,527,33981
24,528,33982
24,529,34060
24,530,34066
24,531,34084
24,532,34209
24,533,34230
24,534,34366
24,535,34405
24,536,34505
24,537,34597
24,538,34825
24,539,34836
24,540,34866
24,541,34868
24,542,34923
24,543,34982
24,544,35014
24,545,35199
24,546,35265
24,547,35284
24,548,35345
24,549,35412
24,550,35444
24,551,35452
24,552,35454
24,553,35473
24,554,35477
24,555,35524
24,556,35717
24,557,35719
24,558,35721
24,559,35723
24,560,35755
24,561,35809
24,562,35850
24,563,36073
24,564,36084
24,565,36153
24,566,36183
24,567,36207
24,568,36237
24,569,36248
24,570,36260
24,571,36397
24,572,36494
24,573,36565
24,574,36624
24,575,36683
24,576,36684
24,577,36732
24,578,37020
24,579,37048
24,580,37065
24,581,37114
24,582,37151
24,583,37154
24,584,37175
24,585,37261
24,586,37384
24,587,37517
24,588,37615
24,589,37696
24,590,37708
24,591,37812
24,592,37830
24,593,37933
24,594,37935
24,595,37951
24,596,38014
24,597,38020
24,598,38100
24,599,38101
24,600,38146
24,601,38276
24,602,38283
24,603,38440
24,604,38462
24,605,38472
24,606,38560
24,607,38596
24,608,38705
24,609,38734
24,610,38880
24,611,38907
24,612,38963
24,613,39253
24,614,39268
24,615,39390
24,616,39574
24,617,39585
24,618,39605
24,619,39729
24,620,39839
24,621,39855
24,622,39947
24,623,40010
24,624,40016
24,625,40035
24,626,40051
24,627,40058
24,628,40075
24,629,40120
24,630,40319
24,631,40346
24,632,40370
24,633,40412
24,634,40461
24,635,40595
24,636,40783
24,637,40813
24,638,40959
24,639,41137
24,640,41143
24,641,41267
24,642,41375
24,643,41430
24,644,41438
24,645,41439
24,646,41459
24,647,41509
24,648,41625
24,649,41636
24,650,41703
24,651,41844
24,652,41859
24,653,41889
24,654,41958
24,655,42099
24,656,42231
24,657,42243
24,658,42249
24,659,42278
24,660,42437
24,661,42448
24,662,42558
24,663,42569
24,664,42668
24,665,42725
24,666,42756
24,667,42833
24,668,42918
24,669,42961
24,670,43013
24,671,43024
24,672,43220
24,673,43221
24,674,43233
24,675,43303
24,676,43305
24,677,43323
24,678,43428
24,679,43466
24,680,43606
24,681,43703
24,682,43706
24,683,43710
24,684,43791
24,685,44032
24,686,44064
24,687,44073
24,688,44086
24,689,44130
24,690,44152
24,691,44187
24,692,44214
24,693,44503
24,694,44719
24,695,44763
24,696,44866
24,697,44963
24,698,45001
24,699,45002
24,700,45007
24,701,45027
24,702,45049
24,703,45150
24,704,45163
24,705,45165
24,706,45168
24,707,45246
24,708,45273
24,709,45309
24,710,45320
24,711,45440
24,712,45514
24,713,45569
24,714,45572
24,715,45583
24,716,45634
24,717,45757
24,718,45793
24,719,45844
24,720,45939
24,721,45942
24,722,46183
24,723,46296
24,724,46338
24,725,46496
24,726,46509
24,727,46583
24,728,46597
24,729,46616
24,730,46626
24,731,46654
24,732,46714
24,733,46719
24,734,46753
24,735,46758
24,736,46760
24,737,46794
24,738,46847
24,739,46903
24,740,46931
24,741,47011
24,742,47012
24,743,47044
24,744,47104
24,745,47210
24,746,47250
24,747,47305
24,748,47338
24,749,47400
24,750,47429
24,751,47487
24,752,47601
24,753,47647
24,754,47780
24,755,47842
24,756,47847
24,757,47866
24,758,47936
24,759,48049
24,760,48071
24,761,48107
24,762,48223
24,763,48264
24,764,48359
24,765,48377
24,766,48403
24,767,48538
24,768,48652
24,769,48724
24,770,48728
24,771,48753
24,772,48856
24,773,48859
24,774,48861
24,775,48901
24,776,48911
24,777,48938
24,778,48992
24,779,49040
24,780,49064
24,781,49279
24,782,49367
24,783,49488
24,784,49654
24,785,49689
24,786,49753
24,787,49756
24,788,49824
24,789,49863
24,790,49902
24,791,49917
24,792,50008
24,793,50034
24,794,50117
24,795,50169
24,796,50238
24,797,50291
24,798,50607
24,799,50660
24,800,50683
24,801,50741
24,802,50753
24,803,50780
24,804,50790
24,805,51020
24,806,51039
24,807,51161
24,808,51188
24,809,51247
24,810,51342
24,811,51384
24,812,51444
24,813,51446
24,814,51451
24,815,51453
24,816,51487
24,817,51503
24,818,51513
24,819,51520
24,820,51551
24,821,51669
24,822,51682
24,823,51754
24,824,51869
24,825,51897
24,826,52208
24,827,52212
24,828,52261
24,829,52296
24,830,52310
24,831,52537
24,832,52568
24,833,52590
24,834,52606
24,835,52639
24,836,52741
24,837,52813
24,838,52872
24,839,53108
24,840,53156
24,841,53171
24,842,53318
24,843,53336
24,844,53361
24,845,53490
24,846,53499
24,847,53511
24,848,53590
24,849,53642
24,850,53674
24,851,53775
24,852,53960
24,853,53970
24,854,53973
24,855,53978
24,856,53981
24,857,54025
24,858,54044
24,859,54161
24,860,54308
24,861,54313
24,862,54429
24,863,54437
24,864,54447
24,865,54452
24,866,54524
24,867,54541
24,868,54588
24,869,54635
24,870,54814
24,871,54830
24,872,54947
24,873,55043
24,874,55215
24,875,55220
24,876,55391
24,877,55393
24,878,55492
24,879,55531
24,880,55852
24,881,55933
24,882,56174
24,883,56356
24,884,56429
24,885,56449
24,886,56507
24,887,56655
24,888,56680
24,889,56711
24,890,56721
24,891,56762
24,892,56788
24,893,56855
24,894,56864
24,895,56866
24,896,56911
24,897,56961
24,898,57043
24,899,57141
24,900,57160
24,901,57225
24,902,57406
24,903,57549
24,904,57577
24,905,57655
24,906,57670
24,907,57706
24,908,57729
24,909,57742
24,910,57802
24,911,57832
24,912,58016
24,913,58046
24,914,58158
24,915,58183
24,916,58263
24,917,58272
24,918,58416
24,919,58474
24,920,58490
24,921,58500
24,922,58584
24,923,58755
24,924,59037
24,925,59061
24,926,59083
24,927,59099
24,928,59280
24,929,59313
24,930,59333
24,931,59348
24,932,59350
24,933,59496
24,934,59526
24,935,59544
24,936,59857
24,937,60024
24,938,60255
24,939,60269
24,940,60353
24,941,60405
24,942,60560
24,943,60611
24,944,60628
24,945,60729
24,946,60743
24,947,60772
24,948,60795
24,949,60856
24,950,60881
24,951,60952
24,952,60979
24,953,61088
24,954,61189
24,955,61373
24,956,61462
24,957,61466
24,958,61470
24,959,61512
24,960,61534
24,961,61632
24,962,61661
24,963,61688
24,964,61736
24,965,61846
24,966,61896
24,967,62093
24,968,62171
24,969,62222
24,970,62336
24,971,62362
24,972,62400
24,973,62424
24,974,62482
24,975,62489
24,976,62552
24,977,62572
24,978,62741
24,979,62838
24,980,62935
24,981,62957
24,982,63070
24,983,63168
24,984,63331
24,985,63369
24,986,63448
24,987,63466
24,988,63520
24,989,63624
24,990,63733
24,991,63766
24,992,63774
24,993,63857
24,994,63927
24,995,63968
24,996,64018
24,997,64071
24,998,64073
24,999,64109
24,1000,64259
24,1001,64347
24,1002,64361
24,1003,64398
24,1004,64413
24,1005,64511
24,1006,64582
24,1007,64629
24,1008,64640
24,1009,64680
24,1010,64894
24,1011,65016
24,1012,65052
24,1013,65111
24,1014,65179
24,1015,65189
24,1016,65233
24,1017,65263
24,1018,65305
24,1019,65307
24,1020,65338
24,1021,65405
24,1022,65410
24,1023,65415
25,0,4
25,1,109
25,2,154
25,3,218
25,4,235
25,5,295
25,6,316
25,7,362
25,8,480
25,9,600
25,10,607
25,11,625
25,12,669
25,13,694
25,14,702
25,15,759
25,16,785
25,17,818
25,18,922
25,19,1053
25,20,1160
25,21,1165
25,22,1326
25,23,1358
25,24,1442
25,25,1487
25,26,1503
25,27,1534
25,28,1598
25,29,1880
25,30,2025
25,31,2143
25,32,2214
25,33,2275
25,34,2276
25,35,2295
25,36,2385
25,37,2434
25,38,2493
25,39,2501
25,40,2524
25,41,2545
25,42,2592
25,43,2648
25,44,2719
25,45,2748
25,46,2806
25,47,2846
25,48,2886
25,49,2957
25,50,2959
25,51,2985
25,52,2994
25,53,3001
25,54,3183
25,55,3186
25,56,3225
25,57,3280
25,58,3344
25,59,3557
25,60,3566
25,61,3589
25,62,3598
25,63,3621
25,64,3673
25,65,3690
25,66,3814
25,67,3931
25,68,4036
25,69,4095
25,70,4254
25,71,4461
25,72,4507
25,73,4546
25,74,4563
25,75,4663
25,76,4698
25,77,5000
25,78,5108
25,79,5175
25,80,5222
25,81,5442
25,82,5447
25,83,5459
25,84,5542
25,85,5609
25,86,5643
25,87,5719
25,88,5749
25,89,5776
25,90,5870
25,91,5901
25,92,5935
25,93,6024
25,94,6113
25,95,6139
25,96,6248
25,97,6299
25,98,6324
25,99,6326
25,100,6382
25,101,6437
25,102,6464
25,103,6605
25,104,6619
25,105,6642
25,106,6757
25,107,6819
25,108,6830
25,109,6914
25,110,6964
25,111,7005
25,112,7240
25,113,7250
25,114,7390
25,115,7537
25,116,7603
25,117,7628
25,118,7694
25,119,7736
25,120,7887
25,121,7919
25,122,7995
25,123,8025
25,124,8091
25,125,8309
25,126,8373
25,127,8431
25,128,8506
25,129,8668
25,130,8716
25,131,8761
25,132,8773
25,133,8833
25,134,8866
25,135,8900
25,136,8916
25,137,8924
25,138,9002
25,139,9038
25,140,9112
25,141,9207
25,142,9242
25,143,9280
25,144,9370
25,145,9408
25,146,9425
25,147,9508
25,148,9525
25,149,9699
25,150,9723
25,151,9785
25,152,9801
25,153,9892
25,154,9897
25,155,9933
25,156,10021
25,157,10061
25,158,10093
25,159,10224
25,160,10234
25,161,10340
25,162,10436
25,163,10452
25,164,10523
25,165,10542
25,166,10564
25,167,10852
25,168,10987
25,169,11081
25,170,11090
25,171,11141
25,172,11198
25,173,11288
25,174,11384
25,175,11423
25,176,11459
25,177,11470
25,178,11493
25,179,11504
25,180,11507
25,181,11513
25,182,11533
25,183,11599
25,184,11643
25,185,11692
25,186,11694
25,187,11921
25,188,11954
25,189,12001
25,190,12100
25,191,12158
25,192,12195
25,193,12198
25,194,12212
25,195,12223
25,196,12231
25,197,12296
25,198,12314
25,199,12329
25,200,12359
25,201,12381
25,202,12387
25,203,12399
25,204,12409
25,205,12423
25,206,12471
25,207,12498
25,208,12532
25,209,12538
25,210,12574
25,211,12756
25,212,12757
25,213,12792
25,214,12869
25,215,12965
25,216,12985
25,217,13009
25,218,13045
25,219,13132
25,220,13264
25,221,13293
25,222,13476
25,223,13639
25,224,13640
25,225,13763
25,226,13833
25,227,13881
25,228,13944
25,229,13949
25,230,13972
25,231,13992
25,232,14028
25,233,14225
25,234,14337
25,235,14389
25,236,14452
25,237,14505
25,238,14549
25,239,14567
25,240,14638
25,241,14729
25,242,14865
25,243,14887
25,244,14922
25,245,14967
25,246,15062
25,247,15071
25,248,15301
25,249,15315
25,250,15322
25,251,15419
25,252,15531
25,253,15563
25,254,15590
25,255,15639
25,256,15902
25,257,15919
25,258,15983
25,259,16140
25,260,16182
25,261,16319
25,262,16336
25,263,16392
25,264,16469
25,265,16576
25,266,16597
25,267,16725
25,268,16869
25,269,16976
25,270,17069
25,271,17081
25,272,17158
25,273,17290
25,274,17421
25,275,17476
25,276,17507
25,277,17580
25,278,17640
25,279,17689
25,280,17791
25,281,17822
25,282,17854
25,283,17906
25,284,17950
25,285,18113
25,286,18186
25,287,18240
25,288,18297
25,289,18360
25,290,18362
25,291,18403
25,292,18428
25,293,18484
25,294,18660
25,295,18683
25,296,18703
25,297,18777
25,298,18979
25,299,19023
25,300,19101
25,301,19155
25,302,19431
25,303,19443
25,304,19480
25,305,19566
25,306,19581
25,307,19751
25,308,19773
25,309,19867
25,310,19873
25,311,19913
25,312,20025
25,313,20207
25,314,20243
25,315,20251
25,316,20268
25,317,20270
25,318,20323
25,319,20328
25,320,20363
25,321,20490
25,322,20527
25,323,20595
25,324,20690
25,325,20808
25,326,20815
25,327,20846
25,328,20995
25,329,21034
25,330,21042
25,331,21075
25,332,21149
25,333,21164
25,334,21345
25,335,21422
25,336,21485
25,337,21516
25,338,21567
25,339,21588
25,340,21644
25,341,21654
25,342,21837
25,343,21872
25,344,21906
25,345,22016
25,346,22054
25,347,22209
25,348,22230
25,349,22241
25,350,22249
25,351,22265
25,352,22326
25,353,22453
25,354,22468
25,355,22476
25,356,22530
25,357,22557
25,358,22588
25,359,22591
25,360,22671
25,361,22688
25,362,22740
25,363,22929
25,364,23039
25,365,23040
25,366,23061
25,367,23066
25,368,23079
25,369,23119
25,370,23143
25,371,23267
25,372,23357
25,373,23437
25,374,23511
25,375,23529
25,376,23610
25,377,23773
25,378,24085
25,379,24202
25,380,24234
25,381,24294
25,382,24308
25,383,24399
25,384,24407
25,385,24445
25,386,24643
25,387,24903
25,388,24914
25,389,24984
25,390,25069
25,391,25288
25,392,25345
25,393,25421
25,394,25515
25,395,25585
25,396,25631
25,397,25759
25,398,25815
25,399,26051
25,400,26054
25,401,26072
25,402,26112
25,403,26137
25,404,26196
25,405,26206
25,406,26207
25,407,26298
25,408,26310
25,409,26311
25,410,26366
25,411,26388
25,412,26467
25,413,26541
25,414,26619
25,415,26646
25,416,26662
25,417,26679
25,418,26714
25,419,26785
25,420,26822
25,421,26882
25,422,26894
25,423,27009
25,424,27107
25,425,27154
25,426,27250
25,427,27379
25,428,27383
25,429,27481
25,430,27533
25,431,27629
25,432,27712
25,433,27787
25,434,27788
25,435,27970
25,436,28049
25,437,28318
25,438,28326
25,439,28336
25,440,28559
25,441,28635
25,442,28796
25,443,28906
25,444,28909
25,445,28916
25,446,28947
25,447,29030
25,448,29044
25,449,29133
25,450,29214
25,451,29307
25,452,29399
25,453,29510
25,454,29543
25,455,29561
25,456,29697
25,457,29734
25,458,29789
25,459,29830
25,460,29843
25,461,29896
25,462,29991
25,463,29995
25,464,30193
25,465,30286
25,466,30354
25,467,30435
25,468,30487
25,469,30545
25,470,30609
25,471,30681
25,472,30721
25,473,30816
25,474,30827
25,475,30856
25,476,30881
25,477,30882
25,478,30987
25,479,31014
25,480,31103
25,481,31114
25,482,31168
25,483,31267
25,484,31408
25,485,31462
25,486,31485
25,487,31660
25,488,31749
25,489,31823
25,490,31921
25,491,32014
25,492,32080
25,493,32180
25,494,32202
25,495,32229
25,496,32338
25,497,32444
25,498,32445
25,499,32456
25,500,32663
25,501,32700
25,502,32811
25,503,32820
25,504,32846
25,505,32905
25,506,32935
25,507,32946
25,508,33007
25,509,33046
25,510,33047
25,511,33072
25,512,33078
25,513,33189
25,514,33199
25,515,33297
25,516,33362
25,517,33364
25,518,33443
25,519,33555
25,520,33597
25,521,33612
25,522,33691
25,523,34292
25,524,34315
25,525,34327
25,526,34451
25,527,34587
25,528,34594
25,529,34651
25,530,34741
25,531,34888
25,532,34958
25,533,35000
25,534,35016
25,535,35027
25,536,35046
25,537,35253
25,538,35302
25,539,35303
25,540,35317
25,541,35319
25,542,35392
25,543,35457
25,544,35524
25,545,35687
25,546,35690
25,547,35738
25,548,35815
25,549,35928
25,550,36002
25,551,36032
25,552,36133
25,553,36143
25,554,36151
25,555,36183
25,556,36253
25,557,36360
25,558,36373
25,559,36386
25,560,36459
25,561,36468
25,562,36542
25,563,36607
25,564,36661
25,565,36744
25,566,36769
25,567,36881
25,568,36913
25,569,36918
25,570,36949
25,571,36993
25,572,37424
25,573,37498
25,574,37622
25,575,37795
25,576,37987
25,577,38075
25,578,38195
25,579,38287
25,580,38330
25,581,38392
25,582,38395
25,583,38457
25,584,38578
25,585,38608
25,586,38613
25,587,38695
25,588,38727
25,589,38938
25,590,38954
25,591,38967
25,592,38968
25,593,39013
25,594,39036
25,595,39041
25,596,39044
25,597,39099
25,598,39124
25,599,39180
25,600,39186
25,601,39315
25,602,39371
25,603,39378
25,604,39389
25,605,39408
25,606,39411
25,607,39442
25,608,39443
25,609,39538
25,610,39583
25,611,39608
25,612,39691
25,613,39744
25,614,39808
25,615,39825
25,616,39879
25,617,39924
25,618,40117
25,619,40190
25,620,40210
25,621,40266
25,622,40274
25,623,40279
25,624,40406
25,625,40474
25,626,40483
25,627,40554
25,628,40556
25,629,40563
25,630,40810
25,631,40820
25,632,40940
25,633,40945
25,634,40979
25,635,40998
25,636,41072
25,637,41093
25,638,41102
25,639,41141
25,640,41184
25,641,41232
25,642,41303
25,643,41309
25,644,41358
25,645,41394
25,646,41415
25,647,41422
25,648,41431
25,649,41467
25,650,41487
25,651,41528
25,652,41580
25,653,41585
25,654,41586
25,655,41771
25,656,41799
25,657,41818
25,658,41858
25,659,41927
25,660,42066
25,661,42067
25,662,42088
25,663,42422
25,664,42441
25,665,42549
25,666,42551
25,667,42586
25,668,42608
25,669,42702
25,670,42707
25,671,42754
25,672,42764
25,673,42805
25,674,42818
25,675,42906
25,676,42957
25,677,43040
25,678,43088
25,679,43185
25,680,43214
25,681,43341
25,682,43503
25,683,43683
25,684,43751
25,685,43978
25,686,44030
25,687,44042
25,688,44072
25,689,44115
25,690,44158
25,691,44170
25,692,44246
25,693,44378
25,694,44561
25,695,44637
25,696,44749
25,697,44859
25,698,44885
25,699,44899
25,700,44934
25,701,44947
25,702,44993
25,703,45045
25,704,45156
25,705,45249
25,706,45461
25,707,45476
25,708,45670
25,709,45756
25,710,45778
25,711,45856
25,712,45995
25,713,46139
25,714,46211
25,715,46231
25,716,46453
25,717,46473
25,718,46510
25,719,46544
25,720,46657
25,721,46714
25,722,46789
25,723,46816
25,724,46833
25,725,46847
25,726,46869
25,727,46920
25,728,46925
25,729,46982
25,730,47059
25,731,47120
25,732,47154
25,733,47163
25,734,47191
25,735,47215
25,736,47229
25,737,47374
25,738,47418
25,739,47428
25,740,47498
25,741,47556
25,742,47564
25,743,47681
25,744,47696
25,745,47787
25,746,47792
25,747,47843
25,748,47884
25,749,48007
25,750,48025
25,751,48066
25,752,48093
25,753,48106
25,754,48129
25,755,48164
25,756,48182
25,757,48187
25,758,48266
25,759,48305
25,760,48391
25,761,48726
25,762,48735
25,763,48761
25,764,48840
25,765,48855
25,766,48872
25,767,48879
25,768,48994
25,769,49047
25,770,49079
25,771,49095
25,772,49153
25,773,49189
25,774,49216
25,775,49251
25,776,49358
25,777,49359
25,778,49489
25,779,49630
25,780,49697
25,781,49720
25,782,49762
25,783,49817
25,784,49871
25,785,49897
25,786,49916
25,787,50049
25,788,50081
25,789,50196
25,790,50263
25,791,50282
25,792,50351
25,793,50397
25,794,50415
25,795,50649
25,796,50656
25,797,50660
25,798,50670
25,799,50755
25,800,50778
25,801,50780
25,802,50950
25,803,50965
25,804,50978
25,805,51039
25,806,51071
25,807,51197
25,808,51252
25,809,51352
25,810,51418
25,811,51437
25,812,51479
25,813,51566
25,814,51582
25,815,51620
25,816,51686
25,817,51692
25,818,51746
25,819,51762
25,820,51778
25,821,51786
25,822,51789
25,823,51841
25,824,52023
25,825,52031
25,826,52041
25,827,52277
25,828,52436
25,829,52466
25,830,52577
25,831,52584
25,832,52610
25,833,52825
25,834,52830
25,835,52846
25,836,53064
25,837,53080
25,838,53088
25,839,53273
25,840,53296
25,841,53304
25,842,53408
25,843,53601
25,844,53667
25,845,53687
25,846,53798
25,847,54201
25,848,54306
25,849,54437
25,850,54616
25,851,54818
25,852,54849
25,853,54957
25,854,54990
25,855,55061
25,856,55063
25,857,55111
25,858,55141
25,859,55151
25,860,55201
25,861,55301
25,862,55373
25,863,55396
25,864,55456
25,865,55509
25,866,55576
25,867,55654
25,868,55670
25,869,55803
25,870,55895
25,871,55957
25,872,55965
25,873,56022
25,874,56142
25,875,56145
25,876,56427
25,877,56570
25,878,56595
25,879,56877
25,880,56883
25,881,56894
25,882,56922
25,883,56970
25,884,57019
25,885,57100
25,886,57116
25,887,57150
25,888,57154
25,889,57161
25,890,57172
25,891,57222
25,892,57289
25,893,57367
25,894,57529
25,895,57572
25,896,57611
25,897,57790
25,898,57811
25,899,57823
25,900,57904
25,901,57944
25,902,58029
25,903,58106
25,904,58161
25,905,58165
25,906,58220
25,907,58226
25,908,58257
25,909,58281
25,910,58353
25,911,58450
25,912,58545
25,913,58568
25,914,58606
25,915,58694
25,916,58835
25,917,58836
25,918,58874
25,919,58926
25,920,58955
25,921,58971
25,922,58974
25,923,59027
25,924,59033
25,925,59075
25,926,59188
25,927,59352
25,928,59468
25,929,59693
25,930,59719
25,931,59721
25,932,59728
25,933,60061
25,934,60108
25,935,60150
25,936,60268
25,937,60311
25,938,60332
25,939,60372
25,940,60380
25,941,60387
25,942,60388
25,943,60424
25,944,60555
25,945,60573
25,946,60659
25,947,60671
25,948,60674
25,949,60686
25,950,60725
25,951,60729
25,952,60734
25,953,60747
25,954,60802
25,955,60846
25,956,60896
25,957,61402
25,958,61422
25,959,61455
25,960,61544
25,961,61557
25,962,61560
25,963,61597
25,964,61645
25,965,61650
25,966,61678
25,967,61797
25,968,61848
25,969,61921
25,970,61943
25,971,61955
25,972,62047
25,973,62055
25,974,62060
25,975,62226
25,976,62236
25,977,62369
25,978,62385
25,979,62423
25,980,62460
25,981,62487
25,982,62653
25,983,62709
25,984,62737
25,985,62744
25,986,62799
25,987,62856
25,988,62870
25,989,62872
25,990,62890
25,991,62892
25,992,62903
25,993,63145
25,994,63159
25,995,63285
25,996,63343
25,997,63376
25,998,63453
25,999,63483
25,1000,63640
25,1001,63722
25,1002,63725
25,1003,63775
25,1004,63905
25,1005,64010
25,1006,64014
25,1007,64063
25,1008,64077
25,1009,64089
25,1010,64303
25,1011,64317
25,1012,64326
25,1013,64365
25,1014,64486
25,1015,64536
25,1016,64549
25,1017,64684
25,1018,64857
25,1019,64902
25,1020,64930
25,1021,65081
25,1022,65302
25,1023,65398
26,0,15
26,1,43
26,2,117
26,3,149
26,4,400
26,5,407
26,6,427
26,7,461
26,8,493
26,9,513
26,10,529
26,11,618
26,12,709
26,13,751
26,14,764
26,15,775
26,16,777
26,17,850
26,18,941
26,19,999
26,20,1012
26,21,1036
26,22,1224
26,23,1251
26,24,1258
26,25,1302
26,26,1321
26,27,1396
26,28,1551
26,29,1572
26,30,1873
26,31,1972
26,32,1986
26,33,1992
26,34,2065
26,35,2093
26,36,2103
26,37,2161
26,38,2225
26,39,2249
26,40,2263
26,41,2264
26,42,2285
26,43,2366
26,44,2390
26,45,2453
26,46,2457
26,47,2547
26,48,2683
26,49,2703
26,50,2828
26,51,2838
26,52,3021
26,53,3135
26,54,3247
26,55,3272
26,56,3409
26,57,3549
26,58,3572
26,59,3703
26,60,3717
26,61,3997
26,62,4061
26,63,4083
26,64,4193
26,65,4194
26,66,4497
26,67,4637
26,68,4829
26,69,5042
26,70,5098
26,71,5153
26,72,5154
26,73,5158
26,74,5298
26,75,5374
26,76,5380
26,77,5431
26,78,5442
26,79,5586
26,80,5670
26,81,5671
26,82,5694
26,83,5739
26,84,5783
26,85,5805
26,86,5813
26,87,5830
26,88,6059
26,89,6129
26,90,6131
26,91,6161
26,92,6181
26,93,6285
26,94,6290
26,95,6358
26,96,6442
26,97,6469
26,98,6545
26,99,6551
26,100,6571
26,101,6627
26,102,6709
26,103,6741
26,104,6793
26,105,6871
26,106,6919
26,107,6953
26,108,7144
26,109,7181
26,110,7313
26,111,7444
26,112,7526
26,113,7572
26,114,7596
26,115,7637
26,116,7638
26,117,7713
26,118,7787
26,119,7823
26,120,7877
26,121,7879
26,122,7882
26,123,8038
26,124,8137
26,125,8168
26,126,8290
26,127,8318
26,128,8319
26,129,8362
26,130,8652
26,131,8800
26,132,8834
26,133,8835
26,134,8851
26,135,8855
26,136,8863
26,137,8920
26,138,8931
26,139,8962
26,140,9011
26,141,9116
26,142,9127
26,143,9262
26,144,9420
26,145,9702
26,146,9743
26,147,9853
26,148,9879
26,149,9897
26,150,10100
26,151,10104
26,152,10114
26,153,10171
26,154,10228
26,155,10269
26,156,10411
26,157,10514
26,158,10601
26,159,10676
26,160,10699
26,161,10719
26,162,10730
26,163,10734
26,164,10773
26,165,10807
26,166,10856
26,167,10942
26,168,11141
26,169,11183
26,170,11234
26,171,11264
26,172,11305
26,173,11359
26,174,11448
26,175,11494
26,176,11641
26,177,11642
26,178,11706
26,179,11708
26,180,11752
26,181,11800
26,182,11850
26,183,11878
26,184,11886
26,185,11888
26,186,12001
26,187,12141
26,188,12253
26,189,12308
26,190,12310
26,191,12353
26,192,12381
26,193,12405
26,194,12478
26,195,12532
26,196,12563
26,197,12698
26,198,12700
26,199,12744
26,200,12775
26,201,12779
26,202,12791
26,203,12930
26,204,13066
26,205,13176
26,206,13287
26,207,13304
26,208,13356
26,209,13447
26,210,13459
26,211,13558
26,212,13589
26,213,13665
26,214,13701
26,215,13738
26,216,13769
26,217,13854
26,218,13928
26,219,14041
26,220,14044
26,221,14069
26,222,14172
26,223,14268
26,224,14446
26,225,14542
26,226,14605
26,227,14642
26,228,14651
26,229,14679
26,230,14704
26,231,14741
26,232,14776
26,233,14808
26,234,14846
26,235,15038
26,236,15085
26,237,15189
26,238,15336
26,239,15365
26,240,15446
26,241,15447
26,242,15545
26,243,15637
26,244,15703
26,245,15746
26,246,15788
26,247,15836
26,248,15879
26,249,16080
26,250,16084
26,251,16115
26,252,16161
26,253,16170
26,254,16177
26,255,16262
26,256,16638
26,257,16800
26,258,16983
26,259,17127
26,260,17325
26,261,17334
26,262,17401
26,263,17431
26,264,17489
26,265,17499
26,266,17543
26,267,17720
26,268,17725
26,269,17735
26,270,17811
26,271,17816
26,272,18094
26,273,18131
26,274,18141
26,275,18335
26,276,18443
26,277,18536
26,278,18544
26,279,18634
26,280,18712
26,281,18788
26,282,18824
26,283,18838
26,284,18876
26,285,18909
26,286,18991
26,287,19042
26,288,19067
26,289,19158
26,290,19164
26,291,19217
26,292,19308
26,293,19358
26,294,19401
26,295,19549
26,296,19570
26,297,19599
26,298,19631
26,299,19663
26,300,19711
26,301,19756
26,302,19811
26,303,20131
26,304,20149
26,305,20190
26,306,20283
26,307,20581
26,308,20590
26,309,20629
26,310,20694
26,311,20704
26,312,20767
26,313,20824
26,314,20869
26,315,20926
26,316,20984
26,317,21058
26,318,21065
26,319,21124
26,320,21127
26,321,21136
26,322,21337
26,323,21361
26,324,21382
26,325,21388
26,326,21390
26,327,21407
26,328,21604
26,329,21625
26,330,21681
26,331,21800
26,332,22206
26,333,22239
26,334,22264
26,335,22330
26,336,22406
26,337,22417
26,338,22441
26,339,22447
26,340,22450
26,341,22551
26,342,22670
26,343,22717
26,344,23004
26,345,23033
26,346,23166
26,347,23182
26,348,23225
26,349,23233
26,350,23366
26,351,23391
26,352,23423
26,353,23506
26,354,23590
26,355,23596
26,356,23604
26,357,23779
26,358,23930
26,359,24145
26,360,24178
26,361,24202
26,362,24289
26,363,24354
26,364,24377
26,365,24380
26,366,24385
26,367,24452
26,368,24486
26,369,24505
26,370,24618
26,371,24664
26,372,24759
26,373,24762
26,374,24964
26,375,24981
26,376,25319
26,377,25492
26,378,25530
26,379,25543
26,380,25557
26,381,25567
26,382,25655
26,383,25791
26,384,25808
26,385,25881
26,386,25930
26,387,25965
26,388,26028
26,389,26098
26,390,26138
26,391,26542
26,392,26750
26,393,26792
26,394,26854
26,395,27044
26,396,27109
26,397,27112
26,398,27217
26,399,27225
26,400,27270
26,401,27272
26,402,27391
26,403,27446
26,404,27482
26,405,27537
26,406,27642
26,407,27650
26,408,27692
26,409,27731
26,410,27756
26,411,27822
26,412,27871
26,413,27905
26,414,27971
26,415,28016
26,416,28039
26,417,28077
26,418,28140
26,419,28213
26,420,28293
26,421,28384
26,422,28532
26,423,28562
26,424,28651
26,425,28658
26,426,28660
26,427,28682
26,428,28849
26,429,28853
26,430,28917
26,431,28948
26,432,28962
26,433,29018
26,434,29103
26,435,29118
26,436,29166
26,437,29167
26,438,29257
26,439,29328
26,440,29342
26,441,29393
26,442,29530
26,443,29751
26,444,29801
26,445,29810
26,446,29847
26,447,29865
26,448,29985
26,449,30104
26,450,30217
26,451,30289
26,452,30368
26,453,30594
26,454,30634
26,455,30637
26,456,30719
26,457,30727
26,458,30760
26,459,30936
26,460,30991
26,461,31013
26,462,31014
26,463,31091
26,464,31294
26,465,31397
26,466,31424
26,467,31473
26,468,31478
26,469,31499
26,470,31550
26,471,31574
26,472,31598
26,473,31607
26,474,31620
26,475,31621
26,476,31631
26,477,31761
26,478,31779
26,479,31866
26,480,31928
26,481,31958
26,482,31978
26,483,32145
26,484,32207
26,485,32446
26,486,32512
26,487,32541
26,488,32637
26,489,32660
26,490,32670
26,491,32712
26,492,32933
26,493,33009
26,494,33035
26,495,33091
26,496,33150
26,497,33233
26,498,33463
26,499,33519
26,500,33579
26,501,33674
26,502,33684
26,503,33793
26,504,33809
26,505,33852
26,506,33883
26,507,33888
26,508,33917
26,509,34028
26,510,34046
26,511,34052
26,512,34082
26,513,34178
26,514,34206
26,515,34222
26,516,34249
26,517,34320
26,518,34416
26,519,34564
26,520,34640
26,521,34688
26,522,34821
26,523,34911
26,524,35062
26,525,35092
26,526,35127
26,527,35221
26,528,35256
26,529,35260
26,530,35327
26,531,35442
26,532,35503
26,533,35620
26,534,35643
26,535,35663
26,536,35668
26,537,35721
26,538,35751
26,539,35768
26,540,35861
26,541,35863
26,542,35916
26,543,35958
26,544,36075
26,545,36106
26,546,36149
26,547,36179
26,548,36197
26,549,36311
26,550,36454
26,551,36511
26,552,36527
26,553,36538
26,554,36566
26,555,36597
26,556,36691
26,557,36705
26,558,36707
26,559,36764
26,560,36766
26,561,36775
26,562,36787
26,563,36828
26,564,36869
26,565,36978
26,566,37030
26,567,37050
26,568,37099
26,569,37135
26,570,37219
26,571,37223
26,572,37292
26,573,37346
26,574,37463
26,575,37493
26,576,37536
26,577,37651
26,578,37722
26,579,37774
26,580,37843
26,581,37857
26,582,37935
26,583,38270
26,584,38318
26,585,38512
26,586,38572
26,587,38597
26,588,38610
26,589,38628
26,590,38683
26,591,38754
26,592,38763
26,593,38803
26,594,38809
26,595,38890
26,596,38923
26,597,38939
26,598,38956
26,599,39037
26,600,39082
26,601,39101
26,602,39154
26,603,39160
26,604,39276
26,605,39369
26,606,39502
26,607,39509
26,608,39570
26,609,39806
26,610,39917
26,611,40023
26,612,40056
26,613,40074
26,614,40086
26,615,40108
26,616,40167
26,617,40183
26,618,40251
26,619,40277
26,620,40278
26,621,40328
26,622,40346
26,623,40353
26,624,40415
26,625,40416
26,626,40462
26,627,40628
26,628,40732
26,629,40818
26,630,40834
26,631,40841
26,632,40883
26,633,40987
26,634,41015
26,635,41024
26,636,41142
26,637,41155
26,638,41198
26,639,41238
26,640,41383
26,641,41486
26,642,41494
26,643,41505
26,644,41510
26,645,41552
26,646,41832
26,647,42148
26,648,42237
26,649,42248
26,650,42287
26,651,42305
26,652,42314
26,653,42513
26,654,42590
26,655,42622
26,656,42642
26,657,42648
26,658,42685
26,659,42775
26,660,43437
26,661,43495
26,662,43526
26,663,43556
26,664,43593
26,665,43668
26,666,43684
26,667,43688
26,668,43707
26,669,43743
26,670,43853
26,671,43949
26,672,43960
26,673,44004
26,674,44310
26,675,44386
26,676,44399
26,677,44404
26,678,44453
26,679,44529
26,680,44609
26,681,44777
26,682,44835
26,683,44907
26,684,45110
26,685,45116
26,686,45136
26,687,45153
26,688,45230
26,689,45249
26,690,45251
26,691,45256
26,692,45286
26,693,45329
26,694,45365
26,695,45381
26,696,45435
26,697,45526
26,698,45692
26,699,45788
26,700,45916
26,701,45953
26,702,45985
26,703,46005
26,704,46086
26,705,46089
26,706,46138
26,707,46146
26,708,46154
26,709,46228
26,710,46324
26,711,46418
26,712,46431
26,713,46438
26,714,46613
26,715,46690
26,716,46767
26,717,46912
26,718,46947
26,719,46961
26,720,47062
26,721,47238
26,722,47273
26,723,47440
26,724,47482
26,725,47496
26,726,47606
26,727,47741
26,728,47762
26,729,47802
26,730,47849
26,731,47870
26,732,47898
26,733,47976
26,734,48004
26,735,48066
26,736,48087
26,737,48126
26,738,48164
26,739,48184
26,740,48196
26,741,48382
26,742,48420
26,743,48423
26,744,48514
26,745,48589
26,746,48636
26,747,48695
26,748,48703
26,749,48758
26,750,48845
26,751,48863
26,752,49017
26,753,49029
26,754,49030
26,755,49123
26,756,49127
26,757,49163
26,758,49182
26,759,49286
26,760,49304
26,761,49308
26,762,49320
26,763,49356
26,764,49366
26,765,49369
26,766,49384
26,767,49415
26,768,49486
26,769,49665
26,770,49808
26,771,49834
26,772,49895
26,773,49912
26,774,49929
26,775,50051
26,776,50062
26,777,50400
26,778,50575
26,779,50577
26,780,50603
26,781,50630
26,782,50632
26,783,50740
26,784,50762
26,785,50823
26,786,50830
26,787,50937
26,788,50940
26,789,51220
26,790,51350
26,791,51356
26,792,51420
26,793,51499
26,794,51622
26,795,51664
26,796,51677
26,797,51693
26,798,51925
26,799,51936
26,800,51989
26,801,52008
26,802,52041
26,803,52092
26,804,52116
26,805,52260
26,806,52373
26,807,52394
26,808,52456
26,809,52461
26,810,52509
26,811,52523
26,812,52609
26,813,52628
26,814,52641
26,815,52827
26,816,52857
26,817,53025
26,818,53050
26,819,53053
26,820,53079
26,821,53134
26,822,53174
26,823,53241
26,824,53380
26,825,53491
26,826,53515
26,827,53613
26,828,53693
26,829,53706
26,830,53816
26,831,53866
26,832,53869
26,833,54076
26,834,54193
26,835,54221
26,836,54326
26,837,54472
26,838,54483
26,839,54548
26,840,54565
26,841,54605
26,842,54625
26,843,54792
26,844,54798
26,845,54847
26,846,54909
26,847,54947
26,848,55045
26,849,55129
26,850,55133
26,851,55143
26,852,55150
26,853,55284
26,854,55489
26,855,55608
26,856,55750
26,857,55862
26,858,55889
26,859,55907
26,860,55931
26,861,55938
26,862,55978
26,863,56075
26,864,56088
26,865,56111
26,866,56152
26,867,56182
26,868,56231
26,869,56269
26,870,56280
26,871,56352
26,872,56376
26,873,56418
26,874,56436
26,875,56521
26,876,56537
26,877,56615
26,878,56624
26,879,56637
26,880,56660
26,881,56694
26,882,56721
26,883,56752
26,884,56778
26,885,56904
26,886,56927
26,887,56943
26,888,56968
26,889,56985
26,890,57053
26,891,57180
26,892,57213
26,893,57308
26,894,57314
26,895,57320
26,896,57325
26,897,57463
26,898,57566
26,899,57651
26,900,57758
26,901,57813
26,902,57858
26,903,57859
26,904,57906
26,905,57944
26,906,57983
26,907,58032
26,908,58055
26,909,58088
26,910,58142
26,911,58336
26,912,58354
26,913,58374
26,914,58383
26,915,58486
26,916,58508
26,917,58526
26,918,58693
26,919,58792
26,920,58869
26,921,58909
26,922,58985
26,923,59037
26,924,59104
26,925,59116
26,926,59148
26,927,59181
26,928,59287
26,929,59288
26,930,59294
26,931,59334
26,932,59350
26,933,59384
26,934,59423
26,935,59602
26,936,59668
26,937,59814
26,938,59912
26,939,59952
26,940,59955
26,941,59993
26,942,59995
26,943,60025
26,944,60045
26,945,60051
26,946,60117
26,947,60189
26,948,60403
26,949,60454
26,950,60651
26,951,60716
26,952,60723
26,953,61004
26,954,61028
26,955,61060
26,956,61111
26,957,61180
26,958,61291
26,959,61409
26,960,61416
26,961,61517
26,962,61544
26,963,61573
26,964,61575
26,965,61615
26,966,61636
26,967,61658
26,968,61809
26,969,61881
26,970,61974
26,971,62014
26,972,62305
26,973,62307
26,974,62514
26,975,62534
26,976,62545
26,977,62630
26,978,62650
26,979,62675
26,980,62808
26,981,62815
26,982,62846
26,983,62886
26,984,62934
26,985,63074
26,986,63171
26,987,63242
26,988,63360
26,989,63395
26,990,63417
26,991,63492
26,992,63543
26,993,63607
26,994,63609
26,995,63614
26,996,63620
26,997,63633
26,998,63720
26,999,63778
26,1000,63791
26,1001,63808
26,1002,63831
26,1003,63860
26,1004,63870
26,1005,63898
26,1006,64051
26,1007,64200
26,1008,64207
26,1009,64281
26,1010,64301
26,1011,64360
26,1012,64390
26,1013,64441
26,1014,64555
26,1015,64590
26,1016,64792
26,1017,64803
26,1018,64983
26,1019,65016
26,1020,65034
26,1021,65039
26,1022,65144
26,1023,65387
27,0,13
27,1,55
27,2,108
27,3,122
27,4,128
27,5,165
27,6,181
27,7,382
27,8,402
27,9,429
27,10,489
27,11,575
27,12,593
27,13,595
27,14,620
27,15,705
27,16,716
27,17,718
27,18,761
27,19,804
27,20,1029
27,21,1083
27,22,1095
27,23,1108
27,24,1131
27,25,1176
27,26,1282
27,27,1379
27,28,1452
27,29,1497
27,30,1511
27,31,1527
27,32,1559
27,33,1650
27,34,1707
27,35,1748
27,36,1785
27,37,1791
27,38,1794
27,39,1806
27,40,1850
27,41,1939
27,42,1971
27,43,2026
27,44,2161
27,45,2232
27,46,2341
27,47,2516
27,48,2613
27,49,2680
27,50,2833
27,51,2850
27,52,2864
27,53,2902
27,54,2929
27,55,2963
27,56,2978
27,57,2985
27,58,3018
27,59,3050
27,60,3146
27,61,3198
27,62,3317
27,63,3347
27,64,3373
27,65,3400
27,66,3457
27,67,3581
27,68,3663
27,69,3755
27,70,3877
27,71,3906
27,72,3954
27,73,4027
27,74,4138
27,75,4160
27,76,4173
27,77,4228
27,78,4245
27,79,4333
27,80,4345
27,81,4350
27,82,4430
27,83,4442
27,84,4506
27,85,4547
27,86,4552
27,87,4600
27,88,4679
27,89,4772
27,90,4776
27,91,4980
27,92,5110
27,93,5174
27,94,5190
27,95,5266
27,96,5430
27,97,5467
27,98,5572
27,99,5614
27,100,5628
27,101,5700
27,102,5787
27,103,5940
27,104,5962
27,105,5963
27,106,5997
27,107,6020
27,108,6216
27,109,6326
27,110,6348
27,111,6401
27,112,6414
27,113,6426
27,114,6526
27,115,6594
27,116,6609
27,117,6632
27,118,6655
27,119,6756
27,120,6817
27,121,6866
27,122,6872
27,123,6892
27,124,6920
27,125,6977
27,126,7012
27,127,7027
27,128,7145
27,129,7153
27,130,7210
27,131,7221
27,132,7319
27,133,7338
27,134,7360
27,135,7499
27,136,7647
27,137,7649
27,138,7883
27,139,7910
27,140,8012
27,141,8090
27,142,8184
27,143,8204
27,144,8209
27,145,8219
27,146,8268
27,147,8316
27,148,8467
27,149,8547
27,150,8601
27,151,8701
27,152,8824
27,153,8942
27,154,8991
27,155,9134
27,156,9142
27,157,9247
27,158,9255
27,159,9332
27,160,9382
27,161,9521
27,162,9531
27,163,9544
27,164,9558
27,165,9611
27,166,9708
27,167,9744
27,168,9897
27,169,9970
27,170,10020
27,171,10023
27,172,10048
27,173,10151
27,174,10192
27,175,10221
27,176,10241
27,177,10256
27,178,10328
27,179,10359
27,180,10460
27,181,10464
27,182,10736
27,183,10833
27,184,10863
27,185,10902
27,186,10912
27,187,11100
27,188,11104
27,189,11188
27,190,11243
27,191,11364
27,192,11394
27,193,11404
27,194,11424
27,195,11546
27,196,11555
27,197,11677
27,198,11679
27,199,11724
27,200,11859
27,201,11879
27,202,11886
27,203,11928
27,204,11972
27,205,12032
27,206,12152
27,207,12237
27,208,12454
27,209,12481
27,210,12643
27,211,12719
27,212,12729
27,213,12742
27,214,12819
27,215,12922
27,216,12925
27,217,13037
27,218,13040
27,219,13106
27,220,13129
27,221,13193
27,222,13396
27,223,13465
27,224,13572
27,225,13580
27,226,13720
27,227,13746
27,228,13797
27,229,13802
27,230,13824
27,231,13871
27,232,13901
27,233,13949
27,234,14048
27,235,14099
27,236,14319
27,237,14438
27,238,14446
27,239,14530
27,240,14569
27,241,14601
27,242,14695
27,243,14725
27,244,14807
27,245,14814
27,246,14940
27,247,14973
27,248,14988
27,249,15103
27,250,15134
27,251,15262
27,252,15287
27,253,15316
27,254,15520
27,255,15537
27,256,15561
27,257,15566
27,258,15648
27,259,15785
27,260,15795
27,261,15837
27,262,15866
27,263,16041
27,264,16064
27,265,16090
27,266,16328
27,267,16486
27,268,16540
27,269,16566
27,270,16614
27,271,16726
27,272,16808
27,273,16819
27,274,16981
27,275,17010
27,276,17021
27,277,17042
27,278,17127
27,279,17336
27,280,17407
27,281,17408
27,282,17469
27,283,17647
27,284,17691
27,285,17863
27,286,17912
27,287,17929
27,288,18100
27,289,18165
27,290,18189
27,291,18224
27,292,18297
27,293,18323
27,294,18332
27,295,18379
27,296,18756
27,297,18781
27,298,18784
27,299,18795
27,300,18811
27,301,18910
27,302,18980
27,303,19136
27,304,19207
27,305,19264
27,306,19462
27,307,19587
27,308,19602
27,309,19629
27,310,19727
27,311,19758
27,312,19793
27,313,19920
27,314,19963
27,315,19991
27,316,20000
27,317,20023
27,318,20036
27,319,20152
27,320,20200
27,321,20525
27,322,20605
27,323,20615
27,324,20651
27,325,20659
27,326,20722
27,327,20768
27,328,20857
27,329,20860
27,330,20898
27,331,20990
27,332,20992
27,333,20996
27,334,21028
27,335,21051
27,336,21083
27,337,21161
27,338,21204
27,339,21205
27,340,21252
27,341,21300
27,342,21343
27,343,21350
27,344,21431
27,345,21439
27,346,21481
27,347,21530
27,348,21758
27,349,21789
27,350,22168
27,351,22203
27,352,22251
27,353,22369
27,354,22504
27,355,22505
27,356,22641
27,357,22717
27,358,22755
27,359,22814
27,360,22917
27,361,23018
27,362,23049
27,363,23182
27,364,23289
27,365,23303
27,366,23334
27,367,23394
27,368,23512
27,369,23619
27,370,23668
27,371,23696
27,372,23737
27,373,23755
27,374,23801
27,375,23862
27,376,23890
27,377,24068
27,378,24091
27,379,24227
27,380,24313
27,381,24334
27,382,24336
27,383,24373
27,384,24497
27,385,24522
27,386,24641
27,387,24646
27,388,24655
27,389,24664
27,390,24694
27,391,24820
27,392,24850
27,393,24923
27,394,24953
27,395,25011
27,396,25141
27,397,25165
27,398,25178
27,399,25242
27,400,25318
27,401,25336
27,402,25362
27,403,25432
27,404,25447
27,405,25457
27,406,25513
27,407,25558
27,408,25653
27,409,25727
27,410,25833
27,411,25967
27,412,25998
27,413,26019
27,414,26238
27,415,26254
27,416,26482
27,417,26642
27,418,26677
27,419,26678
27,420,26690
27,421,26764
27,422,26767
27,423,26780
27,424,26837
27,425,26846
27,426,26874
27,427,26944
27,428,26989
27,429,27088
27,430,27143
27,431,27208
27,432,27251
27,433,27283
27,434,27301
27,435,27344
27,436,27452
27,437,27613
27,438,27663
27,439,27730
27,440,27822
27,441,27857
27,442,27887
27,443,27891
27,444,27902
27,445,27973
27,446,28229
27,447,28333
27,448,28353
27,449,28355
27,450,28465
27,451,28486
27,452,28501
27,453,28502
27,454,28597
27,455,28715
27,456,28797
27,457,28802
27,458,28818
27,459,28862
27,460,28977
27,461,28979
27,462,29045
27,463,29109
27,464,29166
27,465,29198
27,466,29249
27,467,29281
27,468,29348
27,469,29361
27,470,29431
27,471,29497
27,472,29632
27,473,29644
27,474,29679
27,475,29804
27,476,29836
27,477,30023
27,478,30057
27,479,30067
27,480,30156
27,481,30161
27,482,30228
27,483,30278
27,484,30304
27,485,30369
27,486,30389
27,487,30536
27,488,30599
27,489,30629
27,490,30672
27,491,30753
27,492,30756
27,493,30772
27,494,30784
27,495,30810
27,496,30823
27,497,31046
27,498,31142
27,499,31182
27,500,31200
27,501,31204
27,502,31683
27,503,31787
27,504,31895
27,505,31979
27,506,32076
27,507,32125
27,508,32178
27,509,32246
27,510,32263
27,511,32280
27,512,32296
27,513,32328
27,514,32339
27,515,32461
27,516,32711
27,517,32733
27,518,32898
27,519,32970
27,520,33054
27,521,33236
27,522,33256
27,523,33353
27,524,33356
27,525,33429
27,526,33452
27,527,33495
27,528,33536
27,529,33538
27,530,33626
27,531,33659
27,532,33704
27,533,33707
27,534,33752
27,535,33886
27,536,33921
27,537,34016
27,538,34048
27,539,34115
27,540,34153
27,541,34300
27,542,34389
27,543,34511
27,544,34528
27,545,34530
27,546,34729
27,547,34824
27,548,34851
27,549,34866
27,550,34984
27,551,35000
27,552,35039
27,553,35083
27,554,35205
27,555,35233
27,556,35241
27,557,35245
27,558,35255
27,559,35258
27,560,35280
27,561,35328
27,562,35406
27,563,35500
27,564,35517
27,565,35565
27,566,35581
27,567,35665
27,568,35880
27,569,35955
27,570,36029
27,571,36127
27,572,36132
27,573,36157
27,574,36177
27,575,36181
27,576,36183
27,577,36239
27,578,36436
27,579,36490
27,580,36611
27,581,36620
27,582,36730
27,583,36822
27,584,36895
27,585,37036
27,586,37069
27,587,37080
27,588,37084
27,589,37136
27,590,37608
27,591,37617
27,592,37700
27,593,37915
27,594,37939
27,595,38033
27,596,38071
27,597,38094
27,598,38110
27,599,38118
27,600,38187
27,601,38273
27,602,38321
27,603,38332
27,604,38425
27,605,38463
27,606,38487
27,607,38496
27,608,38554
27,609,38559
27,610,38566
27,611,38632
27,612,38678
27,613,38722
27,614,38742
27,615,38822
27,616,38900
27,617,39001
27,618,39052
27,619,39087
27,620,39121
27,621,39292
27,622,39348
27,623,39372
27,624,39459
27,625,39650
27,626,39663
27,627,39704
27,628,39763
27,629,39917
27,630,40002
27,631,40189
27,632,40360
27,633,40382
27,634,40402
27,635,40541
27,636,40571
27,637,40601
27,638,40628
27,639,40770
27,640,41005
27,641,41068
27,642,41074
27,643,41083
27,644,41147
27,645,41150
27,646,41237
27,647,41263
27,648,41298
27,649,41323
27,650,41353
27,651,41357
27,652,41527
27,653,41672
27,654,41768
27,655,41808
27,656,41857
27,657,41956
27,658,41969
27,659,42028
27,660,42297
27,661,42385
27,662,42454
27,663,42456
27,664,42473
27,665,42517
27,666,42672
27,667,42769
27,668,42804
27,669,42820
27,670,42913
27,671,42920
27,672,42956
27,673,42964
27,674,43047
27,675,43181
27,676,43219
27,677,43230
27,678,43275
27,679,43355
27,680,43358
27,681,43383
27,682,43394
27,683,43545
27,684,43597
27,685,43614
27,686,43650
27,687,43653
27,688,43659
27,689,43801
27,690,43804
27,691,43865
27,692,43909
27,693,43942
27,694,43960
27,695,44027
27,696,44039
27,697,44115
27,698,44132
27,699,44140
27,700,44162
27,701,44201
27,702,44202
27,703,44296
27,704,44349
27,705,44446
27,706,44550
27,707,44615
27,708,44772
27,709,44800
27,710,44823
27,711,44850
27,712,44854
27,713,44984
27,714,44992
27,715,45089
27,716,45108
27,717,45121
27,718,45140
27,719,45145
27,720,45291
27,721,45385
27,722,45406
27,723,45494
27,724,45503
27,725,45545
27,726,45611
27,727,45663
27,728,45667
27,729,45672
27,730,45799
27,731,45830
27,732,45872
27,733,45895
27,734,45941
27,735,45961
27,736,46052
27,737,46093
27,738,46097
27,739,46205
27,740,46360
27,741,46433
27,742,46482
27,743,46550
27,744,46572
27,745,46576
27,746,46579
27,747,46679
27,748,46689
27,749,46841
27,750,46863
27,751,46896
27,752,46947
27,753,47006
27,754,47045
27,755,47208
27,756,47232
27,757,47294
27,758,47343
27,759,47355
27,760,47372
27,761,47406
27,762,47409
27,763,47491
27,764,47520
27,765,47563
27,766,47930
27,767,47941
27,768,47951
27,769,48022
27,770,48034
27,771,48039
27,772,48105
27,773,48115
27,774,48152
27,775,48258
27,776,48340
27,777,48387
27,778,48538
27,779,48721
27,780,48731
27,781,48814
27,782,48925
27,783,48956
27,784,49106
27,785,49149
27,786,49332
27,787,49451
27,788,49524
27,789,49727
27,790,49765
27,791,49807
27,792,49829
27,793,49976
27,794,50073
27,795,50108
27,796,50111
27,797,50266
27,798,50464
27,799,50473
27,800,50589
27,801,50708
27,802,50748
27,803,50795
27,804,50807
27,805,50948
27,806,51043
27,807,51054
27,808,51133
27,809,51155
27,810,51238
27,811,51324
27,812,51381
27,813,51481
27,814,51636
27,815,51781
27,816,51802
27,817,51849
27,818,51901
27,819,52013
27,820,52048
27,821,52134
27,822,52143
27,823,52146
27,824,52207
27,825,52226
27,826,52238
27,827,52433
27,828,52471
27,829,52522
27,830,52546
27,831,52557
27,832,52793
27,833,52915
27,834,52997
27,835,53037
27,836,53097
27,837,53185
27,838,53228
27,839,53293
27,840,53436
27,841,53471
27,842,53669
27,843,53698
27,844,53736
27,845,53742
27,846,53850
27,847,53861
27,848,53904
27,849,53931
27,850,54085
27,851,54120
27,852,54150
27,853,54400
27,854,54439
27,855,54517
27,856,54542
27,857,54691
27,858,55033
27,859,55043
27,860,55072
27,861,55192
27,862,55220
27,863,55223
27,864,55267
27,865,55425
27,866,55534
27,867,55562
27,868,55578
27,869,55629
27,870,55633
27,871,55694
27,872,55699
27,873,55700
27,874,55706
27,875,55774
27,876,55938
27,877,55951
27,878,55964
27,879,55980
27,880,56017
27,881,56033
27,882,56048
27,883,56419
27,884,56445
27,885,56770
27,886,56934
27,887,56963
27,888,56982
27,889,57010
27,890,57079
27,891,57126
27,892,57136
27,893,57175
27,894,57187
27,895,57199
27,896,57299
27,897,57458
27,898,57514
27,899,57565
27,900,57568
27,901,57700
27,902,57736
27,903,57828
27,904,57902
27,905,57914
27,906,57927
27,907,57936
27,908,57942
27,909,57958
27,910,57965
27,911,58013
27,912,58026
27,913,58233
27,914,58282
27,915,58410
27,916,58487
27,917,58699
27,918,58708
27,919,58709
27,920,58724
27,921,58733
27,922,58889
27,923,58918
27,924,59093
27,925,59145
27,926,59179
27,927,59212
27,928,59240
27,929,59245
27,930,59248
27,931,59268
27,932,59327
27,933,59391
27,934,59415
27,935,59508
27,936,59566
27,937,59707
27,938,59814
27,939,59894
27,940,60112
27,941,60143
27,942,60221
27,943,60235
27,944,60292
27,945,60829
27,946,60833
27,947,60844
27,948,61067
27,949,61088
27,950,61154
27,951,61237
27,952,61261
27,953,61310
27,954,61361
27,955,61442
27,956,61481
27,957,61539
27,958,61588
27,959,61617
27,960,61634
27,961,61674
27,962,61704
27,963,61730
27,964,61802
27,965,61897
27,966,62118
27,967,62156
27,968,62159
27,969,62239
27,970,62406
27,971,62448
27,972,62490
27,973,62534
27,974,62572
27,975,62588
27,976,62614
27,977,62639
27,978,62645
27,979,62650
27,980,62675
27,981,62683
27,982,62906
27,983,62909
27,984,62979
27,985,63062
27,986,63102
27,987,63163
27,988,63214
27,989,63271
27,990,63296
27,991,63386
27,992,63388
27,993,63468
27,994,63507
27,995,63523
27,996,63538
27,997,63604
27,998,63629
27,999,63638
27,1000,63803
27,1001,63806
27,1002,63883
27,1003,64001
27,1004,64032
27,1005,64072
27,1006,64128
27,1007,64233
27,1008,64299
27,1009,64337
27,1010,64404
27,1011,64417
27,1012,64556
27,1013,64582
27,1014,64669
27,1015,64822
27,1016,65005
27,1017,65286
27,1018,65342
27,1019,65413
27,1020,65422
27,1021,65459
27,1022,65528
27,1023,65534
28,0,50
28,1,63
28,2,68
28,3,73
28,4,246
28,5,378
28,6,398
28,7,463
28,8,508
28,9,543
28,10,633
28,11,672
28,12,757
28,13,760
28,14,891
28,15,963
28,16,998
28,17,1071
28,18,1076
28,19,1089
28,20,1092
28,21,1240
28,22,1247
28,23,1258
28,24,1335
28,25,1353
28,26,1446
28,27,1453
28,28,1511
28,29,1681
28,30,1696
28,31,1706
28,32,1747
28,33,1759
28,34,2031
28,35,2126
28,36,2144
28,37,2162
28,38,2325
28,39,2362
28,40,2385
28,41,2413
28,42,2456
28,43,2529
28,44,2533
28,45,2624
28,46,2689
28,47,2783
28,48,2793
28,49,2817
28,50,2868
28,51,2955
28,52,2996
28,53,3006
28,54,3041
28,55,3309
28,56,3401
28,57,3516
28,58,3535
28,59,3808
28,60,3945
28,61,3989
28,62,4059
28,63,4315
28,64,4401
28,65,4439
28,66,4524
28,67,4574
28,68,4611
28,69,4688
28,70,4725
28,71,4808
28,72,4813
28,73,4815
28,74,4937
28,75,5105
28,76,5223
28,77,5329
28,78,5357
28,79,5382
28,80,5413
28,81,5465
28,82,5477
28,83,5621
28,84,5719
28,85,5885
28,86,5889
28,87,5896
28,88,6052
28,89,6129
28,90,6175
28,91,6267
28,92,6340
28,93,6463
28,94,6479
28,95,6683
28,96,6726
28,97,6757
28,98,6822
28,99,6836
28,100,6895
28,101,6987
28,102,7016
28,103,7052
28,104,7151
28,105,7209
28,106,7293
28,107,7347
28,108,7467
28,109,7666
28,110,7726
28,111,7754
28,112,7790
28,113,7814
28,114,7818
28,115,8030
28,116,8073
28,117,8129
28,118,8220
28,119,8238
28,120,8304
28,121,8327
28,122,8343
28,123,8351
28,124,8406
28,125,8427
28,126,8443
28,127,8482
28,128,8928
28,129,9043
28,130,9160
28,131,9178
28,132,9228
28,133,9737
28,134,9741
28,135,9758
28,136,9877
28,137,9881
28,138,10001
28,139,10109
28,140,10193
28,141,10287
28,142,10303
28,143,10369
28,144,10389
28,145,10411
28,146,10461
28,147,10644
28,148,10713
28,149,10736
28,150,10740
28,151,10783
28,152,10854
28,153,10864
28,154,10908
28,155,10949
28,156,10954
28,157,10989
28,158,11021
28,159,11118
28,160,11186
28,161,11190
28,162,11198
28,163,11263
28,164,11421
28,165,11446
28,166,11516
28,167,11658
28,168,11768
28,169,11810
28,170,11826
28,171,11835
28,172,11846
28,173,11893
28,174,11904
28,175,11920
28,176,11948
28,177,11982
28,178,12128
28,179,12131
28,180,12183
28,181,12197
28,182,12518
28,183,12688
28,184,12734
28,185,13107
28,186,13148
28,187,13166
28,188,13400
28,189,13421
28,190,13436
28,191,13552
28,192,13606
28,193,13622
28,194,13693
28,195,13741
28,196,13813
28,197,13881
28,198,14078
28,199,14212
28,200,14353
28,201,14369
28,202,14393
28,203,14478
28,204,14591
28,205,14617
28,206,14634
28,207,14666
28,208,14715
28,209,14735
28,210,14747
28,211,14919
28,212,15028
28,213,15057
28,214,15094
28,215,15169
28,216,15196
28,217,15248
28,218,15436
28,219,15465
28,220,15467
28,221,15567
28,222,15632
28,223,15691
28,224,15699
28,225,15802
28,226,15819
28,227,15869
28,228,15870
28,229,15921
28,230,15933
28,231,15965
28,232,16062
28,233,16356
28,234,16425
28,235,16672
28,236,16707
28,237,16764
28,238,16822
28,239,16849
28,240,16936
28,241,16967
28,242,17013
28,243,17114
28,244,17225
28,245,17298
28,246,17472
28,247,17475
28,248,17584
28,249,17657
28,250,17689
28,251,17831
28,252,17891
28,253,17915
28,254,17992
28,255,18056
28,256,18160
28,257,18234
28,258,18258
28,259,18365
28,260,18441
28,261,18570
28,262,18575
28,263,18703
28,264,18766
28,265,18803
28,266,18821
28,267,18916
28,268,18954
28,269,18997
28,270,19034
28,271,19113
28,272,19319
28,273,19327
28,274,19343
28,275,19369
28,276,19370
28,277,19427
28,278,19455
28,279,19470
28,280,19669
28,281,19722
28,282,19748
28,283,19764
28,284,19836
28,285,19881
28,286,19916
28,287,19946
28,288,20014
28,289,20025
28,290,20140
28,291,20177
28,292,20232
28,293,20264
28,294,20444
28,295,20648
28,296,20768
28,297,20862
28,298,20864
28,299,20924
28,300,20929
28,301,21028
28,302,21064
28,303,21169
28,304,21232
28,305,21239
28,306,21282
28,307,21289
28,308,21311
28,309,21435
28,310,21549
28,311,21567
28,312,21667
28,313,21669
28,314,21720
28,315,21804
28,316,21876
28,317,21956
28,318,22037
28,319,22132
28,320,22136
28,321,22149
28,322,22242
28,323,22246
28,324,22274
28,325,22289
28,326,22391
28,327,22408
28,328,22467
28,329,22542
28,330,22609
28,331,22616
28,332,22660
28,333,22662
28,334,22666
28,335,22687
28,336,23003
28,337,23069
28,338,23077
28,339,23092
28,340,23100
28,341,23119
28,342,23149
28,343,23196
28,344,23209
28,345,23270
28,346,23279
28,347,23372
28,348,23410
28,349,23445
28,350,23593
28,351,23665
28,352,23717
28,353,23733
28,354,23814
28,355,23834
28,356,23885
28,357,23929
28,358,23983
28,359,24037
28,360,24307
28,361,24315
28,362,24322
28,363,24465
28,364,24479
28,365,24484
28,366,24515
28,367,24623
28,368,24657
28,369,24703
28,370,24738
28,371,24939
28,372,24948
28,373,24979
28,374,25022
28,375,25059
28,376,25066
28,377,25074
28,378,25082
28,379,25158
28,380,25197
28,381,25263
28,382,25415
28,383,25500
28,384,25743
28,385,25812
28,386,25824
28,387,25841
28,388,25891
28,389,25909
28,390,25956
28,391,26092
28,392,26203
28,393,26209
28,394,26236
28,395,26247
28,396,26258
28,397,26275
28,398,26393
28,399,26395
28,400,26665
28,401,26743
28,402,26749
28,403,26750
28,404,26842
28,405,26881
28,406,26920
28,407,27040
28,408,27091
28,409,27170
28,410,27181
28,411,27208
28,412,27335
28,413,27406
28,414,27436
28,415,27507
28,416,27512
28,417,27585
28,418,27695
28,419,27769
28,420,27798
28,421,27899
28,422,27990
28,423,28023
28,424,28033
28,425,28104
28,426,28186
28,427,28187
28,428,28236
28,429,28246
28,430,28253
28,431,28273
28,432,28327
28,433,28508
28,434,28513
28,435,28626
28,436,28644
28,437,28664
28,438,28760
28,439,28845
28,440,28920
28,441,29003
28,442,29149
28,443,29166
28,444,29248
28,445,29275
28,446,29365
28,447,29409
28,448,29415
28,449,29439
28,450,29770
28,451,29782
28,452,29985
28,453,29996
28,454,30093
28,455,30190
28,456,30204
28,457,30259
28,458,30304
28,459,30389
28,460,30496
28,461,30604
28,462,30635
28,463,30709
28,464,30821
28,465,30865
28,466,30888
28,467,31065
28,468,31076
28,469,31169
28,470,31195
28,471,31295
28,472,31364
28,473,31505
28,474,31537
28,475,31543
28,476,31695
28,477,31759
28,478,31905
28,479,31982
28,480,32053
28,481,32084
28,482,32112
28,483,32145
28,484,32168
28,485,32173
28,486,32214
28,487,32251
28,488,32287
28,489,32288
28,490,32298
28,491,32323
28,492,32365
28,493,32366
28,494,32388
28,495,32430
28,496,32455
28,497,32483
28,498,32484
28,499,32498
28,500,32501
28,501,32542
28,502,32719
28,503,32898
28,504,33031
28,505,33046
28,506,33055
28,507,33142
28,508,33143
28,509,33182
28,510,33203
28,511,33232
28,512,33420
28,513,33445
28,514,33866
28,515,33876
28,516,33984
28,517,34006
28,518,34065
28,519,34073
28,520,34184
28,521,34229
28,522,34339
28,523,34388
28,524,34401
28,525,34470
28,526,34514
28,527,34528
28,528,34533
28,529,34568
28,530,34591
28,531,34694
28,532,34696
28,533,34733
28,534,34850
28,535,34856
28,536,34953
28,537,34955
28,538,35050
28,539,35074
28,540,35075
28,541,35109
28,542,35129
28,543,35200
28,544,35204
28,545,35246
28,546,35413
28,547,35432
28,548,35440
28,549,35442
28,550,35444
28,551,35590
28,552,35728
28,553,35765
28,554,35851
28,555,35951
28,556,36056
28,557,36072
28,558,36116
28,559,36132
28,560,36133
28,561,36269
28,562,36392
28,563,36480
28,564,36615
28,565,36732
28,566,36757
28,567,36781
28,568,36958
28,569,36985
28,570,37008
28,571,37046
28,572,37235
28,573,37242
28,574,37284
28,575,37299
28,576,37374
28,577,37428
28,578,37452
28,579,37453
28,580,37492
28,581,37493
28,582,37635
28,583,37684
28,584,37729
28,585,37742
28,586,37797
28,587,37801
28,588,37863
28,589,37864
28,590,38226
28,591,38243
28,592,38355
28,593,38377
28,594,38392
28,595,38396
28,596,38419
28,597,38422
28,598,38456
28,599,38498
28,600,38675
28,601,38791
28,602,38883
28,603,38910
28,604,38942
28,605,39212
28,606,39232
28,607,39715
28,608,39918
28,609,39924
28,610,40035
28,611,40040
28,612,40051
28,613,40139
28,614,40171
28,615,40215
28,616,40295
28,617,40302
28,618,40401
28,619,40461
28,620,40481
28,621,40652
28,622,40741
28,623,40857
28,624,40893
28,625,41021
28,626,41124
28,627,41159
28,628,41185
28,629,41193
28,630,41273
28,631,41274
28,632,41286
28,633,41352
28,634,41361
28,635,41428
28,636,41430
28,637,41542
28,638,41550
28,639,41618
28,640,41718
28,641,41816
28,642,41827
28,643,41930
28,644,42007
28,645,42083
28,646,42090
28,647,42131
28,648,42155
28,649,42254
28,650,42266
28,651,42293
28,652,42434
28,653,42509
28,654,42557
28,655,42584
28,656,42610
28,657,42705
28,658,42725
28,659,42774
28,660,42784
28,661,42926
28,662,43030
28,663,43043
28,664,43057
28,665,43064
28,666,43069
28,667,43078
28,668,43214
28,669,43302
28,670,43346
28,671,43455
28,672,43457
28,673,43510
28,674,43627
28,675,43734
28,676,44086
28,677,44160
28,678,44315
28,679,44347
28,680,44563
28,681,44665
28,682,44696
28,683,44750
28,684,44753
28,685,44773
28,686,44791
28,687,44829
28,688,44882
28,689,44891
28,690,44899
28,691,44959
28,692,44960
28,693,45020
28,694,45043
28,695,45060
28,696,45081
28,697,45091
28,698,45097
28,699,45176
28,700,45253
28,701,45276
28,702,45329
28,703,45407
28,704,45435
28,705,45483
28,706,45492
28,707,45581
28,708,45709
28,709,45800
28,710,45809
28,711,45840
28,712,45870
28,713,45900
28,714,45974
28,715,45976
28,716,46027
28,717,46111
28,718,46161
28,719,46184
28,720,46322
28,721,46403
28,722,46566
28,723,46744
28,724,46822
28,725,46839
28,726,46945
28,727,46992
28,728,47053
28,729,47074
28,730,47171
28,731,47173
28,732,47258
28,733,47281
28,734,47287
28,735,47370
28,736,47417
28,737,47436
28,738,47449
28,739,47456
28,740,47747
28,741,47821
28,742,47836
28,743,47850
28,744,47901
28,745,47980
28,746,48199
28,747,48202
28,748,48217
28,749,48274
28,750,48304
28,751,48320
28,752,48338
28,753,48430
28,754,48434
28,755,48461
28,756,48511
28,757,48513
28,758,48615
28,759,48678
28,760,48725
28,761,48906
28,762,48924
28,763,48927
28,764,48975
28,765,49098
28,766,49192
28,767,49193
28,768,49247
28,769,49262
28,770,49465
28,771,49493
28,772,49528
28,773,49572
28,774,49585
28,775,49601
28,776,49650
28,777,49658
28,778,49873
28,779,49886
28,780,49891
28,781,49908
28,782,49964
28,783,50052
28,784,50105
28,785,50127
28,786,50181
28,787,50193
28,788,50346
28,789,50398
28,790,50402
28,791,50407
28,792,50444
28,793,50488
28,794,50523
28,795,50548
28,796,50578
28,797,50679
28,798,50712
28,799,50910
28,800,50935
28,801,51075
28,802,51096
28,803,51135
28,804,51232
28,805,51266
28,806,51310
28,807,51360
28,808,51373
28,809,51496
28,810,51719
28,811,51740
28,812,51772
28,813,51938
28,814,51983
28,815,51988
28,816,52053
28,817,52096
28,818,52156
28,819,52206
28,820,52211
28,821,52483
28,822,52496
28,823,52512
28,824,52552
28,825,52700
28,826,52761
28,827,52963
28,828,53085
28,829,53104
28,830,53122
28,831,53182
28,832,53202
28,833,53217
28,834,53289
28,835,53328
28,836,53367
28,837,53383
28,838,53570
28,839,53574
28,840,53639
28,841,53651
28,842,53668
28,843,53670
28,844,53682
28,845,53692
28,846,53748
28,847,53816
28,848,53822
28,849,53970
28,850,54056
28,851,54075
28,852,54140
28,853,54156
28,854,54241
28,855,54371
28,856,54613
28,857,54650
28,858,54677
28,859,54905
28,860,55089
28,861,55114
28,862,55139
28,863,55273
28,864,55278
28,865,55314
28,866,55380
28,867,55411
28,868,55508
28,869,55511
28,870,55554
28,871,55658
28,872,55729
28,873,55826
28,874,55841
28,875,55943
28,876,55986
28,877,55993
28,878,56040
28,879,56061
28,880,56076
28,881,56138
28,882,56151
28,883,56195
28,884,56296
28,885,56513
28,886,56571
28,887,56593
28,888,56635
28,889,56699
28,890,56715
28,891,56863
28,892,56872
28,893,56881
28,894,56894
28,895,56970
28,896,57002
28,897,57202
28,898,57285
28,899,57420
28,900,57459
28,901,57460
28,902,57574
28,903,57576
28,904,57715
28,905,57815
28,906,58000
28,907,58049
28,908,58056
28,909,58107
28,910,58128
28,911,58173
28,912,58254
28,913,58303
28,914,58328
28,915,58360
28,916,58412
28,917,58437
28,918,58468
28,919,58541
28,920,58649
28,921,58654
28,922,58664
28,923,58739
28,924,58856
28,925,58862
28,926,58912
28,927,58969
28,928,59105
28,929,59113
28,930,59150
28,931,59159
28,932,59219
28,933,59245
28,934,59254
28,935,59277
28,936,59315
28,937,59416
28,938,59576
28,939,59584
28,940,59589
28,941,59620
28,942,59681
28,943,59755
28,944,59804
28,945,59857
28,946,59940
28,947,59966
28,948,60180
28,949,60220
28,950,60225
28,951,60363
28,952,60434
28,953,60456
28,954,60794
28,955,60808
28,956,60852
28,957,60929
28,958,60963
28,959,60988
28,960,61070
28,961,61078
28,962,61109
28,963,61124
28,964,61155
28,965,61204
28,966,61209
28,967,61233
28,968,61311
28,969,61442
28,970,61462
28,971,61566
28,972,61584
28,973,61600
28,974,61610
28,975,61692
28,976,61837
28,977,61856
28,978,61972
28,979,62042
28,980,62048
28,981,62071
28,982,62091
28,983,62110
28,984,62191
28,985,62275
28,986,62299
28,987,62426
28,988,62501
28,989,62668
28,990,62877
28,991,63243
28,992,63343
28,993,63387
28,994,63407
28,995,63435
28,996,63442
28,997,63482
28,998,63569
28,999,63596
28,1000,63701
28,1001,63783
28,1002,63849
28,1003,63853
28,1004,63942
28,1005,64028
28,1006,64034
28,1007,64054
28,1008,64208
28,1009,64248
28,1010,64260
28,1011,64281
28,1012,64358
28,1013,64498
28,1014,64543
28,1015,64549
28,1016,64565
28,1017,64643
28,1018,64783
28,1019,64856
28,1020,65254
28,1021,65275
28,1022,65403
28,1023,65532
29,0,38
29,1,440
29,2,478
29,3,525
29,4,536
29,5,568
29,6,618
29,7,692
29,8,714
29,9,917
29,10,919
29,11,954
29,12,964
29,13,1097
29,14,1168
29,15,1297
29,16,1304
29,17,1320
29,18,1448
29,19,1454
29,20,1463
29,21,1477
29,22,1637
29,23,1670
29,24,1992
29,25,2203
29,26,2271
29,27,2320
29,28,2341
29,29,2506
29,30,2644
29,31,2652
29,32,2715
29,33,2726
29,34,2789
29,35,2979
29,36,3044
29,37,3114
29,38,3197
29,39,3270
29,40,3271
29,41,3318
29,42,3334
29,43,3447
29,44,3520
29,45,3521
29,46,3775
29,47,3795
29,48,3912
29,49,3943
29,50,3977
29,51,4086
29,52,4088
29,53,4090
29,54,4136
29,55,4266
29,56,4396
29,57,4452
29,58,4456
29,59,4567
29,60,4714
29,61,4749
29,62,4789
29,63,4813
29,64,4832
29,65,4856
29,66,4887
29,67,4939
29,68,4964
29,69,5003
29,70,5052
29,71,5162
29,72,5213
29,73,5441
29,74,5510
29,75,5524
29,76,5562
29,77,5616
29,78,5633
29,79,5690
29,80,5821
29,81,5823
29,82,5923
29,83,5963
29,84,6057
29,85,6066
29,86,6143
29,87,6173
29,88,6198
29,89,6266
29,90,6361
29,91,6578
29,92,6684
29,93,6787
29,94,6882
29,95,6930
29,96,7034
29,97,7082
29,98,7113
29,99,7142
29,100,7202
29,101,7210
29,102,7304
29,103,7331
29,104,7462
29,105,7649
29,106,7854
29,107,7872
29,108,7887
29,109,7937
29,110,7958
29,111,7987
29,112,8174
29,113,8289
29,114,8331
29,115,8338
29,116,8376
29,117,8401
29,118,8419
29,119,8422
29,120,8452
29,121,8453
29,122,8482
29,123,8492
29,124,8559
29,125,8560
29,126,8566
29,127,8759
29,128,8826
29,129,8828
29,130,8832
29,131,8874
29,132,8948
29,133,8983
29,134,9096
29,135,9104
29,136,9123
29,137,9170
29,138,9190
29,139,9247
29,140,9277
29,141,9322
29,142,9370
29,143,9378
29,144,9447
29,145,9531
29,146,9578
29,147,9594
29,148,9794
29,149,9831
29,150,9900
29,151,9959
29,152,9979
29,153,10149
29,154,10233
29,155,10245
29,156,10252
29,157,10259
29,158,10324
29,159,10379
29,160,10454
29,161,10640
29,162,10693
29,163,10749
29,164,10807
29,165,10825
29,166,10881
29,167,10944
29,168,10970
29,169,10994
29,170,11072
29,171,11132
29,172,11240
29,173,11250
29,174,11252
29,175,11283
29,176,11332
29,177,11375
29,178,11469
29,179,11551
29,180,11572
29,181,11662
29,182,11773
29,183,11916
29,184,11976
29,185,12091
29,186,12138
29,187,12215
29,188,12441
29,189,12554
29,190,12679
29,191,12737
29,192,12765
29,193,12824
29,194,12916
29,195,12925
29,196,12996
29,197,13109
29,198,13141
29,199,13153
29,200,13174
29,201,13205
29,202,13220
29,203,13351
29,204,13411
29,205,13416
29,206,13624
29,207,13671
29,208,13677
29,209,13689
29,210,13732
29,211,13819
29,212,14051
29,213,14074
29,214,14126
29,215,14139
29,216,14151
29,217,14168
29,218,14187
29,219,14209
29,220,14230
29,221,14284
29,222,14302
29,223,14347
29,224,14382
29,225,14463
29,226,14549
29,227,14570
29,228,14577
29,229,14694
29,230,14700
29,231,14711
29,232,14722
29,233,14725
29,234,14792
29,235,14804
29,236,14852
29,237,14873
29,238,14908
29,239,14982
29,240,15073
29,241,15150
29,242,15253
29,243,15266
29,244,15390
29,245,15407
29,246,15427
29,247,15468
29,248,15475
29,249,15533
29,250,15607
29,251,15811
29,252,15916
29,253,15931
29,254,15999
29,255,16002
29,256,16091
29,257,16106
29,258,16138
29,259,16190
29,260,16299
29,261,16388
29,262,16476
29,263,16491
29,264,16518
29,265,16561
29,266,16562
29,267,16582
29,268,16712
29,269,16714
29,270,16805
29,271,16841
29,272,16871
29,273,16888
29,274,17079
29,275,17081
29,276,17158
29,277,17339
29,278,17363
29,279,17468
29,280,17519
29,281,17552
29,282,17686
29,283,17799
29,284,17816
29,285,17906
29,286,17915
29,287,17993
29,288,17994
29,289,18079
29,290,18298
29,291,18321
29,292,18390
29,293,18449
29,294,18585
29,295,18605
29,296,18636
29,297,18639
29,298,18791
29,299,18818
29,300,18941
29,301,19046
29,302,19063
29,303,19070
29,304,19082
29,305,19135
29,306,19185
29,307,19189
29,308,19205
29,309,19235
29,310,19367
29,311,19451
29,312,19469
29,313,19527
29,314,19533
29,315,19572
29,316,19608
29,317,19734
29,318,19741
29,319,19795
29,320,19849
29,321,19913
29,322,19946
29,323,19970
29,324,19976
29,325,19986
29,326,20092
29,327,20187
29,328,20196
29,329,20233
29,330,20246
29,331,20277
29,332,20313
29,333,20413
29,334,20507
29,335,20605
29,336,20628
29,337,20763
29,338,20825
29,339,20868
29,340,20927
29,341,20935
29,342,20988
29,343,21012
29,344,21078
29,345,21096
29,346,21106
29,347,21359
29,348,21393
29,349,21422
29,350,21567
29,351,21641
29,352,21727
29,353,21756
29,354,21790
29,355,21807
29,356,21918
29,357,21934
29,358,22022
29,359,22043
29,360,22084
29,361,22177
29,362,22178
29,363,22198
29,364,22244
29,365,22259
29,366,22311
29,367,22370
29,368,22396
29,369,22623
29,370,22626
29,371,22662
29,372,22710
29,373,22760
29,374,22782
29,375,22828
29,376,22875
29,377,22879
29,378,22966
29,379,23014
29,380,23173
29,381,23209
29,382,23313
29,383,23434
29,384,23469
29,385,23488
29,386,23568
29,387,23708
29,388,23748
29,389,23780
29,390,23906
29,391,23910
29,392,23915
29,393,24066
29,394,24093
29,395,24223
29,396,24234
29,397,24251
29,398,24323
29,399,24337
29,400,24482
29,401,24483
29,402,24563
29,403,24666
29,404,24701
29,405,24802
29,406,24848
29,407,24991
29,408,25109
29,409,25336
29,410,25370
29,411,25404
29,412,25432
29,413,25560
29,414,25584
29,415,25616
29,416,25667
29,417,25709
29,418,25733
29,419,25742
29,420,25820
29,421,25821
29,422,25934
29,423,26198
29,424,26239
29,425,26240
29,426,26330
29,427,26471
29,428,26514
29,429,26554
29,430,26674
29,431,26762
29,432,26773
29,433,26883
29,434,26893
29,435,27026
29,436,27071
29,437,27083
29,438,27171
29,439,27185
29,440,27300
29,441,27318
29,442,27320
29,443,27329
29,444,27386
29,445,27458
29,446,27472
29,447,27574
29,448,27611
29,449,27615
29,450,27630
29,451,27711
29,452,27752
29,453,27786
29,454,27808
29,455,27927
29,456,28007
29,457,28035
29,458,28114
29,459,28125
29,460,28204
29,461,28232
29,462,28236
29,463,28445
29,464,28455
29,465,28835
29,466,28837
29,467,28891
29,468,28963
29,469,28966
29,470,29057
29,471,29084
29,472,29148
29,473,29159
29,474,29357
29,475,29399
29,476,29505
29,477,29531
29,478,29533
29,479,29558
29,480,29845
29,481,29870
29,482,29883
29,483,29905
29,484,29938
29,485,30009
29,486,30097
29,487,30164
29,488,30270
29,489,30310
29,490,30343
29,491,30375
29,492,30432
29,493,30434
29,494,30449
29,495,30466
29,496,30525
29,497,30540
29,498,30572
29,499,30787
29,500,30788
29,501,30798
29,502,30887
29,503,30998
29,504,31031
29,505,31059
29,506,31253
29,507,31346
29,508,31354
29,509,31457
29,510,31491
29,511,31584
29,512,31626
29,513,31687
29,514,31811
29,515,31912
29,516,32316
29,517,32570
29,518,32605
29,519,32666
29,520,32699
29,521,32766
29,522,32784
29,523,32821
29,524,32887
29,525,32903
29,526,33115
29,527,33155
29,528,33161
29,529,33209
29,530,33335
29,531,33391
29,532,33424
29,533,33428
29,534,33494
29,535,33509
29,536,33531
29,537,33561
29,538,33578
29,539,33579
29,540,33651
29,541,33835
29,542,33856
29,543,33890
29,544,34192
29,545,34252
29,546,34295
29,547,34465
29,548,34510
29,549,34581
29,550,34585
29,551,34681
29,552,34699
29,553,34723
29,554,34743
29,555,34780
29,556,34783
29,557,34818
29,558,34904
29,559,35056
29,560,35078
29,561,35333
29,562,35378
29,563,35630
29,564,35635
29,565,35638
29,566,35725
29,567,35781
29,568,35816
29,569,35855
29,570,35888
29,571,36042
29,572,36063
29,573,36110
29,574,36278
29,575,36324
29,576,36348
29,577,36371
29,578,36477
29,579,36482
29,580,36518
29,581,36528
29,582,36544
29,583,36566
29,584,36604
29,585,36606
29,586,36610
29,587,36614
29,588,36630
29,589,36647
29,590,36718
29,591,36779
29,592,36876
29,593,36882
29,594,36890
29,595,36990
29,596,37087
29,597,37090
29,598,37126
29,599,37132
29,600,37165
29,601,37396
29,602,37578
29,603,37588
29,604,37684
29,605,37691
29,606,37787
29,607,37802
29,608,37825
29,609,37863
29,610,38114
29,611,38264
29,612,38391
29,613,38411
29,614,38479
29,615,38499
29,616,38550
29,617,38626
29,618,38787
29,619,38888
29,620,38931
29,621,38933
29,622,39167
29,623,39234
29,624,39238
29,625,39263
29,626,39305
29,627,39416
29,628,39598
29,629,39628
29,630,39640
29,631,39749
29,632,39764
29,633,39785
29,634,39841
29,635,39844
29,636,39950
29,637,39999
29,638,40009
29,639,40013
29,640,40044
29,641,40050
29,642,40085
29,643,40173
29,644,40226
29,645,40228
29,646,40267
29,647,40277
29,648,40330
29,649,40419
29,650,40424
29,651,40467
29,652,40506
29,653,40555
29,654,40640
29,655,40748
29,656,40839
29,657,40918
29,658,40937
29,659,41093
29,660,41163
29,661,41188
29,662,41194
29,663,41215
29,664,41224
29,665,41227
29,666,41245
29,667,41460
29,668,41513
29,669,41514
29,670,41526
29,671,41529
29,672,41552
29,673,41634
29,674,41644
29,675,41695
29,676,41728
29,677,41758
29,678,41822
29,679,41828
29,680,41928
29,681,42052
29,682,42150
29,683,42166
29,684,42200
29,685,42287
29,686,42384
29,687,42399
29,688,42461
29,689,42532
29,690,42602
29,691,42625
29,692,42872
29,693,42901
29,694,42934
29,695,42965
29,696,42986
29,697,43048
29,698,43061
29,699,43097
29,700,43100
29,701,43107
29,702,43126
29,703,43173
29,704,43176
29,705,43214
29,706,43456
29,707,43543
29,708,43648
29,709,43657
29,710,43667
29,711,43814
29,712,43961
29,713,44014
29,714,44066
29,715,44173
29,716,44185
29,717,44242
29,718,44314
29,719,44344
29,720,44397
29,721,44607
29,722,44802
29,723,44833
29,724,44908
29,725,45039
29,726,45089
29,727,45092
29,728,45105
29,729,45233
29,730,45236
29,731,45243
29,732,45292
29,733,45323
29,734,45326
29,735,45374
29,736,45375
29,737,45498
29,738,45510
29,739,45601
29,740,45710
29,741,45724
29,742,45855
29,743,45955
29,744,46054
29,745,46118
29,746,46138
29,747,46161
29,748,46186
29,749,46243
29,750,46255
29,751,46283
29,752,46295
29,753,46343
29,754,46431
29,755,46502
29,756,46524
29,757,46574
29,758,46628
29,759,46667
29,760,46700
29,761,46713
29,762,46988
29,763,47128
29,764,47234
29,765,47286
29,766,47449
29,767,47450
29,768,47479
29,769,47571
29,770,47596
29,771,47649
29,772,47674
29,773,47786
29,774,47796
29,775,47862
29,776,47946
29,777,47950
29,778,47965
29,779,48108
29,780,48117
29,781,48188
29,782,48216
29,783,48273
29,784,48277
29,785,48486
29,786,48533
29,787,48859
29,788,48884
29,789,48900
29,790,48957
29,791,48984
29,792,49010
29,793,49049
29,794,49167
29,795,49212
29,796,49308
29,797,49320
29,798,49468
29,799,49490
29,800,49505
29,801,49528
29,802,49536
29,803,49537
29,804,49577
29,805,49582
29,806,49641
29,807,49670
29,808,49783
29,809,49792
29,810,49819
29,811,49876
29,812,49882
29,813,49900
29,814,49998
29,815,50220
29,816,50288
29,817,50551
29,818,50601
29,819,50656
29,820,50742
29,821,50784
29,822,51127
29,823,51234
29,824,51235
29,825,51300
29,826,51346
29,827,51403
29,828,51492
29,829,51511
29,830,51537
29,831,51540
29,832,51553
29,833,51568
29,834,51658
29,835,51902
29,836,51997
29,837,52039
29,838,52162
29,839,52418
29,840,52460
29,841,52698
29,842,52746
29,843,52811
29,844,52936
29,845,52947
29,846,52957
29,847,53034
29,848,53072
29,849,53179
29,850,53243
29,851,53265
29,852,53281
29,853,53332
29,854,53397
29,855,53494
29,856,53685
29,857,53812
29,858,53821
29,859,53835
29,860,54038
29,861,54067
29,862,54120
29,863,54147
29,864,54176
29,865,54292
29,866,54432
29,867,54490
29,868,54511
29,869,54605
29,870,54654
29,871,54726
29,872,54743
29,873,54781
29,874,54899
29,875,54930
29,876,54941
29,877,55046
29,878,55069
29,879,55124
29,880,55199
29,881,55351
29,882,55400
29,883,55520
29,884,55547
29,885,55598
29,886,55640
29,887,55704
29,888,55720
29,889,55731
29,890,55734
29,891,55809
29,892,55947
29,893,55974
29,894,56053
29,895,56104
29,896,56268
29,897,56287
29,898,56372
29,899,56422
29,900,56496
29,901,56497
29,902,56516
29,903,56555
29,904,56760
29,905,56836
29,906,56841
29,907,56886
29,908,56950
29,909,57026
29,910,57118
29,911,57179
29,912,57183
29,913,57250
29,914,57285
29,915,57314
29,916,57401
29,917,57445
29,918,57472
29,919,57539
29,920,57554
29,921,57654
29,922,57777
29,923,57807
29,924,57834
29,925,57914
29,926,57932
29,927,58020
29,928,58068
29,929,58095
29,930,58160
29,931,58210
29,932,58246
29,933,58298
29,934,58336
29,935,58499
29,936,58592
29,937,58698
29,938,58857
29,939,58955
29,940,58975
29,941,58999
29,942,59045
29,943,59050
29,944,59054
29,945,59090
29,946,59163
29,947,59200
29,948,59511
29,949,59693
29,950,59833
29,951,59869
29,952,60145
29,953,60165
29,954,60271
29,955,60315
29,956,60319
29,957,60399
29,958,60482
29,959,60512
29,960,60559
29,961,60568
29,962,60643
29,963,60718
29,964,60796
29,965,60848
29,966,60929
29,967,61011
29,968,61139
29,969,61176
29,970,61220
29,971,61229
29,972,61496
29,973,61555
29,974,61673
29,975,61677
29,976,61831
29,977,62052
29,978,62341
29,979,62407
29,980,62419
29,981,62482
29,982,62517
29,983,62551
29,984,62575
29,985,62646
29,986,63083
29,987,63233
29,988,63276
29,989,63331
29,990,63335
29,991,63415
29,992,63571
29,993,63572
29,994,63607
29,995,63626
29,996,63655
29,997,63704
29,998,63756
29,999,63798
29,1000,63844
29,1001,63936
29,1002,63947
29,1003,64099
29,1004,64122
29,1005,64260
29,1006,64285
29,1007,64358
29,1008,64404
29,1009,64793
29,1010,64896
29,1011,64903
29,1012,64906
29,1013,65089
29,1014,65107
29,1015,65136
29,1016,65200
29,1017,65216
29,1018,65227
29,1019,65269
29,1020,65423
29,1021,65454
29,1022,65467
29,1023,65498
