trial,index,start_state
0,0,84
0,1,122
0,2,152
0,3,181
0,4,325
0,5,389
0,6,423
0,7,433
0,8,502
0,9,543
0,10,579
0,11,591
0,12,641
0,13,654
0,14,671
0,15,689
0,16,770
0,17,787
0,18,838
0,19,943
0,20,1095
0,21,1201
0,22,1238
0,23,1245
0,24,1272
0,25,1309
0,26,1380
0,27,1407
0,28,1454
0,29,1473
0,30,1566
0,31,1759
0,32,1766
0,33,1886
0,34,2129
0,35,2221
0,36,2306
0,37,2317
0,38,2363
0,39,2395
0,40,2397
0,41,2441
0,42,2462
0,43,2570
0,44,2760
0,45,2847
0,46,2851
0,47,2880
0,48,2898
0,49,2903
0,50,2971
0,51,2984
0,52,2997
0,53,3016
0,54,3095
0,55,3110
0,56,3193
0,57,3329
0,58,3403
0,59,3427
0,60,3501
0,61,3509
0,62,3559
0,63,3615
0,64,3659
0,65,3665
0,66,4011
0,67,4081
0,68,4139
0,69,4159
0,70,4175
0,71,4234
0,72,4334
0,73,4398
0,74,4428
0,75,4471
0,76,4547
0,77,4605
0,78,4667
0,79,4921
0,80,5006
0,81,5037
0,82,5046
0,83,5078
0,84,5115
0,85,5221
0,86,5283
0,87,5292
0,88,5339
0,89,5432
0,90,5438
0,91,5496
0,92,5525
0,93,5582
0,94,5596
0,95,5610
0,96,5774
0,97,5812
0,98,5977
0,99,6062
0,100,6094
0,101,6110
0,102,6137
0,103,6139
0,104,6261
0,105,6352
0,106,6372
0,107,6430
0,108,6543
0,109,6593
0,110,6641
0,111,6666
0,112,6818
0,113,6843
0,114,6900
0,115,7017
0,116,7083
0,117,7188
0,118,7249
0,119,7259
0,120,7267
0,121,7302
0,122,7375
0,123,7602
0,124,7622
0,125,7665
0,126,7688
0,127,7691
0,128,7707
0,129,7801
0,130,7847
0,131,7863
0,132,7875
0,133,8005
0,134,8034
0,135,8130
0,136,8171
0,137,8193
0,138,8213
0,139,8220
0,140,8242
0,141,8543
0,142,8616
0,143,8629
0,144,8667
0,145,8685
0,146,8918
0,147,8966
0,148,9235
0,149,9368
0,150,9380
0,151,9517
0,152,9576
0,153,9701
0,154,9779
0,155,9800
0,156,9863
0,157,9878
0,158,9927
0,159,9999
0,160,10099
0,161,10189
0,162,10402
0,163,10450
0,164,10464
0,165,10481
0,166,10545
0,167,10587
0,168,10694
0,169,10718
0,170,10737
0,171,10766
0,172,10844
0,173,10972
0,174,11025
0,175,11222
0,176,11276
0,177,11293
0,178,11304
0,179,11315
0,180,11387
0,181,11437
0,182,11445
0,183,11584
0,184,11646
0,185,11709
0,186,11725
0,187,11756
0,188,12020
0,189,12029
0,190,12031
0,191,12051
0,192,12070
0,193,12145
0,194,12179
0,195,12247
0,196,12326
0,197,12493
0,198,12642
0,199,12671
0,200,12722
0,201,12725
0,202,12735
0,203,12853
0,204,12961
0,205,13017
0,206,13056
0,207,13145
0,208,13230
0,209,13253
0,210,13257
0,211,13258
0,212,13300
0,213,13352
0,214,13375
0,215,13522
0,216,13549
0,217,13591
0,218,13651
0,219,13818
0,220,13829
0,221,13918
0,222,13937
0,223,14051
0,224,14053
0,225,14154
0,226,14213
0,227,14293
0,228,14328
0,229,14354
0,230,14439
0,231,14519
0,232,14527
0,233,14607
0,234,14759
0,235,14765
0,236,14774
0,237,14802
0,238,14811
0,239,14870
0,240,14889
0,241,14917
0,242,14989
0,243,15112
0,244,15202
0,245,15381
0,246,15393
0,247,15405
0,248,15465
0,249,15499
0,250,15549
0,251,15603
0,252,15673
0,253,15686
0,254,15884
0,255,15950
0,256,15960
0,257,15970
0,258,15987
0,259,16047
0,260,16088
0,261,16133
0,262,16140
0,263,16142
0,264,16212
0,265,16254
0,266,16293
0,267,16326
0,268,16334
0,269,16351
0,270,16364
0,271,16395
0,272,16430
0,273,16525
0,274,16617
0,275,16618
0,276,16640
0,277,16668
0,278,16686
0,279,16719
0,280,16777
0,281,16790
0,282,16810
0,283,16848
0,284,16886
0,285,16898
0,286,16982
0,287,17073
0,288,17125
0,289,17148
0,290,17158
0,291,17408
0,292,17639
0,293,17740
0,294,17801
0,295,17855
0,296,17870
0,297,17966
0,298,17983
0,299,18083
0,300,18111
0,301,18144
0,302,18158
0,303,18231
0,304,18291
0,305,18339
0,306,18415
0,307,18450
0,308,18649
0,309,18704
0,310,18728
0,311,18775
0,312,18889
0,313,18898
0,314,18922
0,315,19026
0,316,19107
0,317,19193
0,318,19283
0,319,19400
0,320,19581
0,321,19592
0,322,19695
0,323,19766
0,324,19817
0,325,19824
0,326,20130
0,327,20141
0,328,20161
0,329,20202
0,330,20225
0,331,20252
0,332,20320
0,333,20412
0,334,20472
0,335,20701
0,336,20835
0,337,20863
0,338,20887
0,339,20936
0,340,21067
0,341,21224
0,342,21346
0,343,21375
0,344,21429
0,345,21510
0,346,21571
0,347,21853
0,348,21871
0,349,21882
0,350,22002
0,351,22067
0,352,22103
0,353,22120
0,354,22315
0,355,22324
0,356,22358
0,357,22364
0,358,22412
0,359,22512
0,360,22541
0,361,22674
0,362,22827
0,363,22862
0,364,22910
0,365,22962
0,366,23055
0,367,23126
0,368,23188
0,369,23246
0,370,23259
0,371,23342
0,372,23388
0,373,23408
0,374,23546
0,375,23591
0,376,23611
0,377,23624
0,378,23679
0,379,23709
0,380,23818
0,381,23917
0,382,24026
0,383,24061
0,384,24118
0,385,24124
0,386,24173
0,387,24187
0,388,24227
0,389,24258
0,390,24322
0,391,24354
0,392,24504
0,393,24514
0,394,24532
0,395,24579
0,396,24613
0,397,24619
0,398,24665
0,399,24667
0,400,24691
0,401,24745
0,402,24777
0,403,24804
0,404,24875
0,405,24960
0,406,25049
0,407,25304
0,408,25325
0,409,25421
0,410,25431
0,411,25522
0,412,25596
0,413,25626
0,414,25643
0,415,25718
0,416,25741
0,417,25743
0,418,25918
0,419,25930
0,420,26115
0,421,26157
0,422,26214
0,423,26295
0,424,26431
0,425,26553
0,426,26575
0,427,26581
0,428,26705
0,429,26769
0,430,26825
0,431,26843
0,432,26879
0,433,26985
0,434,27004
0,435,27124
0,436,27184
0,437,27252
0,438,27277
0,439,27310
0,440,27548
0,441,27681
0,442,27692
0,443,27925
0,444,27958
0,445,28242
0,446,28327
0,447,28531
0,448,28611
0,449,28935
0,450,28940
0,451,28941
0,452,28942
0,453,29022
0,454,29191
0,455,29274
0,456,29355
0,457,29372
0,458,29479
0,459,29543
0,460,29597
0,461,29620
0,462,29780
0,463,29814
0,464,29917
0,465,29969
0,466,29999
0,467,30032
0,468,30079
0,469,30217
0,470,30228
0,471,30230
0,472,30272
0,473,30373
0,474,30467
0,475,30508
0,476,30722
0,477,30803
0,478,30818
0,479,30823
0,480,30843
0,481,30888
0,482,30889
0,483,30892
0,484,30971
0,485,31035
0,486,31113
0,487,31178
0,488,31229
0,489,31245
0,490,31291
0,491,31397
0,492,31494
0,493,31584
0,494,31662
0,495,31676
0,496,31731
0,497,31815
0,498,31893
0,499,32003
0,500,32026
0,501,32056
0,502,32252
0,503,32309
0,504,32322
0,505,32489
0,506,32520
0,507,32572
0,508,32604
0,509,32653
0,510,32683
0,511,32701
0,512,32795
0,513,33014
0,514,33139
0,515,33142
0,516,33196
0,517,33337
0,518,33393
0,519,33443
0,520,33511
0,521,33541
0,522,33568
0,523,33569
0,524,33614
0,525,33665
0,526,33668
0,527,33709
0,528,33725
0,529,33765
0,530,33808
0,531,33877
0,532,33934
0,533,33935
0,534,34180
0,535,34220
0,536,34221
0,537,34342
0,538,34506
0,539,34555
0,540,34665
0,541,34699
0,542,34761
0,543,34774
0,544,34778
0,545,34804
0,546,34907
0,547,34927
0,548,35068
0,549,35343
0,550,35402
0,551,35426
0,552,35468
0,553,35494
0,554,35517
0,555,35595
0,556,35884
0,557,35893
0,558,35895
0,559,35913
0,560,35921
0,561,35947
0,562,35957
0,563,35958
0,564,36034
0,565,36044
0,566,36092
0,567,36280
0,568,36321
0,569,36459
0,570,36687
0,571,36688
0,572,36913
0,573,36959
0,574,36979
0,575,36992
0,576,37112
0,577,37116
0,578,37266
0,579,37273
0,580,37304
0,581,37324
0,582,37353
0,583,37402
0,584,37467
0,585,37503
0,586,37580
0,587,37641
0,588,37648
0,589,37803
0,590,37817
0,591,37930
0,592,38042
0,593,38136
0,594,38185
0,595,38191
0,596,38291
0,597,38516
0,598,38595
0,599,38615
0,600,38718
0,601,38947
0,602,38969
0,603,38980
0,604,39009
0,605,39052
0,606,39142
0,607,39214
0,608,39230
0,609,39258
0,610,39471
0,611,39484
0,612,39501
0,613,39521
0,614,39541
0,615,39571
0,616,39625
0,617,39680
0,618,39701
0,619,39777
0,620,39784
0,621,39821
0,622,39839
0,623,39981
0,624,40057
0,625,40102
0,626,40143
0,627,40477
0,628,40520
0,629,40611
0,630,40613
0,631,40637
0,632,40672
0,633,40678
0,634,40945
0,635,41030
0,636,41072
0,637,41237
0,638,41306
0,639,41353
0,640,41651
0,641,41785
0,642,41996
0,643,41999
0,644,42019
0,645,42047
0,646,42079
0,647,42107
0,648,42197
0,649,42247
0,650,42255
0,651,42270
0,652,42309
0,653,42355
0,654,42358
0,655,42454
0,656,42510
0,657,42668
0,658,42718
0,659,42742
0,660,42858
0,661,42946
0,662,43101
0,663,43119
0,664,43142
0,665,43228
0,666,43387
0,667,43435
0,668,43505
0,669,43566
0,670,43729
0,671,43754
0,672,43756
0,673,43794
0,674,43826
0,675,43878
0,676,43908
0,677,43921
0,678,43956
0,679,44098
0,680,44124
0,681,44258
0,682,44312
0,683,44423
0,684,44462
0,685,44549
0,686,44682
0,687,44735
0,688,44792
0,689,44795
0,690,44858
0,691,44913
0,692,45048
0,693,45081
0,694,45090
0,695,45149
0,696,45356
0,697,45384
0,698,45407
0,699,45409
0,700,45471
0,701,45480
0,702,45583
0,703,45629
0,704,45662
0,705,45776
0,706,45797
0,707,45814
0,708,45835
0,709,46033
0,710,46040
0,711,46067
0,712,46155
0,713,46162
0,714,46224
0,715,46252
0,716,46329
0,717,46358
0,718,46376
0,719,46531
0,720,46597
0,721,46611
0,722,46618
0,723,46679
0,724,46721
0,725,46764
0,726,46767
0,727,46770
0,728,47081
0,729,47313
0,730,47320
0,731,47426
0,732,47472
0,733,47485
0,734,47504
0,735,47544
0,736,47582
0,737,47655
0,738,47719
0,739,47730
0,740,47743
0,741,47883
0,742,48078
0,743,48172
0,744,48229
0,745,48246
0,746,48296
0,747,48305
0,748,48313
0,749,48330
0,750,48372
0,751,48439
0,752,48449
0,753,48556
0,754,48627
0,755,48683
0,756,48779
0,757,48901
0,758,49045
0,759,49127
0,760,49133
0,761,49201
0,762,49207
0,763,49241
0,764,49290
0,765,49309
0,766,49425
0,767,49529
0,768,49537
0,769,49564
0,770,49867
0,771,49986
0,772,50052
0,773,50120
0,774,50161
0,775,50203
0,776,50239
0,777,50314
0,778,50350
0,779,50474
0,780,50690
0,781,50816
0,782,50868
0,783,50914
0,784,50929
0,785,50956
0,786,51111
0,787,51178
0,788,51239
0,789,51297
0,790,51369
0,791,51477
0,792,51482
0,793,51511
0,794,51591
0,795,51653
0,796,51685
0,797,51729
0,798,51911
0,799,52016
0,800,52147
0,801,52175
0,802,52176
0,803,52182
0,804,52257
0,805,52372
0,806,52413
0,807,52451
0,808,52734
0,809,52769
0,810,52780
0,811,52808
0,812,52863
0,813,52871
0,814,52936
0,815,53039
0,816,53054
0,817,53105
0,818,53288
0,819,53293
0,820,53314
0,821,53368
0,822,53429
0,823,53518
0,824,53711
0,825,53867
0,826,53939
0,827,54138
0,828,54175
0,829,54196
0,830,54228
0,831,54232
0,832,54244
0,833,54275
0,834,54407
0,835,54415
0,836,54432
0,837,54469
0,838,54486
0,839,54490
0,840,54545
0,841,54752
0,842,54810
0,843,54924
0,844,54927
0,845,54940
0,846,54979
0,847,54987
0,848,55088
0,849,55172
0,850,55194
0,851,55208
0,852,55259
0,853,55290
0,854,55345
0,855,55369
0,856,55416
0,857,55440
0,858,55513
0,859,55535
0,860,55672
0,861,55767
0,862,55832
0,863,55845
0,864,55860
0,865,55930
0,866,55962
0,867,56218
0,868,56234
0,869,56242
0,870,56606
0,871,56819
0,872,56821
0,873,56882
0,874,57012
0,875,57279
0,876,57315
0,877,57318
0,878,57356
0,879,57460
0,880,57652
0,881,57664
0,882,57722
0,883,57765
0,884,57843
0,885,58072
0,886,58081
0,887,58098
0,888,58105
0,889,58107
0,890,58111
0,891,58257
0,892,58293
0,893,58353
0,894,58483
0,895,58515
0,896,58541
0,897,58561
0,898,58746
0,899,58828
0,900,58965
0,901,58976
0,902,59000
0,903,59044
0,904,59106
0,905,59135
0,906,59192
0,907,59236
0,908,59237
0,909,59308
0,910,59386
0,911,59509
0,912,59516
0,913,59547
0,914,59618
0,915,59690
0,916,59780
0,917,59930
0,918,60081
0,919,60097
0,920,60124
0,921,60153
0,922,60157
0,923,60210
0,924,60440
0,925,60515
0,926,60526
0,927,60541
0,928,60566
0,929,60588
0,930,60633
0,931,60649
0,932,60650
0,933,60656
0,934,60712
0,935,60754
0,936,60816
0,937,60818
0,938,60899
0,939,60968
0,940,61045
0,941,61056
0,942,61094
0,943,61130
0,944,61174
0,945,61188
0,946,61196
0,947,61300
0,948,61385
0,949,61391
0,950,61436
0,951,61528
0,952,61556
0,953,61565
0,954,61614
0,955,61617
0,956,61665
0,957,61711
0,958,61759
0,959,61808
0,960,61950
0,961,62027
0,962,62040
0,963,62113
0,964,62243
0,965,62255
0,966,62269
0,967,62394
0,968,62519
0,969,62520
0,970,62592
0,971,62610
0,972,62615
0,973,62650
0,974,62651
0,975,62687
0,976,62757
0,977,62784
0,978,62818
0,979,62852
0,980,62884
0,981,62998
0,982,63049
0,983,63181
0,984,63237
0,985,63341
0,986,63527
0,987,63546
0,988,63618
0,989,63722
0,990,63746
0,991,63832
0,992,63835
0,993,63856
0,994,63890
0,995,63903
0,996,63966
0,997,64034
0,998,64065
0,999,64152
0,1000,64202
0,1001,64213
0,1002,64222
0,1003,64326
0,1004,64382
0,1005,64419
0,1006,64458
0,1007,64523
0,1008,64564
0,1009,64584
0,1010,64695
0,1011,64878
0,1012,64892
0,1013,64946
0,1014,65002
0,1015,65003
0,1016,65024
0,1017,65121
0,1018,65245
0,1019,65278
0,1020,65421
0,1021,65457
0,1022,65499
0,1023,65532
1,0,236
1,1,339
1,2,344
1,3,534
1,4,604
1,5,617
1,6,654
1,7,823
1,8,853
1,9,921
1,10,1045
1,11,1050
1,12,1067
1,13,1196
1,14,1219
1,15,1266
1,16,1286
1,17,1289
1,18,1309
1,19,1443
1,20,1464
1,21,1555
1,22,1580
1,23,1625
1,24,1653
1,25,1666
1,26,1684
1,27,1711
1,28,1813
1,29,1825
1,30,1852
1,31,1862
1,32,2032
1,33,2033
1,34,2102
1,35,2269
1,36,2480
1,37,2494
1,38,2509
1,39,2533
1,40,2599
1,41,2694
1,42,2719
1,43,2810
1,44,2811
1,45,2812
1,46,2834
1,47,2908
1,48,2938
1,49,2986
1,50,3017
1,51,3067
1,52,3222
1,53,3280
1,54,3346
1,55,3409
1,56,3465
1,57,3632
1,58,3648
1,59,3725
1,60,3925
1,61,3935
1,62,4030
1,63,4033
1,64,4140
1,65,4184
1,66,4258
1,67,4293
1,68,4406
1,69,4543
1,70,4660
1,71,4683
1,72,4707
1,73,4801
1,74,4816
1,75,4827
1,76,4828
1,77,4852
1,78,4881
1,79,4948
1,80,5149
1,81,5183
1,82,5367
1,83,5416
1,84,5544
1,85,5556
1,86,5682
1,87,5713
1,88,5772
1,89,5774
1,90,5937
1,91,6034
1,92,6093
1,93,6121
1,94,6151
1,95,6188
1,96,6212
1,97,6265
1,98,6280
1,99,6335
1,100,6418
1,101,6445
1,102,6682
1,103,6811
1,104,6936
1,105,7151
1,106,7167
1,107,7307
1,108,7335
1,109,7345
1,110,7350
1,111,7352
1,112,7362
1,113,7396
1,114,7605
1,115,7644
1,116,7651
1,117,7664
1,118,7686
1,119,7806
1,120,7853
1,121,7875
1,122,7917
1,123,7939
1,124,8046
1,125,8207
1,126,8295
1,127,8405
1,128,8483
1,129,8556
1,130,8748
1,131,8887
1,132,8904
1,133,8932
1,134,8983
1,135,9097
1,136,9111
1,137,9202
1,138,9273
1,139,9334
1,140,9499
1,141,9543
1,142,9577
1,143,9876
1,144,9880
1,145,9912
1,146,10042
1,147,10106
1,148,10131
1,149,10169
1,150,10180
1,151,10228
1,152,10311
1,153,10331
1,154,10469
1,155,10474
1,156,10476
1,157,10483
1,158,10557
1,159,10565
1,160,10646
1,161,10758
1,162,10760
1,163,10788
1,164,10928
1,165,10960
1,166,10979
1,167,11158
1,168,11330
1,169,11338
1,170,11431
1,171,11537
1,172,11695
1,173,11733
1,174,11741
1,175,11885
1,176,12055
1,177,12273
1,178,12306
1,179,12454
1,180,12591
1,181,12795
1,182,12854
1,183,12856
1,184,12895
1,185,12972
1,186,12985
1,187,13003
1,188,13033
1,189,13122
1,190,13203
1,191,13208
1,192,13224
1,193,13266
1,194,13332
1,195,13359
1,196,13471
1,197,13480
1,198,13518
1,199,13579
1,200,13667
1,201,13688
1,202,13714
1,203,13773
1,204,14080
1,205,14163
1,206,14182
1,207,14215
1,208,14306
1,209,14393
1,210,14458
1,211,14484
1,212,14493
1,213,14584
1,214,14615
1,215,14650
1,216,14679
1,217,14729
1,218,14824
1,219,14882
1,220,14905
1,221,15028
1,222,15029
1,223,15159
1,224,15349
1,225,15504
1,226,15592
1,227,15652
1,228,15671
1,229,15702
1,230,15719
1,231,15726
1,232,15798
1,233,15948
1,234,16010
1,235,16071
1,236,16079
1,237,16105
1,238,16206
1,239,16304
1,240,16364
1,241,16410
1,242,16423
1,243,16460
1,244,16461
1,245,16465
1,246,16482
1,247,16545
1,248,16662
1,249,16706
1,250,16931
1,251,17069
1,252,17133
1,253,17265
1,254,17421
1,255,17458
1,256,17516
1,257,17531
1,258,17592
1,259,17674
1,260,17684
1,261,17693
1,262,17721
1,263,17735
1,264,17895
1,265,17928
1,266,17943
1,267,17972
1,268,18006
1,269,18010
1,270,18013
1,271,18041
1,272,18050
1,273,18070
1,274,18204
1,275,18214
1,276,18408
1,277,18439
1,278,18501
1,279,18522
1,280,18526
1,281,18610
1,282,18612
1,283,18705
1,284,18761
1,285,18823
1,286,18883
1,287,18904
1,288,18918
1,289,18963
1,290,18978
1,291,19098
1,292,19106
1,293,19260
1,294,19299
1,295,19332
1,296,19578
1,297,19678
1,298,19725
1,299,19745
1,300,19759
1,301,19852
1,302,19866
1,303,19899
1,304,20048
1,305,20113
1,306,20246
1,307,20251
1,308,20367
1,309,20429
1,310,20466
1,311,20482
1,312,20503
1,313,20680
1,314,20688
1,315,20772
1,316,20829
1,317,20897
1,318,21170
1,319,21392
1,320,21420
1,321,21607
1,322,21671
1,323,21728
1,324,21802
1,325,21985
1,326,22006
1,327,22094
1,328,22098
1,329,22200
1,330,22265
1,331,22317
1,332,22332
1,333,22341
1,334,22401
1,335,22425
1,336,22497
1,337,22503
1,338,22731
1,339,22772
1,340,22783
1,341,22822
1,342,22964
1,343,22966
1,344,22979
1,345,22994
1,346,23125
1,347,23162
1,348,23196
1,349,23250
1,350,23281
1,351,23290
1,352,23469
1,353,23617
1,354,23636
1,355,23780
1,356,24038
1,357,24110
1,358,24117
1,359,24152
1,360,24197
1,361,24219
1,362,24238
1,363,24289
1,364,24359
1,365,24495
1,366,24675
1,367,24758
1,368,24777
1,369,24784
1,370,24800
1,371,24866
1,372,24903
1,373,24948
1,374,24981
1,375,25013
1,376,25029
1,377,25063
1,378,25099
1,379,25120
1,380,25142
1,381,25143
1,382,25163
1,383,25176
1,384,25203
1,385,25248
1,386,25272
1,387,25350
1,388,25437
1,389,25557
1,390,25574
1,391,25621
1,392,25673
1,393,25695
1,394,25746
1,395,25818
1,396,25863
1,397,26006
1,398,26040
1,399,26073
1,400,26095
1,401,26204
1,402,26273
1,403,26376
1,404,26392
1,405,26544
1,406,26633
1,407,26653
1,408,26676
1,409,26726
1,410,26746
1,411,26752
1,412,26782
1,413,26879
1,414,26927
1,415,26967
1,416,27029
1,417,27083
1,418,27092
1,419,27166
1,420,27170
1,421,27204
1,422,27305
1,423,27373
1,424,27385
1,425,27456
1,426,27461
1,427,27508
1,428,27543
1,429,27772
1,430,27785
1,431,27994
1,432,28018
1,433,28043
1,434,28069
1,435,28085
1,436,28132
1,437,28177
1,438,28232
1,439,28363
1,440,28470
1,441,28480
1,442,28601
1,443,28642
1,444,28661
1,445,28667
1,446,28710
1,447,28777
1,448,28781
1,449,28874
1,450,28886
1,451,29046
1,452,29091
1,453,29104
1,454,29122
1,455,29264
1,456,29322
1,457,29375
1,458,29405
1,459,29474
1,460,29755
1,461,29990
1,462,30049
1,463,30074
1,464,30099
1,465,30178
1,466,30201
1,467,30212
1,468,30243
1,469,30367
1,470,30387
1,471,30462
1,472,30495
1,473,30943
1,474,30974
1,475,31086
1,476,31372
1,477,31382
1,478,31389
1,479,31395
1,480,31466
1,481,31588
1,482,31701
1,483,31770
1,484,31854
1,485,32009
1,486,32020
1,487,32050
1,488,32071
1,489,32079
1,490,32161
1,491,32167
1,492,32267
1,493,32277
1,494,32367
1,495,32608
1,496,32631
1,497,32638
1,498,32647
1,499,32662
1,500,32725
1,501,32781
1,502,32838
1,503,32850
1,504,32852
1,505,32861
1,506,32944
1,507,33050
1,508,33075
1,509,33104
1,510,33151
1,511,33183
1,512,33191
1,513,33203
1,514,33207
1,515,33269
1,516,33420
1,517,33568
1,518,33720
1,519,33734
1,520,33766
1,521,33814
1,522,33902
1,523,33909
1,524,33913
1,525,33983
1,526,34028
1,527,34037
1,528,34098
1,529,34172
1,530,34202
1,531,34316
1,532,34370
1,533,34374
1,534,34500
1,535,34548
1,536,34550
1,537,34564
1,538,34566
1,539,34707
1,540,34714
1,541,34762
1,542,34764
1,543,34777
1,544,34811
1,545,34864
1,546,34868
1,547,34906
1,548,35012
1,549,35146
1,550,35291
1,551,35397
1,552,35481
1,553,35526
1,554,35543
1,555,35582
1,556,35617
1,557,35707
1,558,35708
1,559,35719
1,560,35734
1,561,35849
1,562,35869
1,563,35876
1,564,35897
1,565,35903
1,566,35962
1,567,36026
1,568,36098
1,569,36115
1,570,36476
1,571,36526
1,572,36547
1,573,36604
1,574,36627
1,575,36686
1,576,36714
1,577,36761
1,578,36785
1,579,36904
1,580,36921
1,581,36944
1,582,37026
1,583,37049
1,584,37077
1,585,37083
1,586,37256
1,587,37311
1,588,37413
1,589,37638
1,590,37662
1,591,37716
1,592,37875
1,593,37900
1,594,37978
1,595,37999
1,596,38036
1,597,38198
1,598,38307
1,599,38343
1,600,38371
1,601,38502
1,602,38521
1,603,38562
1,604,38579
1,605,38674
1,606,38723
1,607,38815
1,608,38828
1,609,38906
1,610,39038
1,611,39047
1,612,39057
1,613,39084
1,614,39103
1,615,39121
1,616,39124
1,617,39140
1,618,39446
1,619,39515
1,620,39516
1,621,39680
1,622,39974
1,623,40050
1,624,40162
1,625,40181
1,626,40193
1,627,40279
1,628,40306
1,629,40339
1,630,40349
1,631,40461
1,632,40632
1,633,40683
1,634,41171
1,635,41289
1,636,41295
1,637,41411
1,638,41430
1,639,41502
1,640,41575
1,641,41599
1,642,41605
1,643,41676
1,644,41767
1,645,41769
1,646,41917
1,647,41949
1,648,42011
1,649,42015
1,650,42099
1,651,42222
1,652,42237
1,653,42259
1,654,42274
1,655,42298
1,656,42312
1,657,42343
1,658,42419
1,659,42471
1,660,42559
1,661,42724
1,662,42726
1,663,42837
1,664,42896
1,665,42969
1,666,43241
1,667,43269
1,668,43336
1,669,43503
1,670,43568
1,671,43653
1,672,43742
1,673,43844
1,674,44027
1,675,44144
1,676,44170
1,677,44226
1,678,44254
1,679,44306
1,680,44339
1,681,44374
1,682,44405
1,683,44496
1,684,44596
1,685,44606
1,686,44609
1,687,44742
1,688,44836
1,689,44925
1,690,44984
1,691,45000
1,692,45004
1,693,45007
1,694,45035
1,695,45047
1,696,45068
1,697,45196
1,698,45289
1,699,45306
1,700,45453
1,701,45574
1,702,45652
1,703,45870
1,704,45915
1,705,46014
1,706,46082
1,707,46113
1,708,46127
1,709,46153
1,710,46178
1,711,46204
1,712,46324
1,713,46407
1,714,46422
1,715,46535
1,716,46545
1,717,46566
1,718,46601
1,719,46606
1,720,46710
1,721,46717
1,722,46740
1,723,46821
1,724,46831
1,725,46843
1,726,46866
1,727,46930
1,728,46957
1,729,47001
1,730,47126
1,731,47171
1,732,47234
1,733,47247
1,734,47495
1,735,47498
1,736,47501
1,737,47511
1,738,47549
1,739,47556
1,740,47560
1,741,47607
1,742,47741
1,743,47770
1,744,47810
1,745,47822
1,746,48091
1,747,48175
1,748,48273
1,749,48291
1,750,48484
1,751,48684
1,752,48799
1,753,48875
1,754,48937
1,755,48956
1,756,49002
1,757,49177
1,758,49280
1,759,49317
1,760,49493
1,761,49693
1,762,49728
1,763,49822
1,764,49851
1,765,50055
1,766,50231
1,767,50287
1,768,50447
1,769,50477
1,770,50480
1,771,50584
1,772,50590
1,773,50735
1,774,50768
1,775,50835
1,776,50846
1,777,50859
1,778,50890
1,779,50911
1,780,50956
1,781,51030
1,782,51075
1,783,51163
1,784,51221
1,785,51461
1,786,51508
1,787,51706
1,788,51730
1,789,51734
1,790,51789
1,791,51804
1,792,51822
1,793,51868
1,794,51911
1,795,52026
1,796,52088
1,797,52125
1,798,52243
1,799,52296
1,800,52346
1,801,52379
1,802,52380
1,803,52406
1,804,52461
1,805,52603
1,806,52641
1,807,52722
1,808,52797
1,809,52855
1,810,53055
1,811,53128
1,812,53143
1,813,53153
1,814,53221
1,815,53269
1,816,53273
1,817,53379
1,818,53386
1,819,53425
1,820,53480
1,821,53588
1,822,53599
1,823,53614
1,824,53615
1,825,53694
1,826,53801
1,827,53991
1,828,54063
1,829,54100
1,830,54262
1,831,54268
1,832,54308
1,833,54398
1,834,54440
1,835,54472
1,836,54484
1,837,54533
1,838,54615
1,839,54794
1,840,54821
1,841,54854
1,842,54855
1,843,54862
1,844,54919
1,845,54929
1,846,54972
1,847,55118
1,848,55154
1,849,55206
1,850,55208
1,851,55257
1,852,55271
1,853,55277
1,854,55394
1,855,55399
1,856,55432
1,857,55448
1,858,55465
1,859,55527
1,860,55553
1,861,55582
1,862,55620
1,863,55660
1,864,55665
1,865,55671
1,866,55715
1,867,56137
1,868,56248
1,869,56267
1,870,56491
1,871,56499
1,872,56539
1,873,56563
1,874,57027
1,875,57029
1,876,57030
1,877,57095
1,878,57103
1,879,57126
1,880,57226
1,881,57248
1,882,57249
1,883,57253
1,884,57271
1,885,57294
1,886,57373
1,887,57379
1,888,57415
1,889,57444
1,890,57491
1,891,57516
1,892,57549
1,893,57688
1,894,57787
1,895,57865
1,896,57997
1,897,58015
1,898,58040
1,899,58095
1,900,58123
1,901,58190
1,902,58284
1,903,58305
1,904,58392
1,905,58531
1,906,58544
1,907,58561
1,908,58571
1,909,58604
1,910,58817
1,911,58818
1,912,58862
1,913,58918
1,914,58940
1,915,58972
1,916,59072
1,917,59132
1,918,59275
1,919,59305
1,920,59323
1,921,59446
1,922,59560
1,923,59618
1,924,59763
1,925,59821
1,926,59829
1,927,59836
1,928,59865
1,929,59913
1,930,59925
1,931,59989
1,932,60095
1,933,60150
1,934,60199
1,935,60353
1,936,60372
1,937,60456
1,938,60458
1,939,60468
1,940,60525
1,941,60616
1,942,60688
1,943,60755
1,944,60942
1,945,60946
1,946,60993
1,947,61086
1,948,61090
1,949,61118
1,950,61280
1,951,61387
1,952,61400
1,953,61444
1,954,61451
1,955,61464
1,956,61490
1,957,61507
1,958,61512
1,959,61598
1,960,61606
1,961,61619
1,962,61684
1,963,61772
1,964,61801
1,965,61955
1,966,62066
1,967,62099
1,968,62132
1,969,62245
1,970,62528
1,971,62613
1,972,62681
1,973,62746
1,974,62775
1,975,62786
1,976,62807
1,977,62890
1,978,62929
1,979,63049
1,980,63102
1,981,63144
1,982,63175
1,983,63279
1,984,63290
1,985,63324
1,986,63368
1,987,63523
1,988,63629
1,989,63683
1,990,63686
1,991,63807
1,992,63814
1,993,63847
1,994,63964
1,995,64010
1,996,64183
1,997,64229
1,998,64339
1,999,64364
1,1000,64411
1,1001,64422
1,1002,64441
1,1003,64454
1,1004,64461
1,1005,64463
1,1006,64632
1,1007,64729
1,1008,64752
1,1009,64768
1,1010,64797
1,1011,64803
1,1012,64812
1,1013,64935
1,1014,65068
1,1015,65097
1,1016,65153
1,1017,65167
1,1018,65184
1,1019,65232
1,1020,65267
1,1021,65319
1,1022,65322
1,1023,65435
2,0,12
2,1,60
2,2,79
2,3,157
2,4,192
2,5,194
2,6,252
2,7,340
2,8,458
2,9,519
2,10,600
2,11,735
2,12,769
2,13,923
2,14,955
2,15,1030
2,16,1034
2,17,1090
2,18,1138
2,19,1202
2,20,1259
2,21,1430
2,22,1447
2,23,1504
2,24,1525
2,25,1703
2,26,1745
2,27,1787
2,28,1843
2,29,1844
2,30,1966
2,31,2023
2,32,2128
2,33,2130
2,34,2385
2,35,2442
2,36,2481
2,37,2662
2,38,2670
2,39,2787
2,40,2789
2,41,2960
2,42,3101
2,43,3165
2,44,3186
2,45,3187
2,46,3285
2,47,3312
2,48,3394
2,49,3461
2,50,3591
2,51,3607
2,52,3831
2,53,3889
2,54,3947
2,55,4021
2,56,4054
2,57,4135
2,58,4314
2,59,4381
2,60,4520
2,61,4551
2,62,4572
2,63,4665
2,64,4683
2,65,4735
2,66,4929
2,67,5055
2,68,5079
2,69,5215
2,70,5267
2,71,5321
2,72,5366
2,73,5476
2,74,5556
2,75,5571
2,76,5642
2,77,5708
2,78,5720
2,79,5921
2,80,6094
2,81,6109
2,82,6299
2,83,6345
2,84,6427
2,85,6471
2,86,6541
2,87,6546
2,88,6557
2,89,6565
2,90,6620
2,91,6689
2,92,6749
2,93,6758
2,94,7008
2,95,7031
2,96,7057
2,97,7174
2,98,7220
2,99,7239
2,100,7425
2,101,7463
2,102,7488
2,103,7521
2,104,7678
2,105,7737
2,106,7743
2,107,7760
2,108,7794
2,109,8190
2,110,8586
2,111,8710
2,112,8775
2,113,8781
2,114,8829
2,115,8858
2,116,8859
2,117,8867
2,118,8931
2,119,9041
2,120,9075
2,121,9083
2,122,9099
2,123,9150
2,124,9298
2,125,9412
2,126,9720
2,127,9803
2,128,9916
2,129,10004
2,130,10031
2,131,10057
2,132,10105
2,133,10266
2,134,10355
2,135,10467
2,136,10489
2,137,10525
2,138,10599
2,139,10767
2,140,10792
2,141,10822
2,142,10981
2,143,11039
2,144,11090
2,145,11130
2,146,11279
2,147,11427
2,148,11582
2,149,11653
2,150,11663
2,151,11985
2,152,12048
2,153,12051
2,154,12108
2,155,12113
2,156,12116
2,157,12149
2,158,12180
2,159,12301
2,160,12338
2,161,12397
2,162,12491
2,163,12495
2,164,12517
2,165,12610
2,166,12735
2,167,12745
2,168,12779
2,169,12810
2,170,12833
2,171,12923
2,172,12987
2,173,13176
2,174,13320
2,175,13569
2,176,13577
2,177,13707
2,178,13756
2,179,13759
2,180,13852
2,181,13904
2,182,13909
2,183,13981
2,184,14088
2,185,14097
2,186,14172
2,187,14265
2,188,14339
2,189,14563
2,190,14631
2,191,14684
2,192,14724
2,193,14731
2,194,14763
2,195,14795
2,196,14827
2,197,14881
2,198,14884
2,199,15006
2,200,15328
2,201,15368
2,202,15462
2,203,15476
2,204,15609
2,205,15627
2,206,15630
2,207,15718
2,208,15734
2,209,15839
2,210,15919
2,211,15978
2,212,16180
2,213,16220
2,214,16369
2,215,16701
2,216,16738
2,217,16770
2,218,16862
2,219,16902
2,220,16923
2,221,16970
2,222,17011
2,223,17133
2,224,17246
2,225,17257
2,226,17272
2,227,17321
2,228,17367
2,229,17407
2,230,17478
2,231,17522
2,232,17569
2,233,17576
2,234,17666
2,235,17735
2,236,17935
2,237,17962
2,238,18109
2,239,18149
2,240,18222
2,241,18644
2,242,18690
2,243,18769
2,244,18899
2,245,18906
2,246,19040
2,247,19052
2,248,19073
2,249,19095
2,250,19108
2,251,19109
2,252,19156
2,253,19227
2,254,19237
2,255,19363
2,256,19575
2,257,19589
2,258,19629
2,259,19632
2,260,19722
2,261,19879
2,262,19894
2,263,19897
2,264,19930
2,265,20122
2,266,20142
2,267,20248
2,268,20490
2,269,20569
2,270,20577
2,271,20738
2,272,20816
2,273,20918
2,274,21095
2,275,21220
2,276,21319
2,277,21391
2,278,21415
2,279,21485
2,280,21666
2,281,21706
2,282,21748
2,283,21782
2,284,21793
2,285,21906
2,286,21941
2,287,22073
2,288,22092
2,289,22124
2,290,22352
2,291,22390
2,292,22392
2,293,22454
2,294,22465
2,295,22470
2,296,22478
2,297,22489
2,298,22582
2,299,22664
2,300,22667
2,301,22709
2,302,22741
2,303,22810
2,304,22832
2,305,22876
2,306,22899
2,307,22919
2,308,22984
2,309,23029
2,310,23134
2,311,23177
2,312,23267
2,313,23272
2,314,23299
2,315,23339
2,316,23438
2,317,23553
2,318,23580
2,319,23705
2,320,23772
2,321,23820
2,322,23898
2,323,23899
2,324,23955
2,325,24053
2,326,24172
2,327,24305
2,328,24393
2,329,24450
2,330,24523
2,331,24524
2,332,24559
2,333,24585
2,334,24652
2,335,24687
2,336,24710
2,337,24718
2,338,24799
2,339,24864
2,340,24878
2,341,24899
2,342,24947
2,343,24979
2,344,24991
2,345,25004
2,346,25027
2,347,25054
2,348,25066
2,349,25285
2,350,25476
2,351,25493
2,352,25540
2,353,25578
2,354,25692
2,355,25751
2,356,25774
2,357,25784
2,358,25829
2,359,25834
2,360,25943
2,361,25981
2,362,26000
2,363,26009
2,364,26015
2,365,26038
2,366,26061
2,367,26070
2,368,26182
2,369,26232
2,370,26254
2,371,26312
2,372,26365
2,373,26379
2,374,26408
2,375,26636
2,376,26639
2,377,26717
2,378,26725
2,379,26955
2,380,26989
2,381,27115
2,382,27139
2,383,27150
2,384,27328
2,385,27429
2,386,27451
2,387,27478
2,388,27483
2,389,27509
2,390,27582
2,391,27586
2,392,27682
2,393,27896
2,394,28101
2,395,28146
2,396,28277
2,397,28283
2,398,28369
2,399,28406
2,400,28420
2,401,28538
2,402,28590
2,403,28601
2,404,28730
2,405,28732
2,406,28745
2,407,28784
2,408,28812
2,409,28839
2,410,28995
2,411,29086
2,412,29144
2,413,29152
2,414,29450
2,415,29506
2,416,29720
2,417,29728
2,418,29801
2,419,29972
2,420,29998
2,421,30013
2,422,30092
2,423,30280
2,424,30470
2,425,30502
2,426,30515
2,427,30523
2,428,30595
2,429,30676
2,430,30699
2,431,30769
2,432,30806
2,433,30911
2,434,31114
2,435,31131
2,436,31143
2,437,31153
2,438,31170
2,439,31178
2,440,31270
2,441,31375
2,442,31416
2,443,31476
2,444,31478
2,445,31560
2,446,31645
2,447,31670
2,448,31706
2,449,31756
2,450,31838
2,451,31979
2,452,31996
2,453,31999
2,454,32117
2,455,32234
2,456,32246
2,457,32263
2,458,32626
2,459,32649
2,460,32695
2,461,32733
2,462,32891
2,463,32925
2,464,33142
2,465,33217
2,466,33255
2,467,33427
2,468,33522
2,469,33588
2,470,33651
2,471,33697
2,472,33729
2,473,33760
2,474,33817
2,475,33874
2,476,33945
2,477,33981
2,478,34085
2,479,34106
2,480,34132
2,481,34158
2,482,34161
2,483,34204
2,484,34233
2,485,34253
2,486,34255
2,487,34262
2,488,34491
2,489,34514
2,490,34635
2,491,34676
2,492,34756
2,493,34908
2,494,34986
2,495,34992
2,496,35007
2,497,35248
2,498,35287
2,499,35321
2,500,35343
2,501,35350
2,502,35352
2,503,35390
2,504,35462
2,505,35521
2,506,35544
2,507,35619
2,508,35632
2,509,35712
2,510,35736
2,511,35900
2,512,35936
2,513,36008
2,514,36012
2,515,36073
2,516,36086
2,517,36202
2,518,36255
2,519,36258
2,520,36287
2,521,36356
2,522,36373
2,523,36407
2,524,36413
2,525,36426
2,526,36477
2,527,36590
2,528,36613
2,529,36622
2,530,36657
2,531,36665
2,532,36674
2,533,36675
2,534,36745
2,535,36780
2,536,36906
2,537,36964
2,538,37022
2,539,37074
2,540,37089
2,541,37145
2,542,37329
2,543,37409
2,544,37478
2,545,37600
2,546,37615
2,547,37626
2,548,37705
2,549,37721
2,550,37725
2,551,37798
2,552,37802
2,553,37875
2,554,37934
2,555,37970
2,556,38053
2,557,38129
2,558,38185
2,559,38191
2,560,38193
2,561,38240
2,562,38362
2,563,38379
2,564,38403
2,565,38450
2,566,38587
2,567,38628
2,568,38712
2,569,38740
2,570,38856
2,571,38905
2,572,39055
2,573,39069
2,574,39086
2,575,39136
2,576,39332
2,577,39345
2,578,39411
2,579,39419
2,580,39647
2,581,39663
2,582,39669
2,583,39863
2,584,39903
2,585,39915
2,586,39971
2,587,40080
2,588,40306
2,589,40392
2,590,40446
2,591,40488
2,592,40491
2,593,40646
2,594,40655
2,595,40826
2,596,40891
2,597,40932
2,598,40937
2,599,40971
2,600,41016
2,601,41072
2,602,41084
2,603,41099
2,604,41203
2,605,41209
2,606,41216
2,607,41307
2,608,41322
2,609,41346
2,610,41437
2,611,41473
2,612,41484
2,613,41559
2,614,41560
2,615,41629
2,616,41645
2,617,41677
2,618,41767
2,619,41787
2,620,41819
2,621,41903
2,622,42040
2,623,42059
2,624,42092
2,625,42120
2,626,42180
2,627,42210
2,628,42229
2,629,42255
2,630,42323
2,631,42396
2,632,42551
2,633,42583
2,634,42652
2,635,42657
2,636,42687
2,637,42693
2,638,43004
2,639,43023
2,640,43159
2,641,43199
2,642,43218
2,643,43235
2,644,43264
2,645,43301
2,646,43345
2,647,43367
2,648,43395
2,649,43396
2,650,43524
2,651,43581
2,652,43623
2,653,43791
2,654,43797
2,655,43877
2,656,44008
2,657,44069
2,658,44085
2,659,44090
2,660,44134
2,661,44216
2,662,44305
2,663,44326
2,664,44507
2,665,44619
2,666,44644
2,667,44655
2,668,44683
2,669,44775
2,670,44826
2,671,44924
2,672,44955
2,673,44958
2,674,45025
2,675,45102
2,676,45185
2,677,45197
2,678,45238
2,679,45305
2,680,45354
2,681,45384
2,682,45417
2,683,45426
2,684,45464
2,685,45472
2,686,45508
2,687,45528
2,688,45606
2,689,45660
2,690,45739
2,691,45799
2,692,45856
2,693,46079
2,694,46092
2,695,46093
2,696,46115
2,697,46209
2,698,46289
2,699,46364
2,700,46392
2,701,46396
2,702,46531
2,703,46552
2,704,46639
2,705,46646
2,706,46655
2,707,46698
2,708,46749
2,709,46758
2,710,46772
2,711,46833
2,712,46847
2,713,46859
2,714,46925
2,715,46931
2,716,46980
2,717,47135
2,718,47171
2,719,47236
2,720,47382
2,721,47393
2,722,47457
2,723,47529
2,724,47708
2,725,47721
2,726,47730
2,727,47785
2,728,47874
2,729,48003
2,730,48094
2,731,48152
2,732,48166
2,733,48173
2,734,48195
2,735,48231
2,736,48238
2,737,48309
2,738,48319
2,739,48323
2,740,48701
2,741,48782
2,742,48924
2,743,48935
2,744,48936
2,745,48948
2,746,48957
2,747,49045
2,748,49079
2,749,49089
2,750,49109
2,751,49118
2,752,49180
2,753,49249
2,754,49695
2,755,49709
2,756,49729
2,757,49743
2,758,49863
2,759,50071
2,760,50146
2,761,50168
2,762,50265
2,763,50316
2,764,50323
2,765,50348
2,766,50413
2,767,50441
2,768,50587
2,769,50595
2,770,50657
2,771,50669
2,772,50677
2,773,50716
2,774,50732
2,775,50766
2,776,50820
2,777,50856
2,778,50864
2,779,50880
2,780,51132
2,781,51176
2,782,51307
2,783,51358
2,784,51436
2,785,51468
2,786,51477
2,787,51511
2,788,51603
2,789,51706
2,790,51723
2,791,51747
2,792,51884
2,793,52001
2,794,52217
2,795,52324
2,796,52325
2,797,52334
2,798,52384
2,799,52427
2,800,52434
2,801,52643
2,802,52646
2,803,52668
2,804,52743
2,805,52791
2,806,52873
2,807,52995
2,808,53001
2,809,53011
2,810,53028
2,811,53066
2,812,53082
2,813,53352
2,814,53364
2,815,53399
2,816,53440
2,817,53467
2,818,53489
2,819,53522
2,820,53546
2,821,53548
2,822,53594
2,823,53614
2,824,53668
2,825,53711
2,826,53804
2,827,53807
2,828,53912
2,829,54032
2,830,54157
2,831,54215
2,832,54306
2,833,54308
2,834,54326
2,835,54332
2,836,54365
2,837,54376
2,838,54395
2,839,54420
2,840,54522
2,841,54536
2,842,54537
2,843,54545
2,844,54571
2,845,54674
2,846,54741
2,847,54763
2,848,54831
2,849,54905
2,850,54933
2,851,54976
2,852,55055
2,853,55169
2,854,55274
2,855,55422
2,856,55425
2,857,55588
2,858,55613
2,859,55694
2,860,55713
2,861,55767
2,862,55780
2,863,55815
2,864,55868
2,865,55895
2,866,56047
2,867,56073
2,868,56086
2,869,56282
2,870,56296
2,871,56325
2,872,56340
2,873,56416
2,874,56454
2,875,56488
2,876,56570
2,877,56601
2,878,56681
2,879,56711
2,880,56886
2,881,56905
2,882,56912
2,883,57105
2,884,57218
2,885,57333
2,886,57344
2,887,57475
2,888,57584
2,889,57620
2,890,57771
2,891,57827
2,892,57866
2,893,57936
2,894,58103
2,895,58123
2,896,58157
2,897,58293
2,898,58297
2,899,58341
2,900,58370
2,901,58448
2,902,58706
2,903,58733
2,904,58735
2,905,58770
2,906,58805
2,907,58865
2,908,58872
2,909,58895
2,910,58913
2,911,58966
2,912,59099
2,913,59156
2,914,59214
2,915,59307
2,916,59350
2,917,59424
2,918,59462
2,919,59489
2,920,59530
2,921,59568
2,922,59638
2,923,59651
2,924,59661
2,925,59747
2,926,59751
2,927,59771
2,928,59833
2,929,59917
2,930,59966
2,931,60081
2,932,60134
2,933,60186
2,934,60222
2,935,60228
2,936,60293
2,937,60294
2,938,60357
2,939,60392
2,940,60449
2,941,60585
2,942,60723
2,943,61056
2,944,61100
2,945,61115
2,946,61142
2,947,61298
2,948,61379
2,949,61384
2,950,61622
2,951,61635
2,952,61731
2,953,61817
2,954,61887
2,955,62025
2,956,62071
2,957,62131
2,958,62251
2,959,62265
2,960,62391
2,961,62394
2,962,62533
2,963,62535
2,964,62714
2,965,62874
2,966,62898
2,967,62911
2,968,62925
2,969,62995
2,970,63007
2,971,63029
2,972,63077
2,973,63089
2,974,63165
2,975,63187
2,976,63205
2,977,63228
2,978,63253
2,979,63267
2,980,63403
2,981,63455
2,982,63509
2,983,63645
2,984,63655
2,985,63696
2,986,63743
2,987,63759
2,988,63824
2,989,63864
2,990,63930
2,991,63945
2,992,63984
2,993,64101
2,994,64113
2,995,64131
2,996,64143
2,997,64178
2,998,64193
2,999,64195
2,1000,64291
2,1001,64309
2,1002,64439
2,1003,64498
2,1004,64577
2,1005,64636
2,1006,64709
2,1007,64764
2,1008,64782
2,1009,64829
2,1010,64964
2,1011,65005
2,1012,65010
2,1013,65048
2,1014,65069
2,1015,65140
2,1016,65153
2,1017,65215
2,1018,65260
2,1019,65308
2,1020,65313
2,1021,65354
2,1022,65393
2,1023,65532
3,0,13
3,1,114
3,2,130
3,3,235
3,4,264
3,5,294
3,6,371
3,7,383
3,8,387
3,9,475
3,10,554
3,11,589
3,12,625
3,13,685
3,14,742
3,15,751
3,16,793
3,17,796
3,18,841
3,19,855
3,20,922
3,21,1014
3,22,1018
3,23,1110
3,24,1192
3,25,1238
3,26,1458
3,27,1510
3,28,1697
3,29,1720
3,30,1775
3,31,1944
3,32,1981
3,33,2031
3,34,2063
3,35,2127
3,36,2130
3,37,2145
3,38,2146
3,39,2204
3,40,2218
3,41,2229
3,42,2275
3,43,2481
3,44,2546
3,45,2706
3,46,2726
3,47,2858
3,48,2912
3,49,2963
3,50,3122
3,51,3191
3,52,3251
3,53,3273
3,54,3285
3,55,3368
3,56,3377
3,57,3766
3,58,3908
3,59,4103
3,60,4112
3,61,4129
3,62,4217
3,63,4222
3,64,4539
3,65,4589
3,66,4684
3,67,4777
3,68,4880
3,69,4895
3,70,4905
3,71,4954
3,72,4955
3,73,5025
3,74,5037
3,75,5173
3,76,5208
3,77,5213
3,78,5244
3,79,5313
3,80,5317
3,81,5443
3,82,5537
3,83,5550
3,84,5647
3,85,5773
3,86,5794
3,87,5910
3,88,5917
3,89,5933
3,90,6060
3,91,6084
3,92,6112
3,93,6164
3,94,6337
3,95,6514
3,96,6563
3,97,6571
3,98,6871
3,99,6882
3,100,6924
3,101,7086
3,102,7128
3,103,7233
3,104,7375
3,105,7429
3,106,7504
3,107,7563
3,108,7644
3,109,7721
3,110,7737
3,111,7890
3,112,7919
3,113,7932
3,114,8002
3,115,8229
3,116,8240
3,117,8266
3,118,8270
3,119,8283
3,120,8316
3,121,8322
3,122,8369
3,123,8461
3,124,8509
3,125,8526
3,126,8547
3,127,8563
3,128,8585
3,129,8623
3,130,8630
3,131,8683
3,132,8701
3,133,8756
3,134,8860
3,135,8930
3,136,8933
3,137,9013
3,138,9018
3,139,9103
3,140,9137
3,141,9150
3,142,9187
3,143,9264
3,144,9270
3,145,9318
3,146,9343
3,147,9426
3,148,9597
3,149,9602
3,150,9721
3,151,9738
3,152,9762
3,153,9792
3,154,9825
3,155,9946
3,156,10018
3,157,10060
3,158,10142
3,159,10211
3,160,10295
3,161,10334
3,162,10356
3,163,10363
3,164,10372
3,165,10596
3,166,10802
3,167,10809
3,168,10814
3,169,10829
3,170,10956
3,171,11142
3,172,11153
3,173,11168
3,174,11304
3,175,11394
3,176,11395
3,177,11410
3,178,11464
3,179,11525
3,180,11551
3,181,11578
3,182,11598
3,183,11646
3,184,11718
3,185,11798
3,186,11817
3,187,11837
3,188,11944
3,189,12102
3,190,12277
3,191,12317
3,192,12422
3,193,12526
3,194,12583
3,195,12592
3,196,12630
3,197,12634
3,198,12708
3,199,12734
3,200,12759
3,201,12886
3,202,12937
3,203,13038
3,204,13219
3,205,13285
3,206,13295
3,207,13380
3,208,13468
3,209,13483
3,210,13507
3,211,13539
3,212,13618
3,213,13678
3,214,13689
3,215,13722
3,216,13859
3,217,13940
3,218,14008
3,219,14063
3,220,14119
3,221,14145
3,222,14175
3,223,14184
3,224,14292
3,225,14348
3,226,14353
3,227,14390
3,228,14412
3,229,14450
3,230,14491
3,231,14510
3,232,14532
3,233,14538
3,234,14564
3,235,14569
3,236,14572
3,237,14587
3,238,14620
3,239,14653
3,240,14708
3,241,14972
3,242,15037
3,243,15073
3,244,15080
3,245,15329
3,246,15453
3,247,15516
3,248,15526
3,249,15582
3,250,15635
3,251,15725
3,252,15872
3,253,15942
3,254,15976
3,255,16076
3,256,16083
3,257,16244
3,258,16276
3,259,16323
3,260,16441
3,261,16448
3,262,16478
3,263,16495
3,264,16714
3,265,16739
3,266,16803
3,267,16825
3,268,17042
3,269,17048
3,270,17146
3,271,17170
3,272,17191
3,273,17211
3,274,17272
3,275,17353
3,276,17413
3,277,17440
3,278,17585
3,279,17625
3,280,17675
3,281,17794
3,282,17819
3,283,17927
3,284,17950
3,285,17978
3,286,18081
3,287,18194
3,288,18286
3,289,18375
3,290,18455
3,291,18473
3,292,18528
3,293,18560
3,294,18562
3,295,18574
3,296,18706
3,297,18708
3,298,18970
3,299,18981
3,300,18998
3,301,19007
3,302,19020
3,303,19024
3,304,19069
3,305,19096
3,306,19128
3,307,19163
3,308,19311
3,309,19317
3,310,19355
3,311,19365
3,312,19382
3,313,19424
3,314,19517
3,315,19531
3,316,19554
3,317,19604
3,318,19754
3,319,19759
3,320,19943
3,321,19985
3,322,20005
3,323,20169
3,324,20189
3,325,20200
3,326,20259
3,327,20336
3,328,20369
3,329,20443
3,330,20460
3,331,20594
3,332,20666
3,333,20778
3,334,20911
3,335,20990
3,336,21077
3,337,21096
3,338,21105
3,339,21153
3,340,21205
3,341,21347
3,342,21357
3,343,21546
3,344,21607
3,345,21633
3,346,21670
3,347,21682
3,348,21710
3,349,21749
3,350,22006
3,351,22229
3,352,22297
3,353,22304
3,354,22425
3,355,22430
3,356,22601
3,357,22629
3,358,22663
3,359,22699
3,360,22704
3,361,22749
3,362,22750
3,363,22790
3,364,22868
3,365,22915
3,366,22954
3,367,23090
3,368,23151
3,369,23341
3,370,23455
3,371,23496
3,372,23540
3,373,23550
3,374,23586
3,375,23668
3,376,23715
3,377,23733
3,378,23740
3,379,23829
3,380,23840
3,381,23920
3,382,23959
3,383,24021
3,384,24162
3,385,24181
3,386,24292
3,387,24442
3,388,24524
3,389,24572
3,390,24635
3,391,24775
3,392,24781
3,393,24801
3,394,24827
3,395,24917
3,396,24996
3,397,25027
3,398,25088
3,399,25138
3,400,25158
3,401,25176
3,402,25177
3,403,25231
3,404,25248
3,405,25277
3,406,25286
3,407,25303
3,408,25368
3,409,25386
3,410,25501
3,411,25651
3,412,25747
3,413,25798
3,414,25851
3,415,25944
3,416,26027
3,417,26068
3,418,26131
3,419,26193
3,420,26201
3,421,26229
3,422,26307
3,423,26388
3,424,26413
3,425,26594
3,426,26610
3,427,26680
3,428,26682
3,429,26701
3,430,26707
3,431,26773
3,432,26779
3,433,26904
3,434,26999
3,435,27041
3,436,27072
3,437,27162
3,438,27176
3,439,27186
3,440,27490
3,441,27497
3,442,27533
3,443,27622
3,444,27643
3,445,27715
3,446,27738
3,447,27789
3,448,27980
3,449,28022
3,450,28081
3,451,28102
3,452,28140
3,453,28197
3,454,28220
3,455,28256
3,456,28340
3,457,28392
3,458,28399
3,459,28433
3,460,28434
3,461,28566
3,462,28668
3,463,28690
3,464,28703
3,465,28798
3,466,28898
3,467,28914
3,468,28916
3,469,28937
3,470,29039
3,471,29147
3,472,29186
3,473,29304
3,474,29350
3,475,29352
3,476,29447
3,477,29471
3,478,29481
3,479,29491
3,480,29512
3,481,29648
3,482,29691
3,483,29698
3,484,29779
3,485,29792
3,486,29802
3,487,29893
3,488,29897
3,489,29985
3,490,30098
3,491,30158
3,492,30176
3,493,30415
3,494,30532
3,495,30537
3,496,30807
3,497,30820
3,498,30842
3,499,30856
3,500,31006
3,501,31073
3,502,31205
3,503,31228
3,504,31231
3,505,31317
3,506,31327
3,507,31393
3,508,31446
3,509,31488
3,510,31513
3,511,31596
3,512,31778
3,513,31782
3,514,31810
3,515,31878
3,516,31881
3,517,31976
3,518,32042
3,519,32091
3,520,32120
3,521,32129
3,522,32164
3,523,32173
3,524,32202
3,525,32223
3,526,32253
3,527,32265
3,528,32269
3,529,32381
3,530,32503
3,531,32583
3,532,32665
3,533,32672
3,534,32718
3,535,32815
3,536,32818
3,537,32852
3,538,32867
3,539,33090
3,540,33113
3,541,33293
3,542,33330
3,543,33394
3,544,33494
3,545,33546
3,546,33728
3,547,33834
3,548,33853
3,549,33890
3,550,33963
3,551,33964
3,552,34020
3,553,34075
3,554,34190
3,555,34205
3,556,34215
3,557,34359
3,558,34401
3,559,34417
3,560,34421
3,561,34440
3,562,34465
3,563,34469
3,564,34517
3,565,34653
3,566,34694
3,567,34735
3,568,34834
3,569,34846
3,570,34897
3,571,34962
3,572,34981
3,573,35036
3,574,35285
3,575,35371
3,576,35444
3,577,35452
3,578,35502
3,579,35544
3,580,35567
3,581,35660
3,582,35828
3,583,35871
3,584,35886
3,585,35908
3,586,35948
3,587,36051
3,588,36096
3,589,36182
3,590,36186
3,591,36278
3,592,36351
3,593,36361
3,594,36461
3,595,36570
3,596,36615
3,597,36626
3,598,36716
3,599,36718
3,600,36737
3,601,36882
3,602,36914
3,603,36966
3,604,36991
3,605,36992
3,606,37032
3,607,37088
3,608,37127
3,609,37138
3,610,37251
3,611,37341
3,612,37343
3,613,37394
3,614,37461
3,615,37544
3,616,37571
3,617,37677
3,618,37782
3,619,38027
3,620,38034
3,621,38108
3,622,38162
3,623,38223
3,624,38301
3,625,38351
3,626,38381
3,627,38406
3,628,38518
3,629,38593
3,630,38598
3,631,38699
3,632,38773
3,633,38776
3,634,38799
3,635,38808
3,636,38967
3,637,38982
3,638,39048
3,639,39080
3,640,39126
3,641,39217
3,642,39354
3,643,39373
3,644,39564
3,645,39821
3,646,39908
3,647,39920
3,648,40002
3,649,40100
3,650,40127
3,651,40133
3,652,40196
3,653,40269
3,654,40282
3,655,40379
3,656,40446
3,657,40451
3,658,40499
3,659,40526
3,660,40621
3,661,40743
3,662,40771
3,663,41103
3,664,41113
3,665,41199
3,666,41242
3,667,41250
3,668,41383
3,669,41484
3,670,41528
3,671,41609
3,672,41693
3,673,41742
3,674,41853
3,675,41869
3,676,42234
3,677,42283
3,678,42286
3,679,42302
3,680,42304
3,681,42330
3,682,42502
3,683,42690
3,684,42691
3,685,42746
3,686,42753
3,687,42832
3,688,42841
3,689,42853
3,690,42870
3,691,42989
3,692,43028
3,693,43044
3,694,43072
3,695,43100
3,696,43109
3,697,43202
3,698,43215
3,699,43216
3,700,43219
3,701,43252
3,702,43268
3,703,43325
3,704,43359
3,705,43423
3,706,43500
3,707,43589
3,708,43612
3,709,43626
3,710,43780
3,711,43791
3,712,43821
3,713,43866
3,714,43932
3,715,43989
3,716,44053
3,717,44085
3,718,44088
3,719,44272
3,720,44305
3,721,44531
3,722,44625
3,723,44664
3,724,44709
3,725,44780
3,726,44830
3,727,44947
3,728,45122
3,729,45123
3,730,45143
3,731,45177
3,732,45262
3,733,45439
3,734,45564
3,735,45567
3,736,45723
3,737,45735
3,738,45807
3,739,45870
3,740,45894
3,741,45899
3,742,45929
3,743,45933
3,744,46031
3,745,46106
3,746,46198
3,747,46244
3,748,46274
3,749,46275
3,750,46366
3,751,46374
3,752,46445
3,753,46482
3,754,46499
3,755,46542
3,756,46625
3,757,46674
3,758,46693
3,759,46988
3,760,47393
3,761,47551
3,762,47586
3,763,47728
3,764,47800
3,765,47832
3,766,47844
3,767,47910
3,768,47953
3,769,47989
3,770,48023
3,771,48084
3,772,48149
3,773,48188
3,774,48310
3,775,48509
3,776,48608
3,777,48619
3,778,48633
3,779,48896
3,780,48977
3,781,49063
3,782,49144
3,783,49152
3,784,49202
3,785,49218
3,786,49274
3,787,49293
3,788,49316
3,789,49327
3,790,49487
3,791,49535
3,792,49547
3,793,49576
3,794,49626
3,795,49655
3,796,49780
3,797,49797
3,798,49800
3,799,49886
3,800,50091
3,801,50133
3,802,50253
3,803,50354
3,804,50370
3,805,50433
3,806,50434
3,807,50475
3,808,50548
3,809,50622
3,810,50702
3,811,51060
3,812,51162
3,813,51180
3,814,51199
3,815,51227
3,816,51369
3,817,51379
3,818,51552
3,819,51572
3,820,51611
3,821,51658
3,822,51727
3,823,51746
3,824,51757
3,825,51991
3,826,52097
3,827,52120
3,828,52135
3,829,52192
3,830,52209
3,831,52231
3,832,52288
3,833,52299
3,834,52381
3,835,52445
3,836,52454
3,837,52495
3,838,52608
3,839,52611
3,840,52682
3,841,52861
3,842,52870
3,843,52973
3,844,52989
3,845,53144
3,846,53193
3,847,53386
3,848,53435
3,849,53473
3,850,53507
3,851,53517
3,852,53633
3,853,53661
3,854,53694
3,855,53858
3,856,53934
3,857,54110
3,858,54133
3,859,54137
3,860,54162
3,861,54217
3,862,54241
3,863,54283
3,864,54298
3,865,54384
3,866,54525
3,867,54549
3,868,54606
3,869,54693
3,870,54726
3,871,54758
3,872,55006
3,873,55137
3,874,55156
3,875,55234
3,876,55321
3,877,55379
3,878,55438
3,879,55511
3,880,55719
3,881,55754
3,882,55799
3,883,55809
3,884,56088
3,885,56154
3,886,56186
3,887,56189
3,888,56225
3,889,56274
3,890,56303
3,891,56332
3,892,56362
3,893,56420
3,894,56446
3,895,56452
3,896,56586
3,897,56611
3,898,56656
3,899,56832
3,900,56916
3,901,57004
3,902,57086
3,903,57146
3,904,57201
3,905,57382
3,906,57421
3,907,57431
3,908,57466
3,909,57723
3,910,57759
3,911,57782
3,912,57859
3,913,57967
3,914,58240
3,915,58326
3,916,58449
3,917,58722
3,918,58811
3,919,58846
3,920,58858
3,921,59069
3,922,59129
3,923,59135
3,924,59151
3,925,59169
3,926,59325
3,927,59359
3,928,59398
3,929,59432
3,930,59447
3,931,59515
3,932,59628
3,933,59702
3,934,59862
3,935,59895
3,936,59986
3,937,59991
3,938,60093
3,939,60115
3,940,60135
3,941,60141
3,942,60407
3,943,60495
3,944,60584
3,945,60636
3,946,60642
3,947,60771
3,948,60827
3,949,60910
3,950,61029
3,951,61104
3,952,61131
3,953,61187
3,954,61252
3,955,61256
3,956,61306
3,957,61324
3,958,61390
3,959,61442
3,960,61484
3,961,61507
3,962,61577
3,963,61606
3,964,61694
3,965,61753
3,966,61886
3,967,61915
3,968,61952
3,969,62027
3,970,62049
3,971,62088
3,972,62151
3,973,62209
3,974,62249
3,975,62545
3,976,62583
3,977,62678
3,978,62733
3,979,62798
3,980,62814
3,981,62891
3,982,63084
3,983,63122
3,984,63212
3,985,63221
3,986,63253
3,987,63269
3,988,63348
3,989,63468
3,990,63523
3,991,63610
3,992,63637
3,993,63684
3,994,63731
3,995,63751
3,996,63866
3,997,63945
3,998,63953
3,999,64048
3,1000,64068
3,1001,64125
3,1002,64130
3,1003,64195
3,1004,64414
3,1005,64698
3,1006,64744
3,1007,64859
3,1008,64983
3,1009,65012
3,1010,65021
3,1011,65050
3,1012,65078
3,1013,65124
3,1014,65128
3,1015,65272
3,1016,65347
3,1017,65354
3,1018,65394
3,1019,65395
3,1020,65447
3,1021,65475
3,1022,65480
3,1023,65524
4,0,318
4,1,512
4,2,534
4,3,557
4,4,665
4,5,720
4,6,792
4,7,870
4,8,894
4,9,952
4,10,1037
4,11,1119
4,12,1250
4,13,1254
4,14,1263
4,15,1290
4,16,1341
4,17,1528
4,18,1592
4,19,1691
4,20,1717
4,21,1788
4,22,1846
4,23,1847
4,24,1898
4,25,1923
4,26,1932
4,27,2108
4,28,2200
4,29,2429
4,30,2542
4,31,2595
4,32,2671
4,33,2692
4,34,2754
4,35,2776
4,36,2788
4,37,2882
4,38,2927
4,39,2953
4,40,2997
4,41,3030
4,42,3126
4,43,3188
4,44,3255
4,45,3415
4,46,3428
4,47,3479
4,48,3506
4,49,3626
4,50,3756
4,51,3788
4,52,3803
4,53,3898
4,54,3915
4,55,4105
4,56,4189
4,57,4193
4,58,4278
4,59,4358
4,60,4393
4,61,4405
4,62,4454
4,63,4463
4,64,4470
4,65,4497
4,66,4506
4,67,4632
4,68,4642
4,69,4675
4,70,4736
4,71,4743
4,72,4791
4,73,4889
4,74,5092
4,75,5292
4,76,5391
4,77,5684
4,78,5714
4,79,5844
4,80,6070
4,81,6112
4,82,6342
4,83,6375
4,84,6391
4,85,6431
4,86,6432
4,87,6567
4,88,6599
4,89,6643
4,90,6695
4,91,6714
4,92,6813
4,93,6977
4,94,6996
4,95,7045
4,96,7050
4,97,7051
4,98,7172
4,99,7264
4,100,7359
4,101,7385
4,102,7444
4,103,7530
4,104,7549
4,105,7554
4,106,7918
4,107,7957
4,108,7972
4,109,8043
4,110,8072
4,111,8088
4,112,8224
4,113,8308
4,114,8455
4,115,8469
4,116,8475
4,117,8481
4,118,8519
4,119,8644
4,120,8674
4,121,8728
4,122,8867
4,123,8905
4,124,8972
4,125,9055
4,126,9073
4,127,9136
4,128,9153
4,129,9163
4,130,9313
4,131,9323
4,132,9330
4,133,9416
4,134,9618
4,135,9623
4,136,9684
4,137,9735
4,138,9748
4,139,9779
4,140,9820
4,141,9840
4,142,9843
4,143,9886
4,144,9912
4,145,10091
4,146,10119
4,147,10212
4,148,10254
4,149,10276
4,150,10383
4,151,10453
4,152,10571
4,153,10634
4,154,10679
4,155,10786
4,156,10827
4,157,10897
4,158,10916
4,159,11189
4,160,11217
4,161,11429
4,162,11487
4,163,11540
4,164,11691
4,165,11699
4,166,11726
4,167,11769
4,168,11979
4,169,12017
4,170,12161
4,171,12232
4,172,12278
4,173,12308
4,174,12350
4,175,12440
4,176,12451
4,177,12492
4,178,12526
4,179,12552
4,180,12612
4,181,12734
4,182,12736
4,183,12826
4,184,12831
4,185,12845
4,186,12918
4,187,12942
4,188,12979
4,189,13049
4,190,13085
4,191,13087
4,192,13094
4,193,13142
4,194,13217
4,195,13267
4,196,13326
4,197,13420
4,198,13475
4,199,13525
4,200,13545
4,201,13583
4,202,13630
4,203,13672
4,204,13792
4,205,13862
4,206,13970
4,207,13989
4,208,14211
4,209,14713
4,210,14813
4,211,15062
4,212,15075
4,213,15111
4,214,15169
4,215,15194
4,216,15421
4,217,15430
4,218,15450
4,219,15460
4,220,15575
4,221,15607
4,222,15623
4,223,15814
4,224,15884
4,225,15907
4,226,15936
4,227,16031
4,228,16210
4,229,16244
4,230,16284
4,231,16323
4,232,16382
4,233,16398
4,234,16478
4,235,16625
4,236,16680
4,237,16690
4,238,16705
4,239,16786
4,240,16881
4,241,17015
4,242,17028
4,243,17115
4,244,17157
4,245,17294
4,246,17329
4,247,17360
4,248,17504
4,249,17518
4,250,17709
4,251,17745
4,252,17798
4,253,17975
4,254,18070
4,255,18136
4,256,18184
4,257,18190
4,258,18213
4,259,18215
4,260,18271
4,261,18430
4,262,18472
4,263,18487
4,264,18674
4,265,18701
4,266,18713
4,267,18879
4,268,18912
4,269,18913
4,270,19012
4,271,19232
4,272,19317
4,273,19371
4,274,19375
4,275,19428
4,276,19455
4,277,19510
4,278,19522
4,279,19635
4,280,19753
4,281,19797
4,282,19800
4,283,19936
4,284,19966
4,285,20030
4,286,20057
4,287,20092
4,288,20163
4,289,20211
4,290,20258
4,291,20326
4,292,20416
4,293,20456
4,294,20568
4,295,20643
4,296,20890
4,297,20919
4,298,20968
4,299,21027
4,300,21077
4,301,21101
4,302,21194
4,303,21196
4,304,21273
4,305,21293
4,306,21340
4,307,21380
4,308,21446
4,309,21490
4,310,21501
4,311,21549
4,312,21645
4,313,21687
4,314,21747
4,315,22051
4,316,22076
4,317,22139
4,318,22144
4,319,22145
4,320,22226
4,321,22244
4,322,22414
4,323,22581
4,324,22596
4,325,22617
4,326,22697
4,327,22714
4,328,23141
4,329,23155
4,330,23171
4,331,23249
4,332,23250
4,333,23284
4,334,23297
4,335,23404
4,336,23506
4,337,23837
4,338,23874
4,339,23896
4,340,23906
4,341,23932
4,342,23946
4,343,24032
4,344,24135
4,345,24178
4,346,24185
4,347,24363
4,348,24367
4,349,24412
4,350,24490
4,351,24493
4,352,24547
4,353,24633
4,354,24664
4,355,24711
4,356,24721
4,357,24730
4,358,24765
4,359,24924
4,360,24973
4,361,25098
4,362,25216
4,363,25277
4,364,25328
4,365,25343
4,366,25378
4,367,25430
4,368,25512
4,369,25613
4,370,25629
4,371,25708
4,372,25746
4,373,25752
4,374,25883
4,375,25954
4,376,26031
4,377,26044
4,378,26054
4,379,26105
4,380,26144
4,381,26171
4,382,26215
4,383,26314
4,384,26315
4,385,26435
4,386,26465
4,387,26632
4,388,26665
4,389,26681
4,390,26859
4,391,26861
4,392,26903
4,393,26917
4,394,26944
4,395,26968
4,396,27059
4,397,27064
4,398,27093
4,399,27217
4,400,27275
4,401,27334
4,402,27344
4,403,27432
4,404,27447
4,405,27586
4,406,27727
4,407,27758
4,408,27892
4,409,27959
4,410,27964
4,411,28106
4,412,28169
4,413,28220
4,414,28332
4,415,28375
4,416,28425
4,417,28481
4,418,28694
4,419,28852
4,420,28944
4,421,29012
4,422,29182
4,423,29221
4,424,29243
4,425,29251
4,426,29257
4,427,29456
4,428,29510
4,429,29585
4,430,29631
4,431,29679
4,432,29685
4,433,29703
4,434,29894
4,435,29906
4,436,29979
4,437,30005
4,438,30007
4,439,30083
4,440,30204
4,441,30264
4,442,30378
4,443,30380
4,444,30498
4,445,30539
4,446,30571
4,447,30665
4,448,30688
4,449,30829
4,450,30854
4,451,30968
4,452,31029
4,453,31036
4,454,31076
4,455,31166
4,456,31213
4,457,31253
4,458,31472
4,459,31480
4,460,31610
4,461,31695
4,462,31697
4,463,31782
4,464,31816
4,465,31841
4,466,31843
4,467,31959
4,468,31960
4,469,31991
4,470,32236
4,471,32247
4,472,32250
4,473,32298
4,474,32416
4,475,32442
4,476,32463
4,477,32475
4,478,32510
4,479,32584
4,480,32588
4,481,32602
4,482,32670
4,483,32677
4,484,32689
4,485,32744
4,486,32810
4,487,32910
4,488,32996
4,489,33263
4,490,33431
4,491,33451
4,492,33501
4,493,33587
4,494,33635
4,495,33640
4,496,33653
4,497,33781
4,498,33805
4,499,33840
4,500,33877
4,501,34057
4,502,34107
4,503,34117
4,504,34132
4,505,34136
4,506,34268
4,507,34273
4,508,34300
4,509,34443
4,510,34535
4,511,34538
4,512,34598
4,513,34613
4,514,34629
4,515,34670
4,516,34720
4,517,34821
4,518,34843
4,519,34878
4,520,34941
4,521,34995
4,522,35121
4,523,35211
4,524,35426
4,525,35466
4,526,35478
4,527,35493
4,528,35630
4,529,35714
4,530,35772
4,531,35780
4,532,35817
4,533,35878
4,534,35969
4,535,36124
4,536,36154
4,537,36192
4,538,36197
4,539,36242
4,540,36267
4,541,36352
4,542,36361
4,543,36363
4,544,36386
4,545,36395
4,546,36403
4,547,36408
4,548,36423
4,549,36745
4,550,36789
4,551,36796
4,552,36824
4,553,36906
4,554,36997
4,555,37030
4,556,37195
4,557,37230
4,558,37296
4,559,37446
4,560,37493
4,561,37545
4,562,37550
4,563,37657
4,564,37693
4,565,37803
4,566,37888
4,567,37905
4,568,37929
4,569,37943
4,570,38001
4,571,38048
4,572,38151
4,573,38186
4,574,38195
4,575,38231
4,576,38299
4,577,38373
4,578,38377
4,579,38382
4,580,38384
4,581,38670
4,582,38700
4,583,38707
4,584,38760
4,585,38807
4,586,38872
4,587,38892
4,588,38939
4,589,38999
4,590,39009
4,591,39033
4,592,39068
4,593,39106
4,594,39156
4,595,39179
4,596,39197
4,597,39241
4,598,39298
4,599,39329
4,600,39474
4,601,39541
4,602,39555
4,603,39566
4,604,39601
4,605,39645
4,606,39707
4,607,39712
4,608,39719
4,609,39778
4,610,39789
4,611,40059
4,612,40111
4,613,40155
4,614,40167
4,615,40222
4,616,40373
4,617,40409
4,618,40447
4,619,40483
4,620,40495
4,621,40640
4,622,40743
4,623,40793
4,624,40826
4,625,40864
4,626,40951
4,627,40987
4,628,41027
4,629,41183
4,630,41201
4,631,41350
4,632,41384
4,633,41469
4,634,41529
4,635,41571
4,636,41584
4,637,41596
4,638,41678
4,639,41794
4,640,41883
4,641,41889
4,642,41947
4,643,42026
4,644,42054
4,645,42148
4,646,42167
4,647,42194
4,648,42225
4,649,42253
4,650,42289
4,651,42307
4,652,42401
4,653,42432
4,654,42459
4,655,42589
4,656,42599
4,657,42748
4,658,42813
4,659,42857
4,660,42900
4,661,42945
4,662,42957
4,663,42960
4,664,43033
4,665,43088
4,666,43178
4,667,43220
4,668,43288
4,669,43324
4,670,43329
4,671,43358
4,672,43541
4,673,43612
4,674,43618
4,675,43641
4,676,43722
4,677,43725
4,678,43787
4,679,43799
4,680,43898
4,681,43916
4,682,43943
4,683,44100
4,684,44219
4,685,44246
4,686,44262
4,687,44389
4,688,44446
4,689,44496
4,690,44819
4,691,44854
4,692,44869
4,693,45006
4,694,45009
4,695,45014
4,696,45227
4,697,45253
4,698,45283
4,699,45321
4,700,45344
4,701,45410
4,702,45554
4,703,45560
4,704,45763
4,705,45831
4,706,45851
4,707,45887
4,708,45915
4,709,46019
4,710,46066
4,711,46140
4,712,46179
4,713,46244
4,714,46292
4,715,46345
4,716,46350
4,717,46402
4,718,46464
4,719,46468
4,720,46487
4,721,46518
4,722,46577
4,723,46672
4,724,46806
4,725,46822
4,726,46839
4,727,46892
4,728,46950
4,729,46968
4,730,47005
4,731,47110
4,732,47156
4,733,47425
4,734,47430
4,735,47449
4,736,47492
4,737,47560
4,738,47594
4,739,47620
4,740,47686
4,741,47748
4,742,47749
4,743,47807
4,744,47810
4,745,47812
4,746,47823
4,747,47952
4,748,48102
4,749,48190
4,750,48231
4,751,48324
4,752,48426
4,753,48483
4,754,48814
4,755,48829
4,756,48878
4,757,48964
4,758,48972
4,759,49014
4,760,49038
4,761,49189
4,762,49190
4,763,49257
4,764,49308
4,765,49399
4,766,49422
4,767,49489
4,768,49614
4,769,49669
4,770,49770
4,771,49806
4,772,49829
4,773,49833
4,774,49834
4,775,49841
4,776,49873
4,777,49918
4,778,50033
4,779,50034
4,780,50162
4,781,50194
4,782,50208
4,783,50268
4,784,50382
4,785,50610
4,786,50612
4,787,50634
4,788,50657
4,789,50667
4,790,50744
4,791,50864
4,792,51065
4,793,51250
4,794,51285
4,795,51342
4,796,51351
4,797,51390
4,798,51410
4,799,51414
4,800,51450
4,801,51505
4,802,51554
4,803,51638
4,804,51645
4,805,51684
4,806,51705
4,807,51737
4,808,51865
4,809,51912
4,810,51985
4,811,52007
4,812,52175
4,813,52188
4,814,52255
4,815,52351
4,816,52465
4,817,52486
4,818,52546
4,819,52638
4,820,52722
4,821,52735
4,822,52755
4,823,52815
4,824,52934
4,825,53069
4,826,53165
4,827,53185
4,828,53198
4,829,53256
4,830,53298
4,831,53461
4,832,53521
4,833,53592
4,834,53622
4,835,53628
4,836,53727
4,837,53886
4,838,54083
4,839,54245
4,840,54251
4,841,54291
4,842,54315
4,843,54347
4,844,54390
4,845,54529
4,846,54685
4,847,54693
4,848,54825
4,849,54971
4,850,55038
4,851,55055
4,852,55163
4,853,55275
4,854,55314
4,855,55320
4,856,55356
4,857,55358
4,858,55398
4,859,55492
4,860,55517
4,861,55575
4,862,55578
4,863,55648
4,864,55757
4,865,55824
4,866,55898
4,867,55924
4,868,55940
4,869,55971
4,870,55998
4,871,56003
4,872,56026
4,873,56189
4,874,56195
4,875,56197
4,876,56454
4,877,56523
4,878,56711
4,879,56740
4,880,56786
4,881,56805
4,882,56892
4,883,57110
4,884,57257
4,885,57313
4,886,57325
4,887,57442
4,888,57452
4,889,57481
4,890,57490
4,891,57529
4,892,57563
4,893,57903
4,894,58163
4,895,58198
4,896,58203
4,897,58235
4,898,58336
4,899,58362
4,900,58479
4,901,58483
4,902,58493
4,903,58495
4,904,58558
4,905,58570
4,906,58610
4,907,58687
4,908,58751
4,909,58758
4,910,58764
4,911,58765
4,912,58771
4,913,58802
4,914,58847
4,915,59064
4,916,59076
4,917,59095
4,918,59218
4,919,59301
4,920,59374
4,921,59480
4,922,59504
4,923,59602
4,924,59657
4,925,59662
4,926,59798
4,927,59851
4,928,59911
4,929,59975
4,930,60122
4,931,60146
4,932,60154
4,933,60183
4,934,60331
4,935,60364
4,936,60400
4,937,60416
4,938,60443
4,939,60539
4,940,60542
4,941,60682
4,942,60723
4,943,60844
4,944,61230
4,945,61241
4,946,61266
4,947,61304
4,948,61351
4,949,61566
4,950,61577
4,951,61650
4,952,61743
4,953,61771
4,954,61843
4,955,61878
4,956,61913
4,957,61946
4,958,61978
4,959,62045
4,960,62062
4,961,62087
4,962,62145
4,963,62188
4,964,62207
4,965,62277
4,966,62399
4,967,62551
4,968,62617
4,969,62689
4,970,62751
4,971,62854
4,972,62924
4,973,63014
4,974,63018
4,975,63203
4,976,63323
4,977,63374
4,978,63491
4,979,63520
4,980,63553
4,981,63556
4,982,63602
4,983,63646
4,984,63672
4,985,63789
4,986,63790
4,987,63824
4,988,63828
4,989,63841
4,990,63974
4,991,64025
4,992,64086
4,993,64100
4,994,64225
4,995,64249
4,996,64291
4,997,64314
4,998,64434
4,999,64488
4,1000,64514
4,1001,64522
4,1002,64592
4,1003,64718
4,1004,64815
4,1005,64816
4,1006,64853
4,1007,64874
4,1008,64934
4,1009,64939
4,1010,64968
4,1011,65068
4,1012,65116
4,1013,65148
4,1014,65180
4,1015,65187
4,1016,65261
4,1017,65310
4,1018,65346
4,1019,65366
4,1020,65387
4,1021,65420
4,1022,65436
4,1023,65504
5,0,107
5,1,162
5,2,305
5,3,366
5,4,428
5,5,430
5,6,454
5,7,458
5,8,528
5,9,581
5,10,583
5,11,716
5,12,804
5,13,850
5,14,1069
5,15,1090
5,16,1340
5,17,1380
5,18,1466
5,19,1493
5,20,1519
5,21,1669
5,22,1729
5,23,1753
5,24,1777
5,25,1893
5,26,1900
5,27,1916
5,28,1921
5,29,1959
5,30,2217
5,31,2347
5,32,2371
5,33,2431
5,34,2517
5,35,2547
5,36,2561
5,37,2701
5,38,2739
5,39,2856
5,40,3054
5,41,3205
5,42,3342
5,43,3356
5,44,3386
5,45,3398
5,46,3549
5,47,3660
5,48,3681
5,49,3688
5,50,3809
5,51,3843
5,52,3845
5,53,3912
5,54,3954
5,55,4029
5,56,4129
5,57,4164
5,58,4218
5,59,4223
5,60,4297
5,61,4370
5,62,4374
5,63,4425
5,64,4569
5,65,4601
5,66,4811
5,67,4866
5,68,4868
5,69,4901
5,70,4943
5,71,5009
5,72,5045
5,73,5062
5,74,5095
5,75,5175
5,76,5179
5,77,5208
5,78,5276
5,79,5293
5,80,5343
5,81,5348
5,82,5441
5,83,5496
5,84,5678
5,85,5769
5,86,5916
5,87,6028
5,88,6073
5,89,6116
5,90,6147
5,91,6157
5,92,6166
5,93,6226
5,94,6361
5,95,6456
5,96,6471
5,97,6532
5,98,6562
5,99,6571
5,100,6591
5,101,6646
5,102,6834
5,103,6859
5,104,6899
5,105,6960
5,106,7028
5,107,7037
5,108,7056
5,109,7121
5,110,7129
5,111,7155
5,112,7254
5,113,7261
5,114,7297
5,115,7299
5,116,7355
5,117,7431
5,118,7471
5,119,7580
5,120,7583
5,121,7646
5,122,7752
5,123,7868
5,124,7887
5,125,7897
5,126,7925
5,127,8241
5,128,8317
5,129,8329
5,130,8417
5,131,8462
5,132,8470
5,133,8481
5,134,8573
5,135,8707
5,136,8814
5,137,8815
5,138,8821
5,139,8845
5,140,9038
5,141,9087
5,142,9092
5,143,9147
5,144,9148
5,145,9262
5,146,9288
5,147,9402
5,148,9419
5,149,9463
5,150,9579
5,151,9587
5,152,9724
5,153,9734
5,154,9803
5,155,9836
5,156,9919
5,157,9944
5,158,10071
5,159,10127
5,160,10425
5,161,10438
5,162,10509
5,163,10548
5,164,10651
5,165,10657
5,166,10659
5,167,10977
5,168,11061
5,169,11134
5,170,11140
5,171,11184
5,172,11207
5,173,11253
5,174,11332
5,175,11411
5,176,11419
5,177,11501
5,178,11535
5,179,11545
5,180,11548
5,181,11596
5,182,11634
5,183,11928
5,184,11932
5,185,11947
5,186,12014
5,187,12180
5,188,12207
5,189,12267
5,190,12287
5,191,12363
5,192,12514
5,193,12554
5,194,12561
5,195,12614
5,196,12640
5,197,12653
5,198,12657
5,199,12664
5,200,12678
5,201,12684
5,202,12688
5,203,12721
5,204,12795
5,205,12993
5,206,13014
5,207,13055
5,208,13250
5,209,13253
5,210,13296
5,211,13583
5,212,13622
5,213,13629
5,214,13779
5,215,13794
5,216,13909
5,217,13915
5,218,14012
5,219,14080
5,220,14144
5,221,14154
5,222,14175
5,223,14245
5,224,14327
5,225,14329
5,226,14356
5,227,14414
5,228,14491
5,229,14503
5,230,14628
5,231,14766
5,232,14784
5,233,14796
5,234,14828
5,235,14846
5,236,14857
5,237,14981
5,238,15176
5,239,15394
5,240,15407
5,241,15489
5,242,15582
5,243,15628
5,244,15643
5,245,15659
5,246,15747
5,247,15782
5,248,15859
5,249,15876
5,250,15890
5,251,15948
5,252,15971
5,253,16001
5,254,16002
5,255,16289
5,256,16317
5,257,16377
5,258,16581
5,259,16589
5,260,16705
5,261,16727
5,262,16830
5,263,16834
5,264,16884
5,265,16962
5,266,16995
5,267,17028
5,268,17098
5,269,17116
5,270,17139
5,271,17184
5,272,17233
5,273,17281
5,274,17323
5,275,17347
5,276,17365
5,277,17413
5,278,17416
5,279,17475
5,280,17553
5,281,17642
5,282,17717
5,283,17818
5,284,17887
5,285,17944
5,286,17958
5,287,17963
5,288,18022
5,289,18073
5,290,18140
5,291,18186
5,292,18222
5,293,18301
5,294,18315
5,295,18352
5,296,18415
5,297,18525
5,298,18573
5,299,18642
5,300,18689
5,301,18698
5,302,18721
5,303,18750
5,304,18791
5,305,18912
5,306,18973
5,307,18989
5,308,19052
5,309,19053
5,310,19151
5,311,19184
5,312,19217
5,313,19242
5,314,19246
5,315,19259
5,316,19325
5,317,19382
5,318,19385
5,319,19570
5,320,19607
5,321,19619
5,322,19645
5,323,19664
5,324,19678
5,325,19687
5,326,19693
5,327,19766
5,328,19793
5,329,19803
5,330,19832
5,331,19955
5,332,19989
5,333,20020
5,334,20034
5,335,20158
5,336,20173
5,337,20178
5,338,20283
5,339,20540
5,340,20607
5,341,20644
5,342,20709
5,343,20737
5,344,20750
5,345,20829
5,346,20918
5,347,20948
5,348,21121
5,349,21137
5,350,21151
5,351,21316
5,352,21408
5,353,21544
5,354,21573
5,355,21591
5,356,21592
5,357,21632
5,358,21717
5,359,21718
5,360,21736
5,361,21794
5,362,21895
5,363,21984
5,364,21998
5,365,22135
5,366,22166
5,367,22181
5,368,22205
5,369,22396
5,370,22526
5,371,22599
5,372,22625
5,373,22627
5,374,22631
5,375,22680
5,376,22719
5,377,22733
5,378,22761
5,379,22875
5,380,23023
5,381,23108
5,382,23160
5,383,23373
5,384,23408
5,385,23416
5,386,23462
5,387,23517
5,388,23522
5,389,23678
5,390,23692
5,391,23746
5,392,23948
5,393,23985
5,394,24041
5,395,24160
5,396,24197
5,397,24346
5,398,24422
5,399,24440
5,400,24447
5,401,24475
5,402,24544
5,403,24682
5,404,25053
5,405,25120
5,406,25250
5,407,25254
5,408,25268
5,409,25299
5,410,25346
5,411,25369
5,412,25370
5,413,25404
5,414,25411
5,415,25424
5,416,25454
5,417,25469
5,418,25502
5,419,25585
5,420,25604
5,421,25684
5,422,25796
5,423,25885
5,424,25897
5,425,25898
5,426,25899
5,427,25931
5,428,26060
5,429,26091
5,430,26115
5,431,26122
5,432,26134
5,433,26140
5,434,26232
5,435,26328
5,436,26373
5,437,26447
5,438,26686
5,439,26759
5,440,26910
5,441,26942
5,442,26960
5,443,26996
5,444,27104
5,445,27172
5,446,27179
5,447,27193
5,448,27213
5,449,27254
5,450,27274
5,451,27329
5,452,27389
5,453,27400
5,454,27438
5,455,27467
5,456,27566
5,457,27627
5,458,27765
5,459,27819
5,460,27883
5,461,27884
5,462,27907
5,463,27915
5,464,27946
5,465,28004
5,466,28016
5,467,28126
5,468,28229
5,469,28301
5,470,28325
5,471,28405
5,472,28407
5,473,28453
5,474,28524
5,475,28536
5,476,28557
5,477,28627
5,478,28660
5,479,28700
5,480,28845
5,481,28879
5,482,28884
5,483,29039
5,484,29054
5,485,29055
5,486,29062
5,487,29169
5,488,29213
5,489,29219
5,490,29255
5,491,29337
5,492,29429
5,493,29453
5,494,29607
5,495,29771
5,496,29794
5,497,29844
5,498,29855
5,499,29908
5,500,29919
5,501,29962
5,502,29983
5,503,30082
5,504,30176
5,505,30196
5,506,30216
5,507,30246
5,508,30263
5,509,30289
5,510,30311
5,511,30334
5,512,30406
5,513,30475
5,514,30576
5,515,30578
5,516,30692
5,517,30752
5,518,30826
5,519,30883
5,520,30945
5,521,30980
5,522,31039
5,523,31109
5,524,31115
5,525,31147
5,526,31165
5,527,31220
5,528,31237
5,529,31273
5,530,31383
5,531,31539
5,532,31571
5,533,31598
5,534,31936
5,535,31940
5,536,31960
5,537,32088
5,538,32102
5,539,32148
5,540,32250
5,541,32308
5,542,32337
5,543,32389
5,544,32470
5,545,32480
5,546,32518
5,547,32522
5,548,32669
5,549,32796
5,550,32798
5,551,33147
5,552,33235
5,553,33327
5,554,33374
5,555,33496
5,556,33585
5,557,33635
5,558,33720
5,559,33791
5,560,33808
5,561,33860
5,562,33867
5,563,33874
5,564,33903
5,565,33979
5,566,34012
5,567,34026
5,568,34036
5,569,34092
5,570,34129
5,571,34296
5,572,34309
5,573,34420
5,574,34480
5,575,34546
5,576,34657
5,577,34864
5,578,34883
5,579,34920
5,580,35003
5,581,35156
5,582,35329
5,583,35339
5,584,35359
5,585,35387
5,586,35447
5,587,35688
5,588,35828
5,589,35840
5,590,35916
5,591,35930
5,592,35997
5,593,36014
5,594,36067
5,595,36097
5,596,36127
5,597,36217
5,598,36278
5,599,36318
5,600,36602
5,601,36617
5,602,36997
5,603,37026
5,604,37105
5,605,37163
5,606,37196
5,607,37249
5,608,37256
5,609,37293
5,610,37308
5,611,37357
5,612,37483
5,613,37581
5,614,37595
5,615,37641
5,616,37720
5,617,37729
5,618,37762
5,619,37797
5,620,37932
5,621,38294
5,622,38317
5,623,38482
5,624,38504
5,625,38550
5,626,38602
5,627,38760
5,628,38840
5,629,38938
5,630,39022
5,631,39060
5,632,39090
5,633,39104
5,634,39268
5,635,39422
5,636,39460
5,637,39612
5,638,39664
5,639,39757
5,640,39889
5,641,39896
5,642,39912
5,643,40014
5,644,40025
5,645,40110
5,646,40149
5,647,40196
5,648,40386
5,649,40396
5,650,40477
5,651,40523
5,652,40655
5,653,40678
5,654,40757
5,655,40808
5,656,40833
5,657,40846
5,658,40866
5,659,40896
5,660,40911
5,661,41042
5,662,41076
5,663,41137
5,664,41169
5,665,41175
5,666,41260
5,667,41376
5,668,41423
5,669,41449
5,670,41495
5,671,41595
5,672,41608
5,673,41702
5,674,41832
5,675,41862
5,676,41923
5,677,42016
5,678,42128
5,679,42166
5,680,42260
5,681,42304
5,682,42305
5,683,42392
5,684,42532
5,685,42651
5,686,42774
5,687,42794
5,688,42888
5,689,43080
5,690,43227
5,691,43229
5,692,43415
5,693,43420
5,694,43583
5,695,43610
5,696,43746
5,697,43773
5,698,43779
5,699,43871
5,700,43958
5,701,44015
5,702,44096
5,703,44262
5,704,44403
5,705,44491
5,706,44684
5,707,44712
5,708,44796
5,709,44805
5,710,44849
5,711,44935
5,712,44967
5,713,44983
5,714,45014
5,715,45021
5,716,45024
5,717,45025
5,718,45105
5,719,45219
5,720,45280
5,721,45339
5,722,45368
5,723,45414
5,724,45459
5,725,45557
5,726,45681
5,727,45759
5,728,45898
5,729,45996
5,730,46004
5,731,46045
5,732,46076
5,733,46082
5,734,46227
5,735,46243
5,736,46276
5,737,46306
5,738,46314
5,739,46424
5,740,46428
5,741,46483
5,742,46549
5,743,46585
5,744,46599
5,745,46631
5,746,46636
5,747,46651
5,748,46868
5,749,46923
5,750,46974
5,751,47013
5,752,47027
5,753,47036
5,754,47063
5,755,47115
5,756,47238
5,757,47283
5,758,47349
5,759,47535
5,760,47650
5,761,47675
5,762,47726
5,763,47732
5,764,47825
5,765,47850
5,766,47875
5,767,47882
5,768,48073
5,769,48106
5,770,48109
5,771,48122
5,772,48165
5,773,48184
5,774,48200
5,775,48326
5,776,48367
5,777,48380
5,778,48509
5,779,48741
5,780,48909
5,781,48938
5,782,48939
5,783,49013
5,784,49058
5,785,49106
5,786,49124
5,787,49213
5,788,49337
5,789,49344
5,790,49434
5,791,49462
5,792,49552
5,793,49578
5,794,49662
5,795,49667
5,796,49760
5,797,49953
5,798,50087
5,799,50262
5,800,50353
5,801,50421
5,802,50427
5,803,50477
5,804,50524
5,805,50673
5,806,50686
5,807,50742
5,808,50776
5,809,50872
5,810,50887
5,811,50897
5,812,51124
5,813,51283
5,814,51295
5,815,51363
5,816,51522
5,817,51540
5,818,51566
5,819,51610
5,820,51625
5,821,51817
5,822,52156
5,823,52199
5,824,52229
5,825,52252
5,826,52351
5,827,52380
5,828,52566
5,829,52571
5,830,52592
5,831,52667
5,832,52671
5,833,52708
5,834,52759
5,835,52879
5,836,52943
5,837,52988
5,838,53021
5,839,53174
5,840,53225
5,841,53290
5,842,53382
5,843,53430
5,844,53483
5,845,53529
5,846,53606
5,847,53629
5,848,53693
5,849,53783
5,850,53784
5,851,53951
5,852,53972
5,853,53975
5,854,54047
5,855,54122
5,856,54141
5,857,54185
5,858,54240
5,859,54295
5,860,54362
5,861,54446
5,862,54562
5,863,54580
5,864,54598
5,865,54716
5,866,54720
5,867,54738
5,868,54747
5,869,54801
5,870,54813
5,871,54921
5,872,54954
5,873,54971
5,874,55026
5,875,55028
5,876,55065
5,877,55092
5,878,55195
5,879,55219
5,880,55226
5,881,55287
5,882,55314
5,883,55425
5,884,55492
5,885,55847
5,886,55954
5,887,55978
5,888,55999
5,889,56004
5,890,56126
5,891,56226
5,892,56363
5,893,56482
5,894,56653
5,895,56655
5,896,56676
5,897,56826
5,898,56852
5,899,56859
5,900,56920
5,901,57121
5,902,57270
5,903,57477
5,904,57526
5,905,57619
5,906,57894
5,907,57900
5,908,57962
5,909,58120
5,910,58198
5,911,58317
5,912,58458
5,913,58474
5,914,58496
5,915,58547
5,916,58563
5,917,58594
5,918,58640
5,919,58745
5,920,58787
5,921,58791
5,922,58938
5,923,58982
5,924,59108
5,925,59129
5,926,59299
5,927,59352
5,928,59375
5,929,59483
5,930,59488
5,931,59565
5,932,59575
5,933,59633
5,934,59634
5,935,59645
5,936,59838
5,937,59925
5,938,60015
5,939,60119
5,940,60214
5,941,60243
5,942,60324
5,943,60385
5,944,60458
5,945,60546
5,946,60556
5,947,60646
5,948,60823
5,949,60902
5,950,61186
5,951,61192
5,952,61260
5,953,61296
5,954,61525
5,955,61546
5,956,61553
5,957,61620
5,958,61655
5,959,61734
5,960,61798
5,961,61802
5,962,61806
5,963,61820
5,964,61852
5,965,61895
5,966,61908
5,967,62001
5,968,62008
5,969,62016
5,970,62047
5,971,62099
5,972,62288
5,973,62295
5,974,62396
5,975,62403
5,976,62547
5,977,62665
5,978,62729
5,979,62832
5,980,62857
5,981,62984
5,982,63072
5,983,63170
5,984,63193
5,985,63194
5,986,63205
5,987,63290
5,988,63314
5,989,63422
5,990,63440
5,991,63482
5,992,63610
5,993,63689
5,994,63797
5,995,64041
5,996,64086
5,997,64108
5,998,64193
5,999,64206
5,1000,64298
5,1001,64304
5,1002,64324
5,1003,64372
5,1004,64430
5,1005,64454
5,1006,64524
5,1007,64548
5,1008,64622
5,1009,64759
5,1010,64778
5,1011,64804
5,1012,64872
5,1013,65082
5,1014,65115
5,1015,65116
5,1016,65118
5,1017,65121
5,1018,65146
5,1019,65344
5,1020,65350
5,1021,65404
5,1022,65409
5,1023,65411
6,0,232
6,1,253
6,2,298
6,3,330
6,4,370
6,5,503
6,6,592
6,7,657
6,8,696
6,9,753
6,10,864
6,11,901
6,12,1005
6,13,1039
6,14,1103
6,15,1117
6,16,1150
6,17,1282
6,18,1284
6,19,1292
6,20,1367
6,21,1419
6,22,1420
6,23,1429
6,24,1440
6,25,1512
6,26,1541
6,27,1597
6,28,1691
6,29,1736
6,30,1777
6,31,1906
6,32,1975
6,33,2069
6,34,2095
6,35,2098
6,36,2106
6,37,2109
6,38,2116
6,39,2174
6,40,2291
6,41,2310
6,42,2445
6,43,2476
6,44,2551
6,45,2587
6,46,2687
6,47,2887
6,48,2994
6,49,3039
6,50,3057
6,51,3089
6,52,3192
6,53,3299
6,54,3305
6,55,3306
6,56,3310
6,57,3379
6,58,3434
6,59,3496
6,60,3607
6,61,4207
6,62,4290
6,63,4362
6,64,4377
6,65,4412
6,66,4463
6,67,4502
6,68,4588
6,69,4603
6,70,4604
6,71,4654
6,72,4659
6,73,4744
6,74,4746
6,75,4873
6,76,4951
6,77,5002
6,78,5030
6,79,5032
6,80,5040
6,81,5177
6,82,5290
6,83,5312
6,84,5336
6,85,5364
6,86,5367
6,87,5413
6,88,5492
6,89,5519
6,90,5696
6,91,5729
6,92,5770
6,93,5837
6,94,6083
6,95,6086
6,96,6183
6,97,6278
6,98,6339
6,99,6602
6,100,6616
6,101,6673
6,102,6684
6,103,6698
6,104,6731
6,105,6743
6,106,6791
6,107,6802
6,108,6923
6,109,6973
6,110,6988
6,111,7048
6,112,7058
6,113,7088
6,114,7111
6,115,7268
6,116,7292
6,117,7544
6,118,7563
6,119,7695
6,120,7757
6,121,7834
6,122,7908
6,123,7925
6,124,8001
6,125,8091
6,126,8112
6,127,8154
6,128,8223
6,129,8315
6,130,8369
6,131,8378
6,132,8398
6,133,8407
6,134,8420
6,135,8515
6,136,8603
6,137,8626
6,138,8655
6,139,8887
6,140,8923
6,141,8993
6,142,9078
6,143,9138
6,144,9483
6,145,9508
6,146,9527
6,147,9557
6,148,9583
6,149,9595
6,150,9751
6,151,9769
6,152,9816
6,153,9819
6,154,9868
6,155,9925
6,156,10038
6,157,10042
6,158,10192
6,159,10262
6,160,10395
6,161,10472
6,162,10502
6,163,10624
6,164,10705
6,165,10796
6,166,10799
6,167,10892
6,168,10901
6,169,10922
6,170,11005
6,171,11189
6,172,11338
6,173,11421
6,174,11533
6,175,11666
6,176,11680
6,177,11681
6,178,11707
6,179,11808
6,180,11862
6,181,11942
6,182,11981
6,183,11987
6,184,12008
6,185,12157
6,186,12203
6,187,12255
6,188,12267
6,189,12271
6,190,12299
6,191,12345
6,192,12357
6,193,12405
6,194,12412
6,195,12553
6,196,12613
6,197,12762
6,198,12784
6,199,12791
6,200,12911
6,201,12928
6,202,12942
6,203,13088
6,204,13139
6,205,13165
6,206,13176
6,207,13202
6,208,13405
6,209,13519
6,210,13534
6,211,13624
6,212,13676
6,213,13707
6,214,13740
6,215,13751
6,216,13754
6,217,13796
6,218,13824
6,219,13878
6,220,13956
6,221,14127
6,222,14149
6,223,14359
6,224,14383
6,225,14473
6,226,14478
6,227,14483
6,228,14637
6,229,14638
6,230,14710
6,231,14764
6,232,14794
6,233,14797
6,234,14803
6,235,14875
6,236,14907
6,237,14963
6,238,15091
6,239,15094
6,240,15103
6,241,15252
6,242,15370
6,243,15505
6,244,15537
6,245,15583
6,246,15609
6,247,15677
6,248,15719
6,249,15723
6,250,15724
6,251,16042
6,252,16069
6,253,16207
6,254,16277
6,255,16315
6,256,16372
6,257,16377
6,258,16440
6,259,16486
6,260,16510
6,261,16540
6,262,16629
6,263,16696
6,264,16732
6,265,16784
6,266,16820
6,267,16883
6,268,16943
6,269,16991
6,270,16996
6,271,17077
6,272,17270
6,273,17274
6,274,17511
6,275,17512
6,276,17649
6,277,17742
6,278,17792
6,279,17869
6,280,17873
6,281,17988
6,282,18015
6,283,18139
6,284,18226
6,285,18230
6,286,18296
6,287,18324
6,288,18335
6,289,18388
6,290,18390
6,291,18491
6,292,18564
6,293,18791
6,294,18817
6,295,18842
6,296,18934
6,297,18986
6,298,19170
6,299,19189
6,300,19192
6,301,19305
6,302,19315
6,303,19329
6,304,19385
6,305,19428
6,306,19443
6,307,19444
6,308,19449
6,309,19476
6,310,19544
6,311,19561
6,312,19571
6,313,19587
6,314,19592
6,315,19644
6,316,19819
6,317,19867
6,318,19912
6,319,19933
6,320,20107
6,321,20182
6,322,20338
6,323,20478
6,324,20521
6,325,20522
6,326,20535
6,327,20590
6,328,20962
6,329,21066
6,330,21167
6,331,21192
6,332,21241
6,333,21258
6,334,21319
6,335,21402
6,336,21410
6,337,21465
6,338,21474
6,339,21503
6,340,21575
6,341,21725
6,342,21736
6,343,21793
6,344,21835
6,345,21925
6,346,21942
6,347,21980
6,348,21991
6,349,22055
6,350,22154
6,351,22191
6,352,22271
6,353,22319
6,354,22322
6,355,22362
6,356,22366
6,357,22480
6,358,22514
6,359,22802
6,360,22826
6,361,22899
6,362,22905
6,363,22934
6,364,22976
6,365,23080
6,366,23133
6,367,23142
6,368,23145
6,369,23206
6,370,23214
6,371,23238
6,372,23257
6,373,23355
6,374,23412
6,375,23651
6,376,23987
6,377,23992
6,378,24097
6,379,24101
6,380,24106
6,381,24313
6,382,24366
6,383,24424
6,384,24480
6,385,24523
6,386,24531
6,387,24588
6,388,24604
6,389,24678
6,390,24721
6,391,24856
6,392,24896
6,393,24917
6,394,24983
6,395,25019
6,396,25038
6,397,25223
6,398,25270
6,399,25272
6,400,25328
6,401,25351
6,402,25594
6,403,25629
6,404,25677
6,405,25811
6,406,25885
6,407,26000
6,408,26009
6,409,26013
6,410,26030
6,411,26032
6,412,26159
6,413,26237
6,414,26447
6,415,26491
6,416,26580
6,417,26586
6,418,26605
6,419,26631
6,420,26690
6,421,26712
6,422,26754
6,423,26887
6,424,26945
6,425,26965
6,426,26981
6,427,27007
6,428,27054
6,429,27199
6,430,27225
6,431,27242
6,432,27268
6,433,27287
6,434,27311
6,435,27349
6,436,27359
6,437,27379
6,438,27393
6,439,27570
6,440,27620
6,441,27690
6,442,27711
6,443,27839
6,444,27874
6,445,27912
6,446,27969
6,447,28083
6,448,28392
6,449,28402
6,450,28427
6,451,28433
6,452,28448
6,453,28482
6,454,28517
6,455,28521
6,456,28624
6,457,28661
6,458,28766
6,459,28871
6,460,28892
6,461,29018
6,462,29137
6,463,29243
6,464,29260
6,465,29287
6,466,29319
6,467,29359
6,468,29369
6,469,29457
6,470,29562
6,471,29596
6,472,29646
6,473,29687
6,474,29688
6,475,29802
6,476,29988
6,477,30077
6,478,30089
6,479,30121
6,480,30129
6,481,30171
6,482,30270
6,483,30363
6,484,30365
6,485,30512
6,486,30592
6,487,30716
6,488,30800
6,489,30832
6,490,30963
6,491,30987
6,492,31071
6,493,31101
6,494,31232
6,495,31244
6,496,31306
6,497,31335
6,498,31403
6,499,31571
6,500,31600
6,501,31640
6,502,31700
6,503,31729
6,504,31734
6,505,31795
6,506,31899
6,507,31907
6,508,32008
6,509,32189
6,510,32200
6,511,32256
6,512,32302
6,513,32309
6,514,32315
6,515,32379
6,516,32405
6,517,32449
6,518,32484
6,519,32493
6,520,32564
6,521,32762
6,522,32764
6,523,32791
6,524,32826
6,525,32857
6,526,32892
6,527,32944
6,528,32992
6,529,33016
6,530,33042
6,531,33053
6,532,33184
6,533,33227
6,534,33302
6,535,33459
6,536,33505
6,537,33569
6,538,33730
6,539,33750
6,540,33779
6,541,33928
6,542,33941
6,543,34004
6,544,34067
6,545,34107
6,546,34133
6,547,34288
6,548,34316
6,549,34357
6,550,34619
6,551,34759
6,552,34778
6,553,34793
6,554,34825
6,555,35004
6,556,35112
6,557,35184
6,558,35408
6,559,35450
6,560,35460
6,561,35566
6,562,35571
6,563,35578
6,564,35628
6,565,35646
6,566,35744
6,567,35776
6,568,35841
6,569,35860
6,570,36012
6,571,36024
6,572,36037
6,573,36057
6,574,36066
6,575,36070
6,576,36161
6,577,36171
6,578,36202
6,579,36209
6,580,36344
6,581,36487
6,582,36490
6,583,36543
6,584,36587
6,585,36599
6,586,36813
6,587,36815
6,588,36827
6,589,36844
6,590,36854
6,591,36979
6,592,37075
6,593,37078
6,594,37122
6,595,37240
6,596,37272
6,597,37697
6,598,37848
6,599,37854
6,600,38150
6,601,38321
6,602,38405
6,603,38414
6,604,38441
6,605,38579
6,606,38633
6,607,38669
6,608,38847
6,609,38878
6,610,38923
6,611,38954
6,612,39001
6,613,39017
6,614,39021
6,615,39041
6,616,39093
6,617,39138
6,618,39309
6,619,39354
6,620,39360
6,621,39382
6,622,39429
6,623,39646
6,624,39692
6,625,39755
6,626,39770
6,627,39954
6,628,39977
6,629,40071
6,630,40116
6,631,40149
6,632,40173
6,633,40186
6,634,40217
6,635,40262
6,636,40290
6,637,40427
6,638,40488
6,639,40634
6,640,40709
6,641,40796
6,642,40872
6,643,40887
6,644,41099
6,645,41120
6,646,41265
6,647,41285
6,648,41304
6,649,41336
6,650,41338
6,651,41372
6,652,41409
6,653,41456
6,654,41473
6,655,41552
6,656,41587
6,657,41610
6,658,41673
6,659,41722
6,660,41764
6,661,41873
6,662,41976
6,663,42021
6,664,42064
6,665,42081
6,666,42168
6,667,42184
6,668,42403
6,669,42494
6,670,42681
6,671,42738
6,672,42828
6,673,42875
6,674,42918
6,675,42997
6,676,43022
6,677,43057
6,678,43092
6,679,43218
6,680,43391
6,681,43394
6,682,43437
6,683,43488
6,684,43509
6,685,43640
6,686,43668
6,687,43739
6,688,43789
6,689,43846
6,690,43947
6,691,43958
6,692,44064
6,693,44066
6,694,44124
6,695,44166
6,696,44248
6,697,44349
6,698,44572
6,699,44625
6,700,44654
6,701,44768
6,702,44794
6,703,44810
6,704,44954
6,705,45191
6,706,45254
6,707,45313
6,708,45530
6,709,45587
6,710,45750
6,711,45756
6,712,45768
6,713,45942
6,714,45959
6,715,46069
6,716,46147
6,717,46163
6,718,46186
6,719,46331
6,720,46343
6,721,46355
6,722,46368
6,723,46384
6,724,46496
6,725,46511
6,726,46539
6,727,46642
6,728,46732
6,729,46990
6,730,47004
6,731,47039
6,732,47081
6,733,47084
6,734,47146
6,735,47215
6,736,47228
6,737,47385
6,738,47431
6,739,47489
6,740,47547
6,741,47549
6,742,47571
6,743,47653
6,744,47729
6,745,47767
6,746,47835
6,747,47921
6,748,47928
6,749,48006
6,750,48096
6,751,48126
6,752,48132
6,753,48194
6,754,48290
6,755,48383
6,756,48387
6,757,48700
6,758,48740
6,759,48764
6,760,48865
6,761,48891
6,762,48926
6,763,49298
6,764,49399
6,765,49411
6,766,49435
6,767,49485
6,768,49491
6,769,49664
6,770,49696
6,771,49804
6,772,49864
6,773,49967
6,774,49983
6,775,50073
6,776,50245
6,777,50293
6,778,50348
6,779,50482
6,780,50496
6,781,50518
6,782,50714
6,783,50809
6,784,50851
6,785,51071
6,786,51099
6,787,51141
6,788,51186
6,789,51218
6,790,51343
6,791,51353
6,792,51356
6,793,51372
6,794,51384
6,795,51555
6,796,51582
6,797,51587
6,798,51628
6,799,51680
6,800,51707
6,801,51712
6,802,51728
6,803,51783
6,804,51835
6,805,51929
6,806,51933
6,807,51947
6,808,52072
6,809,52081
6,810,52387
6,811,52438
6,812,52447
6,813,52480
6,814,52614
6,815,52746
6,816,52750
6,817,52816
6,818,52935
6,819,52949
6,820,53115
6,821,53135
6,822,53231
6,823,53233
6,824,53267
6,825,53332
6,826,53462
6,827,53687
6,828,53723
6,829,53856
6,830,53873
6,831,53876
6,832,53891
6,833,53920
6,834,53929
6,835,53948
6,836,54015
6,837,54029
6,838,54161
6,839,54351
6,840,54361
6,841,54479
6,842,54549
6,843,54603
6,844,54675
6,845,54701
6,846,54972
6,847,55015
6,848,55073
6,849,55134
6,850,55231
6,851,55245
6,852,55247
6,853,55272
6,854,55410
6,855,55427
6,856,55497
6,857,55574
6,858,55607
6,859,55646
6,860,55674
6,861,55825
6,862,55850
6,863,55860
6,864,55984
6,865,56031
6,866,56074
6,867,56120
6,868,56273
6,869,56333
6,870,56355
6,871,56386
6,872,56401
6,873,56418
6,874,56423
6,875,56426
6,876,56556
6,877,56736
6,878,56875
6,879,56906
6,880,56993
6,881,57001
6,882,57038
6,883,57047
6,884,57180
6,885,57273
6,886,57302
6,887,57340
6,888,57387
6,889,57405
6,890,57478
6,891,57550
6,892,57571
6,893,57598
6,894,57635
6,895,57684
6,896,58011
6,897,58023
6,898,58049
6,899,58073
6,900,58098
6,901,58111
6,902,58142
6,903,58200
6,904,58241
6,905,58353
6,906,58476
6,907,58501
6,908,58653
6,909,58685
6,910,58878
6,911,59052
6,912,59128
6,913,59170
6,914,59191
6,915,59241
6,916,59329
6,917,59358
6,918,59372
6,919,59589
6,920,59640
6,921,59735
6,922,59794
6,923,59804
6,924,59814
6,925,59915
6,926,59971
6,927,59978
6,928,60002
6,929,60022
6,930,60189
6,931,60225
6,932,60252
6,933,60255
6,934,60280
6,935,60300
6,936,60303
6,937,60304
6,938,60314
6,939,60315
6,940,60335
6,941,60351
6,942,60432
6,943,60480
6,944,60515
6,945,60525
6,946,60555
6,947,60578
6,948,60604
6,949,60741
6,950,60783
6,951,60865
6,952,60951
6,953,61167
6,954,61169
6,955,61218
6,956,61238
6,957,61316
6,958,61487
6,959,61534
6,960,61567
6,961,61597
6,962,61599
6,963,61670
6,964,61769
6,965,61784
6,966,61871
6,967,62047
6,968,62147
6,969,62176
6,970,62200
6,971,62274
6,972,62341
6,973,62347
6,974,62453
6,975,62608
6,976,62670
6,977,62693
6,978,62696
6,979,62702
6,980,62726
6,981,62823
6,982,62865
6,983,62878
6,984,62904
6,985,62935
6,986,63099
6,987,63150
6,988,63186
6,989,63199
6,990,63228
6,991,63266
6,992,63314
6,993,63365
6,994,63392
6,995,63523
6,996,63526
6,997,63529
6,998,63615
6,999,63664
6,1000,63702
6,1001,63818
6,1002,63837
6,1003,63875
6,1004,63882
6,1005,63941
6,1006,63986
6,1007,64202
6,1008,64328
6,1009,64405
6,1010,64418
6,1011,64449
6,1012,64459
6,1013,64599
6,1014,64618
6,1015,64629
6,1016,64705
6,1017,64713
6,1018,64817
6,1019,64887
6,1020,65065
6,1021,65158
6,1022,65181
6,1023,65490
7,0,109
7,1,160
7,2,219
7,3,234
7,4,247
7,5,305
7,6,406
7,7,630
7,8,654
7,9,689
7,10,718
7,11,746
7,12,866
7,13,871
7,14,887
7,15,958
7,16,974
7,17,1057
7,18,1099
7,19,1139
7,20,1155
7,21,1172
7,22,1201
7,23,1238
7,24,1239
7,25,1500
7,26,1583
7,27,1594
7,28,1880
7,29,1909
7,30,1929
7,31,1977
7,32,1993
7,33,2009
7,34,2051
7,35,2269
7,36,2345
7,37,2502
7,38,2515
7,39,2562
7,40,2614
7,41,2632
7,42,2669
7,43,2734
7,44,2791
7,45,2829
7,46,2872
7,47,3062
7,48,3074
7,49,3077
7,50,3238
7,51,3417
7,52,3426
7,53,3472
7,54,3495
7,55,3550
7,56,3572
7,57,3701
7,58,3709
7,59,3710
7,60,3743
7,61,3897
7,62,3960
7,63,3962
7,64,3994
7,65,4196
7,66,4364
7,67,4401
7,68,4450
7,69,4481
7,70,4495
7,71,4627
7,72,4631
7,73,4658
7,74,4717
7,75,4782
7,76,4786
7,77,4881
7,78,5018
7,79,5043
7,80,5062
7,81,5074
7,82,5206
7,83,5230
7,84,5274
7,85,5330
7,86,5354
7,87,5535
7,88,5586
7,89,5615
7,90,5712
7,91,5721
7,92,5722
7,93,5916
7,94,6077
7,95,6267
7,96,6298
7,97,6340
7,98,6354
7,99,6364
7,100,6528
7,101,6542
7,102,6755
7,103,6780
7,104,6827
7,105,6843
7,106,6849
7,107,7053
7,108,7109
7,109,7130
7,110,7203
7,111,7230
7,112,7354
7,113,7445
7,114,7569
7,115,7616
7,116,7738
7,117,7747
7,118,7901
7,119,7994
7,120,8028
7,121,8039
7,122,8040
7,123,8162
7,124,8384
7,125,8403
7,126,8489
7,127,8542
7,128,8554
7,129,8755
7,130,8767
7,131,8770
7,132,8908
7,133,8952
7,134,8988
7,135,8989
7,136,9060
7,137,9078
7,138,9333
7,139,9337
7,140,9390
7,141,9416
7,142,9454
7,143,9465
7,144,9525
7,145,9546
7,146,9619
7,147,9648
7,148,9727
7,149,9732
7,150,9813
7,151,9995
7,152,10012
7,153,10104
7,154,10133
7,155,10149
7,156,10196
7,157,10257
7,158,10300
7,159,10352
7,160,10363
7,161,10517
7,162,10522
7,163,10524
7,164,10532
7,165,10596
7,166,10632
7,167,10693
7,168,10833
7,169,10878
7,170,11163
7,171,11182
7,172,11242
7,173,11353
7,174,11423
7,175,11481
7,176,11485
7,177,11489
7,178,11695
7,179,11706
7,180,11807
7,181,11843
7,182,11855
7,183,12004
7,184,12140
7,185,12154
7,186,12211
7,187,12253
7,188,12283
7,189,12422
7,190,12440
7,191,12455
7,192,12483
7,193,12511
7,194,12515
7,195,12580
7,196,12641
7,197,12673
7,198,12693
7,199,12805
7,200,12809
7,201,12903
7,202,12978
7,203,13033
7,204,13117
7,205,13229
7,206,13230
7,207,13252
7,208,13275
7,209,13362
7,210,13662
7,211,13703
7,212,13742
7,213,13794
7,214,13890
7,215,13925
7,216,13942
7,217,14016
7,218,14020
7,219,14047
7,220,14079
7,221,14088
7,222,14115
7,223,14174
7,224,14212
7,225,14260
7,226,14266
7,227,14284
7,228,14398
7,229,14408
7,230,14409
7,231,14471
7,232,14479
7,233,14547
7,234,14661
7,235,14718
7,236,14880
7,237,14950
7,238,14968
7,239,15021
7,240,15173
7,241,15313
7,242,15372
7,243,15460
7,244,15642
7,245,15828
7,246,15831
7,247,15895
7,248,16100
7,249,16142
7,250,16243
7,251,16315
7,252,16401
7,253,16487
7,254,16560
7,255,16698
7,256,16887
7,257,16925
7,258,16949
7,259,17025
7,260,17059
7,261,17153
7,262,17190
7,263,17231
7,264,17281
7,265,17282
7,266,17389
7,267,17454
7,268,17542
7,269,17576
7,270,17581
7,271,17698
7,272,17736
7,273,17782
7,274,17838
7,275,18028
7,276,18108
7,277,18196
7,278,18204
7,279,18258
7,280,18302
7,281,18344
7,282,18352
7,283,18355
7,284,18418
7,285,18586
7,286,18626
7,287,18716
7,288,18750
7,289,18910
7,290,18972
7,291,18973
7,292,19154
7,293,19276
7,294,19321
7,295,19342
7,296,19377
7,297,19405
7,298,19609
7,299,19708
7,300,19723
7,301,19759
7,302,19873
7,303,19981
7,304,20048
7,305,20181
7,306,20286
7,307,20374
7,308,20498
7,309,20544
7,310,20573
7,311,20599
7,312,20604
7,313,20753
7,314,20784
7,315,20855
7,316,20861
7,317,20887
7,318,20968
7,319,21068
7,320,21110
7,321,21651
7,322,21688
7,323,21828
7,324,21879
7,325,21919
7,326,22035
7,327,22078
7,328,22096
7,329,22223
7,330,22368
7,331,22559
7,332,22580
7,333,22668
7,334,22697
7,335,22955
7,336,23164
7,337,23189
7,338,23336
7,339,23340
7,340,23385
7,341,23407
7,342,23445
7,343,23482
7,344,23539
7,345,23578
7,346,23612
7,347,23771
7,348,23820
7,349,23892
7,350,24027
7,351,24101
7,352,24104
7,353,24121
7,354,24147
7,355,24193
7,356,24270
7,357,24292
7,358,24297
7,359,24505
7,360,24531
7,361,24629
7,362,24663
7,363,24709
7,364,24754
7,365,24787
7,366,24800
7,367,25030
7,368,25077
7,369,25083
7,370,25172
7,371,25193
7,372,25238
7,373,25310
7,374,25356
7,375,25423
7,376,25462
7,377,25610
7,378,25611
7,379,25678
7,380,25896
7,381,25959
7,382,25961
7,383,26213
7,384,26224
7,385,26259
7,386,26291
7,387,26357
7,388,26558
7,389,26582
7,390,26643
7,391,26936
7,392,26954
7,393,26980
7,394,27060
7,395,27062
7,396,27067
7,397,27086
7,398,27121
7,399,27211
7,400,27237
7,401,27304
7,402,27324
7,403,27345
7,404,27350
7,405,27406
7,406,27471
7,407,27515
7,408,27612
7,409,27680
7,410,27704
7,411,27843
7,412,28010
7,413,28094
7,414,28182
7,415,28256
7,416,28317
7,417,28415
7,418,28432
7,419,28440
7,420,28470
7,421,28476
7,422,28488
7,423,28506
7,424,28536
7,425,28748
7,426,28844
7,427,28904
7,428,28907
7,429,28934
7,430,28981
7,431,29175
7,432,29213
7,433,29221
7,434,29293
7,435,29357
7,436,29375
7,437,29378
7,438,29384
7,439,29387
7,440,29540
7,441,29571
7,442,29658
7,443,29822
7,444,29832
7,445,29862
7,446,29896
7,447,29927
7,448,29930
7,449,29949
7,450,29979
7,451,30088
7,452,30101
7,453,30104
7,454,30168
7,455,30231
7,456,30267
7,457,30340
7,458,30346
7,459,30374
7,460,30547
7,461,30631
7,462,30691
7,463,30704
7,464,30750
7,465,30763
7,466,30823
7,467,30897
7,468,30972
7,469,31020
7,470,31051
7,471,31147
7,472,31166
7,473,31269
7,474,31378
7,475,31428
7,476,31441
7,477,31450
7,478,31512
7,479,31563
7,480,31654
7,481,31670
7,482,31681
7,483,31814
7,484,31860
7,485,31890
7,486,31913
7,487,32056
7,488,32075
7,489,32137
7,490,32147
7,491,32165
7,492,32246
7,493,32291
7,494,32359
7,495,32401
7,496,32426
7,497,32492
7,498,32546
7,499,32572
7,500,32758
7,501,32795
7,502,32874
7,503,32918
7,504,32951
7,505,33122
7,506,33175
7,507,33181
7,508,33245
7,509,33381
7,510,33395
7,511,33406
7,512,33514
7,513,33588
7,514,33923
7,515,33939
7,516,33972
7,517,34001
7,518,34004
7,519,34031
7,520,34182
7,521,34246
7,522,34390
7,523,34447
7,524,34561
7,525,34654
7,526,34714
7,527,34788
7,528,34895
7,529,35004
7,530,35225
7,531,35273
7,532,35310
7,533,35315
7,534,35372
7,535,35420
7,536,35423
7,537,35488
7,538,35688
7,539,35822
7,540,35925
7,541,35984
7,542,36003
7,543,36086
7,544,36096
7,545,36150
7,546,36176
7,547,36195
7,548,36345
7,549,36579
7,550,36600
7,551,36605
7,552,36632
7,553,36794
7,554,36839
7,555,36885
7,556,36918
7,557,36964
7,558,36965
7,559,36967
7,560,37030
7,561,37051
7,562,37088
7,563,37141
7,564,37158
7,565,37436
7,566,37446
7,567,37480
7,568,37505
7,569,37537
7,570,37586
7,571,37643
7,572,37741
7,573,37803
7,574,37897
7,575,37937
7,576,37952
7,577,38186
7,578,38202
7,579,38226
7,580,38289
7,581,38468
7,582,38578
7,583,38631
7,584,38650
7,585,38717
7,586,38727
7,587,38733
7,588,38841
7,589,38927
7,590,38934
7,591,38958
7,592,38960
7,593,39002
7,594,39004
7,595,39040
7,596,39070
7,597,39089
7,598,39325
7,599,39433
7,600,39525
7,601,39543
7,602,39594
7,603,39630
7,604,39688
7,605,40041
7,606,40196
7,607,40279
7,608,40290
7,609,40295
7,610,40316
7,611,40479
7,612,40668
7,613,40711
7,614,40759
7,615,40815
7,616,40841
7,617,40927
7,618,41020
7,619,41060
7,620,41104
7,621,41166
7,622,41225
7,623,41235
7,624,41258
7,625,41264
7,626,41300
7,627,41312
7,628,41320
7,629,41348
7,630,41383
7,631,41443
7,632,41619
7,633,41728
7,634,41771
7,635,41860
7,636,41880
7,637,41892
7,638,41926
7,639,42046
7,640,42051
7,641,42102
7,642,42143
7,643,42156
7,644,42198
7,645,42213
7,646,42220
7,647,42226
7,648,42319
7,649,42348
7,650,42349
7,651,42463
7,652,42612
7,653,42643
7,654,42710
7,655,42716
7,656,42798
7,657,42834
7,658,42866
7,659,42940
7,660,43016
7,661,43018
7,662,43120
7,663,43154
7,664,43171
7,665,43237
7,666,43320
7,667,43378
7,668,43408
7,669,43418
7,670,43435
7,671,43446
7,672,43487
7,673,43548
7,674,43595
7,675,43638
7,676,43736
7,677,43764
7,678,43886
7,679,43913
7,680,43932
7,681,43943
7,682,44069
7,683,44120
7,684,44133
7,685,44155
7,686,44389
7,687,44435
7,688,44512
7,689,44596
7,690,44617
7,691,44766
7,692,44845
7,693,44856
7,694,44858
7,695,44923
7,696,45003
7,697,45026
7,698,45069
7,699,45165
7,700,45167
7,701,45223
7,702,45374
7,703,45531
7,704,45534
7,705,45663
7,706,45718
7,707,45766
7,708,45902
7,709,45926
7,710,46020
7,711,46296
7,712,46376
7,713,46407
7,714,46495
7,715,46548
7,716,46552
7,717,46626
7,718,46632
7,719,46691
7,720,46813
7,721,46854
7,722,46941
7,723,47009
7,724,47037
7,725,47061
7,726,47066
7,727,47145
7,728,47183
7,729,47326
7,730,47372
7,731,47535
7,732,47546
7,733,47564
7,734,47645
7,735,47696
7,736,47707
7,737,47725
7,738,47756
7,739,47776
7,740,47784
7,741,47817
7,742,47857
7,743,47869
7,744,47968
7,745,48015
7,746,48149
7,747,48172
7,748,48307
7,749,48322
7,750,48327
7,751,48352
7,752,48459
7,753,48560
7,754,48649
7,755,48695
7,756,48783
7,757,48795
7,758,48801
7,759,49031
7,760,49076
7,761,49167
7,762,49177
7,763,49216
7,764,49235
7,765,49246
7,766,49266
7,767,49410
7,768,49455
7,769,49467
7,770,49520
7,771,49579
7,772,49659
7,773,49714
7,774,49935
7,775,49973
7,776,50112
7,777,50128
7,778,50211
7,779,50256
7,780,50272
7,781,50361
7,782,50370
7,783,50387
7,784,50449
7,785,50470
7,786,50489
7,787,50528
7,788,50530
7,789,50657
7,790,50681
7,791,50710
7,792,50743
7,793,50773
7,794,50776
7,795,50803
7,796,50840
7,797,50982
7,798,51046
7,799,51055
7,800,51107
7,801,51120
7,802,51173
7,803,51196
7,804,51231
7,805,51275
7,806,51284
7,807,51427
7,808,51478
7,809,51536
7,810,51548
7,811,51612
7,812,51759
7,813,51802
7,814,51856
7,815,51899
7,816,52047
7,817,52072
7,818,52129
7,819,52209
7,820,52273
7,821,52431
7,822,52458
7,823,52492
7,824,52503
7,825,52519
7,826,52539
7,827,52659
7,828,52841
7,829,52849
7,830,52987
7,831,53044
7,832,53064
7,833,53114
7,834,53206
7,835,53223
7,836,53229
7,837,53505
7,838,53538
7,839,53539
7,840,53557
7,841,53601
7,842,53606
7,843,53808
7,844,54055
7,845,54198
7,846,54199
7,847,54295
7,848,54327
7,849,54365
7,850,54367
7,851,54606
7,852,54645
7,853,54658
7,854,54664
7,855,54798
7,856,54815
7,857,54834
7,858,54844
7,859,54992
7,860,55123
7,861,55218
7,862,55278
7,863,55286
7,864,55324
7,865,55335
7,866,55381
7,867,55400
7,868,55442
7,869,55444
7,870,55475
7,871,55477
7,872,55478
7,873,55486
7,874,55614
7,875,55620
7,876,55742
7,877,55756
7,878,55794
7,879,55806
7,880,55925
7,881,56136
7,882,56177
7,883,56214
7,884,56244
7,885,56252
7,886,56331
7,887,56568
7,888,56636
7,889,56775
7,890,56899
7,891,56903
7,892,56913
7,893,56996
7,894,57066
7,895,57138
7,896,57145
7,897,57177
7,898,57281
7,899,57346
7,900,57403
7,901,57455
7,902,57599
7,903,57919
7,904,57946
7,905,58023
7,906,58054
7,907,58058
7,908,58184
7,909,58211
7,910,58413
7,911,58422
7,912,58424
7,913,58443
7,914,58581
7,915,58589
7,916,58608
7,917,58624
7,918,58630
7,919,58697
7,920,58744
7,921,58798
7,922,58811
7,923,58812
7,924,58867
7,925,58888
7,926,59013
7,927,59059
7,928,59076
7,929,59210
7,930,59214
7,931,59217
7,932,59248
7,933,59341
7,934,59386
7,935,59451
7,936,59459
7,937,59520
7,938,59521
7,939,59545
7,940,59578
7,941,59603
7,942,59672
7,943,59750
7,944,59782
7,945,59791
7,946,59816
7,947,59950
7,948,59952
7,949,59969
7,950,60027
7,951,60058
7,952,60204
7,953,60307
7,954,60343
7,955,60586
7,956,60600
7,957,61237
7,958,61260
7,959,61267
7,960,61431
7,961,61564
7,962,61575
7,963,61706
7,964,61814
7,965,61816
7,966,61940
7,967,61973
7,968,62122
7,969,62221
7,970,62249
7,971,62320
7,972,62341
7,973,62475
7,974,62500
7,975,62524
7,976,62556
7,977,62600
7,978,62645
7,979,62702
7,980,62707
7,981,62725
7,982,62820
7,983,62855
7,984,62954
7,985,63148
7,986,63186
7,987,63198
7,988,63218
7,989,63219
7,990,63428
7,991,63596
7,992,63880
7,993,63957
7,994,63958
7,995,63988
7,996,64085
7,997,64108
7,998,64139
7,999,64218
7,1000,64310
7,1001,64391
7,1002,64429
7,1003,64547
7,1004,64577
7,1005,64580
7,1006,64594
7,1007,64609
7,1008,64639
7,1009,64680
7,1010,64732
7,1011,64779
7,1012,64886
7,1013,65010
7,1014,65116
7,1015,65203
7,1016,65251
7,1017,65254
7,1018,65271
7,1019,65273
7,1020,65281
7,1021,65345
7,1022,65479
7,1023,65482
8,0,30
8,1,57
8,2,172
8,3,276
8,4,352
8,5,364
8,6,465
8,7,549
8,8,591
8,9,599
8,10,664
8,11,730
8,12,880
8,13,924
8,14,936
8,15,1006
8,16,1182
8,17,1304
8,18,1313
8,19,1319
8,20,1350
8,21,1391
8,22,1483
8,23,1509
8,24,1611
8,25,1800
8,26,1927
8,27,1947
8,28,1972
8,29,1990
8,30,2017
8,31,2021
8,32,2074
8,33,2117
8,34,2146
8,35,2335
8,36,2368
8,37,2397
8,38,2410
8,39,2479
8,40,2483
8,41,2544
8,42,2613
8,43,2678
8,44,2773
8,45,2797
8,46,2811
8,47,2836
8,48,2837
8,49,2842
8,50,2926
8,51,3027
8,52,3061
8,53,3088
8,54,3097
8,55,3100
8,56,3229
8,57,3252
8,58,3259
8,59,3282
8,60,3290
8,61,3295
8,62,3344
8,63,3391
8,64,3456
8,65,3577
8,66,3670
8,67,3709
8,68,3733
8,69,3804
8,70,3837
8,71,3879
8,72,3887
8,73,3952
8,74,3956
8,75,3992
8,76,4029
8,77,4117
8,78,4152
8,79,4175
8,80,4242
8,81,4267
8,82,4297
8,83,4430
8,84,4503
8,85,4524
8,86,4552
8,87,4572
8,88,4580
8,89,4613
8,90,4661
8,91,4662
8,92,4872
8,93,4888
8,94,5038
8,95,5092
8,96,5118
8,97,5132
8,98,5251
8,99,5345
8,100,5429
8,101,5524
8,102,5538
8,103,5656
8,104,5700
8,105,5745
8,106,5828
8,107,6226
8,108,6269
8,109,6353
8,110,6810
8,111,6849
8,112,6856
8,113,6868
8,114,6950
8,115,6970
8,116,6985
8,117,7018
8,118,7024
8,119,7175
8,120,7226
8,121,7325
8,122,7394
8,123,7497
8,124,7517
8,125,7521
8,126,7605
8,127,7607
8,128,7655
8,129,7671
8,130,7672
8,131,7761
8,132,7763
8,133,7854
8,134,7869
8,135,7875
8,136,8001
8,137,8029
8,138,8050
8,139,8063
8,140,8067
8,141,8112
8,142,8137
8,143,8350
8,144,8364
8,145,8381
8,146,8529
8,147,8579
8,148,8586
8,149,8645
8,150,8737
8,151,8789
8,152,8816
8,153,8954
8,154,8975
8,155,8977
8,156,8994
8,157,9021
8,158,9037
8,159,9047
8,160,9053
8,161,9098
8,162,9440
8,163,9443
8,164,9577
8,165,9614
8,166,9648
8,167,9662
8,168,9742
8,169,9802
8,170,9808
8,171,9834
8,172,9925
8,173,9981
8,174,9982
8,175,9999
8,176,10035
8,177,10092
8,178,10094
8,179,10128
8,180,10270
8,181,10312
8,182,10566
8,183,10811
8,184,10820
8,185,11041
8,186,11147
8,187,11224
8,188,11385
8,189,11400
8,190,11449
8,191,11466
8,192,11494
8,193,11499
8,194,11532
8,195,11569
8,196,11577
8,197,11684
8,198,11704
8,199,11719
8,200,11757
8,201,11847
8,202,11986
8,203,12063
8,204,12128
8,205,12180
8,206,12238
8,207,12330
8,208,12357
8,209,12374
8,210,12585
8,211,12746
8,212,12752
8,213,12838
8,214,12851
8,215,12873
8,216,12900
8,217,13008
8,218,13075
8,219,13131
8,220,13140
8,221,13148
8,222,13189
8,223,13228
8,224,13333
8,225,13355
8,226,13384
8,227,13478
8,228,13485
8,229,13518
8,230,13550
8,231,13556
8,232,13591
8,233,13594
8,234,13736
8,235,13789
8,236,13839
8,237,14037
8,238,14107
8,239,14127
8,240,14154
8,241,14176
8,242,14205
8,243,14234
8,244,14240
8,245,14247
8,246,14398
8,247,14461
8,248,14485
8,249,14566
8,250,14636
8,251,14820
8,252,14828
8,253,14846
8,254,14851
8,255,15053
8,256,15140
8,257,15203
8,258,15251
8,259,15266
8,260,15362
8,261,15419
8,262,15521
8,263,15566
8,264,15605
8,265,15813
8,266,15959
8,267,16167
8,268,16210
8,269,16285
8,270,16289
8,271,16437
8,272,16479
8,273,16513
8,274,16608
8,275,16630
8,276,16659
8,277,16680
8,278,16727
8,279,16772
8,280,16853
8,281,16881
8,282,16950
8,283,16963
8,284,17084
8,285,17168
8,286,17234
8,287,17242
8,288,17473
8,289,17561
8,290,17614
8,291,17660
8,292,17690
8,293,17708
8,294,17724
8,295,17737
8,296,17887
8,297,17944
8,298,18137
8,299,18461
8,300,18502
8,301,18520
8,302,18550
8,303,18559
8,304,18569
8,305,18861
8,306,19007
8,307,19054
8,308,19091
8,309,19428
8,310,19500
8,311,19564
8,312,19572
8,313,19623
8,314,19674
8,315,19687
8,316,19821
8,317,19861
8,318,19971
8,319,19981
8,320,20012
8,321,20069
8,322,20106
8,323,20280
8,324,20303
8,325,20315
8,326,20397
8,327,20402
8,328,20468
8,329,20647
8,330,20668
8,331,20744
8,332,20840
8,333,20970
8,334,20999
8,335,21033
8,336,21156
8,337,21312
8,338,21366
8,339,21394
8,340,21468
8,341,21481
8,342,21590
8,343,21692
8,344,21695
8,345,21739
8,346,21776
8,347,21972
8,348,21990
8,349,22187
8,350,22401
8,351,22405
8,352,22506
8,353,22614
8,354,22733
8,355,22742
8,356,22751
8,357,22775
8,358,22798
8,359,22825
8,360,22864
8,361,22875
8,362,22946
8,363,23027
8,364,23061
8,365,23089
8,366,23093
8,367,23130
8,368,23189
8,369,23252
8,370,23265
8,371,23347
8,372,23354
8,373,23419
8,374,23516
8,375,23632
8,376,23754
8,377,23873
8,378,23920
8,379,24175
8,380,24188
8,381,24301
8,382,24317
8,383,24429
8,384,24441
8,385,24454
8,386,24665
8,387,24683
8,388,24717
8,389,24727
8,390,24789
8,391,24811
8,392,24833
8,393,24985
8,394,25084
8,395,25099
8,396,25125
8,397,25239
8,398,25268
8,399,25291
8,400,25302
8,401,25303
8,402,25346
8,403,25357
8,404,25504
8,405,25613
8,406,25624
8,407,25643
8,408,25662
8,409,25776
8,410,25798
8,411,25855
8,412,25888
8,413,26238
8,414,26240
8,415,26383
8,416,26414
8,417,26558
8,418,26580
8,419,26603
8,420,26700
8,421,26719
8,422,26863
8,423,27026
8,424,27044
8,425,27067
8,426,27071
8,427,27103
8,428,27114
8,429,27119
8,430,27132
8,431,27137
8,432,27205
8,433,27502
8,434,27504
8,435,27539
8,436,27571
8,437,27584
8,438,27595
8,439,27619
8,440,27660
8,441,27789
8,442,27910
8,443,27912
8,444,28101
8,445,28247
8,446,28459
8,447,28589
8,448,28653
8,449,28676
8,450,28681
8,451,28945
8,452,28953
8,453,28997
8,454,29038
8,455,29067
8,456,29076
8,457,29106
8,458,29121
8,459,29210
8,460,29365
8,461,29412
8,462,29484
8,463,29573
8,464,29607
8,465,29716
8,466,29786
8,467,29828
8,468,29925
8,469,29933
8,470,29991
8,471,30013
8,472,30055
8,473,30060
8,474,30069
8,475,30168
8,476,30281
8,477,30306
8,478,30347
8,479,30358
8,480,30406
8,481,30445
8,482,30614
8,483,30634
8,484,30685
8,485,30689
8,486,30729
8,487,30744
8,488,30796
8,489,30924
8,490,31006
8,491,31032
8,492,31047
8,493,31223
8,494,31260
8,495,31354
8,496,31403
8,497,31441
8,498,31514
8,499,31581
8,500,31685
8,501,31757
8,502,31859
8,503,31863
8,504,31963
8,505,31991
8,506,31994
8,507,32014
8,508,32098
8,509,32100
8,510,32144
8,511,32161
8,512,32197
8,513,32246
8,514,32362
8,515,32388
8,516,32561
8,517,32637
8,518,32686
8,519,32739
8,520,32765
8,521,32784
8,522,33028
8,523,33114
8,524,33157
8,525,33196
8,526,33309
8,527,33335
8,528,33369
8,529,33468
8,530,33696
8,531,33755
8,532,33789
8,533,33849
8,534,33938
8,535,33958
8,536,34030
8,537,34048
8,538,34064
8,539,34127
8,540,34274
8,541,34392
8,542,34473
8,543,34512
8,544,34576
8,545,34714
8,546,34774
8,547,34805
8,548,34823
8,549,34861
8,550,34975
8,551,35025
8,552,35147
8,553,35179
8,554,35259
8,555,35327
8,556,35348
8,557,35394
8,558,35425
8,559,35598
8,560,35614
8,561,35635
8,562,35714
8,563,35810
8,564,35962
8,565,35990
8,566,36119
8,567,36140
8,568,36182
8,569,36391
8,570,36424
8,571,36425
8,572,36734
8,573,36927
8,574,36976
8,575,36989
8,576,36998
8,577,37081
8,578,37126
8,579,37141
8,580,37154
8,581,37163
8,582,37285
8,583,37297
8,584,37406
8,585,37454
8,586,37529
8,587,37588
8,588,37770
8,589,37864
8,590,38090
8,591,38107
8,592,38269
8,593,38318
8,594,38328
8,595,38345
8,596,38350
8,597,38510
8,598,38539
8,599,38635
8,600,38679
8,601,38693
8,602,38698
8,603,38709
8,604,38723
8,605,39068
8,606,39129
8,607,39193
8,608,39304
8,609,39366
8,610,39374
8,611,39436
8,612,39525
8,613,39553
8,614,39568
8,615,39692
8,616,39700
8,617,39811
8,618,39933
8,619,39968
8,620,40140
8,621,40383
8,622,40479
8,623,40496
8,624,40498
8,625,40537
8,626,40636
8,627,40774
8,628,40824
8,629,41220
8,630,41444
8,631,41502
8,632,41505
8,633,41657
8,634,41694
8,635,41730
8,636,41747
8,637,41761
8,638,41836
8,639,41871
8,640,41895
8,641,41971
8,642,41985
8,643,42033
8,644,42347
8,645,42352
8,646,42519
8,647,42601
8,648,42608
8,649,42753
8,650,42784
8,651,42854
8,652,42867
8,653,42936
8,654,42957
8,655,42994
8,656,43116
8,657,43197
8,658,43252
8,659,43281
8,660,43335
8,661,43391
8,662,43440
8,663,43482
8,664,43483
8,665,43487
8,666,43602
8,667,43666
8,668,43671
8,669,43761
8,670,43796
8,671,43909
8,672,43939
8,673,43950
8,674,44003
8,675,44019
8,676,44211
8,677,44254
8,678,44272
8,679,44328
8,680,44362
8,681,44394
8,682,44452
8,683,44502
8,684,44508
8,685,44546
8,686,44693
8,687,44721
8,688,44782
8,689,44817
8,690,44906
8,691,44925
8,692,44993
8,693,45149
8,694,45172
8,695,45201
8,696,45306
8,697,45325
8,698,45365
8,699,45768
8,700,45811
8,701,45916
8,702,45930
8,703,45934
8,704,45996
8,705,46036
8,706,46052
8,707,46311
8,708,46481
8,709,46671
8,710,46727
8,711,46805
8,712,46820
8,713,46877
8,714,46942
8,715,47075
8,716,47104
8,717,47155
8,718,47333
8,719,47433
8,720,47464
8,721,47552
8,722,47630
8,723,47671
8,724,47778
8,725,47856
8,726,47919
8,727,47920
8,728,47959
8,729,48019
8,730,48091
8,731,48229
8,732,48264
8,733,48286
8,734,48290
8,735,48563
8,736,48655
8,737,48677
8,738,48881
8,739,48918
8,740,48972
8,741,49024
8,742,49145
8,743,49163
8,744,49192
8,745,49386
8,746,49453
8,747,49484
8,748,49521
8,749,49541
8,750,49570
8,751,49737
8,752,49758
8,753,49813
8,754,49821
8,755,49858
8,756,49891
8,757,50016
8,758,50049
8,759,50070
8,760,50096
8,761,50180
8,762,50239
8,763,50299
8,764,50331
8,765,50354
8,766,50511
8,767,50512
8,768,50528
8,769,50545
8,770,50556
8,771,50605
8,772,50641
8,773,50654
8,774,50821
8,775,50875
8,776,50877
8,777,50955
8,778,50964
8,779,51007
8,780,51027
8,781,51057
8,782,51125
8,783,51162
8,784,51192
8,785,51197
8,786,51299
8,787,51369
8,788,51379
8,789,51552
8,790,51574
8,791,51686
8,792,51729
8,793,51735
8,794,51851
8,795,51871
8,796,51943
8,797,51954
8,798,52018
8,799,52035
8,800,52045
8,801,52121
8,802,52126
8,803,52278
8,804,52370
8,805,52429
8,806,52445
8,807,52530
8,808,52628
8,809,52802
8,810,52874
8,811,52888
8,812,52936
8,813,52968
8,814,52985
8,815,53056
8,816,53237
8,817,53292
8,818,53469
8,819,53471
8,820,53495
8,821,53507
8,822,53570
8,823,53602
8,824,53639
8,825,53665
8,826,53723
8,827,53739
8,828,53788
8,829,53794
8,830,53854
8,831,53865
8,832,53882
8,833,53932
8,834,53938
8,835,54161
8,836,54169
8,837,54213
8,838,54331
8,839,54341
8,840,54379
8,841,54419
8,842,54448
8,843,54454
8,844,54470
8,845,54488
8,846,54614
8,847,54630
8,848,54732
8,849,54755
8,850,54797
8,851,54832
8,852,54846
8,853,54866
8,854,54889
8,855,54960
8,856,54968
8,857,55052
8,858,55064
8,859,55076
8,860,55227
8,861,55272
8,862,55354
8,863,55364
8,864,55403
8,865,55410
8,866,55536
8,867,55567
8,868,55721
8,869,55799
8,870,55861
8,871,55945
8,872,55963
8,873,56011
8,874,56138
8,875,56155
8,876,56240
8,877,56344
8,878,56514
8,879,56560
8,880,56671
8,881,56749
8,882,56835
8,883,56838
8,884,56891
8,885,56908
8,886,57090
8,887,57358
8,888,57364
8,889,57563
8,890,57580
8,891,57589
8,892,57736
8,893,57761
8,894,57784
8,895,57796
8,896,57818
8,897,57990
8,898,58000
8,899,58013
8,900,58056
8,901,58063
8,902,58101
8,903,58107
8,904,58134
8,905,58222
8,906,58254
8,907,58279
8,908,58367
8,909,58422
8,910,58453
8,911,58525
8,912,58537
8,913,58636
8,914,58651
8,915,58657
8,916,58663
8,917,58693
8,918,58706
8,919,58757
8,920,58806
8,921,58832
8,922,58844
8,923,58845
8,924,58857
8,925,58928
8,926,58967
8,927,58968
8,928,59151
8,929,59254
8,930,59386
8,931,59404
8,932,59447
8,933,59580
8,934,59629
8,935,59697
8,936,59730
8,937,59959
8,938,60051
8,939,60096
8,940,60280
8,941,60345
8,942,60346
8,943,60471
8,944,60533
8,945,60664
8,946,60791
8,947,60840
8,948,61020
8,949,61064
8,950,61119
8,951,61156
8,952,61259
8,953,61282
8,954,61303
8,955,61386
8,956,61455
8,957,61568
8,958,61625
8,959,61710
8,960,61718
8,961,61761
8,962,61775
8,963,61784
8,964,61959
8,965,62156
8,966,62160
8,967,62212
8,968,62221
8,969,62276
8,970,62283
8,971,62323
8,972,62466
8,973,62580
8,974,62629
8,975,62677
8,976,62712
8,977,62724
8,978,62805
8,979,62813
8,980,62837
8,981,63106
8,982,63126
8,983,63136
8,984,63141
8,985,63368
8,986,63487
8,987,63523
8,988,63603
8,989,63623
8,990,63700
8,991,63737
8,992,63751
8,993,63823
8,994,63902
8,995,63992
8,996,63999
8,997,64009
8,998,64046
8,999,64064
8,1000,64170
8,1001,64184
8,1002,64312
8,1003,64349
8,1004,64500
8,1005,64531
8,1006,64572
8,1007,64582
8,1008,64653
8,1009,64664
8,1010,64712
8,1011,64713
8,1012,64735
8,1013,64788
8,1014,64895
8,1015,64902
8,1016,65011
8,1017,65027
8,1018,65152
8,1019,65171
8,1020,65262
8,1021,65369
8,1022,65375
8,1023,65401
9,0,157
9,1,177
9,2,328
9,3,401
9,4,436
9,5,441
9,6,607
9,7,637
9,8,723
9,9,736
9,10,790
9,11,794
9,12,905
9,13,985
9,14,1015
9,15,1034
9,16,1048
9,17,1089
9,18,1155
9,19,1253
9,20,1384
9,21,1433
9,22,1640
9,23,1700
9,24,1806
9,25,1828
9,26,1866
9,27,2023
9,28,2054
9,29,2122
9,30,2213
9,31,2255
9,32,2315
9,33,2594
9,34,2653
9,35,2674
9,36,2772
9,37,2799
9,38,2804
9,39,2825
9,40,2863
9,41,2892
9,42,3152
9,43,3453
9,44,3528
9,45,3607
9,46,3634
9,47,3651
9,48,3653
9,49,3721
9,50,3736
9,51,3887
9,52,3947
9,53,3986
9,54,4022
9,55,4043
9,56,4055
9,57,4186
9,58,4209
9,59,4277
9,60,4334
9,61,4461
9,62,4489
9,63,4514
9,64,4620
9,65,4642
9,66,4653
9,67,4655
9,68,4707
9,69,4736
9,70,4795
9,71,4826
9,72,4862
9,73,4891
9,74,4975
9,75,5022
9,76,5039
9,77,5075
9,78,5126
9,79,5306
9,80,5342
9,81,5424
9,82,5455
9,83,5459
9,84,5505
9,85,5625
9,86,5743
9,87,5804
9,88,5872
9,89,6310
9,90,6392
9,91,6504
9,92,6572
9,93,6605
9,94,6760
9,95,6768
9,96,6843
9,97,6889
9,98,6905
9,99,6924
9,100,6979
9,101,6989
9,102,6995
9,103,7082
9,104,7130
9,105,7188
9,106,7193
9,107,7362
9,108,7385
9,109,7392
9,110,7492
9,111,7534
9,112,7596
9,113,7620
9,114,7676
9,115,7682
9,116,7823
9,117,7857
9,118,8034
9,119,8140
9,120,8162
9,121,8167
9,122,8245
9,123,8252
9,124,8446
9,125,8532
9,126,8630
9,127,8655
9,128,8781
9,129,8831
9,130,8846
9,131,8861
9,132,9074
9,133,9149
9,134,9273
9,135,9303
9,136,9324
9,137,9363
9,138,9375
9,139,9413
9,140,9484
9,141,9531
9,142,9537
9,143,9667
9,144,9673
9,145,9685
9,146,9696
9,147,9701
9,148,9712
9,149,9750
9,150,9806
9,151,9831
9,152,9843
9,153,10070
9,154,10074
9,155,10129
9,156,10182
9,157,10184
9,158,10211
9,159,10338
9,160,10385
9,161,10513
9,162,10518
9,163,10612
9,164,10629
9,165,10724
9,166,10735
9,167,10740
9,168,10782
9,169,10862
9,170,10874
9,171,10894
9,172,10901
9,173,10912
9,174,11001
9,175,11159
9,176,11231
9,177,11235
9,178,11238
9,179,11241
9,180,11246
9,181,11477
9,182,11640
9,183,11641
9,184,11673
9,185,11717
9,186,11728
9,187,11779
9,188,12012
9,189,12069
9,190,12103
9,191,12150
9,192,12176
9,193,12249
9,194,12267
9,195,12336
9,196,12338
9,197,12418
9,198,12493
9,199,12549
9,200,12557
9,201,12586
9,202,12620
9,203,12621
9,204,12732
9,205,12744
9,206,12809
9,207,12883
9,208,13041
9,209,13047
9,210,13155
9,211,13174
9,212,13217
9,213,13236
9,214,13241
9,215,13258
9,216,13287
9,217,13328
9,218,13487
9,219,13497
9,220,13505
9,221,13532
9,222,13590
9,223,13601
9,224,13753
9,225,13770
9,226,13851
9,227,13984
9,228,13986
9,229,14001
9,230,14010
9,231,14063
9,232,14075
9,233,14152
9,234,14198
9,235,14316
9,236,14317
9,237,14319
9,238,14464
9,239,14607
9,240,14725
9,241,14773
9,242,14852
9,243,14863
9,244,15060
9,245,15139
9,246,15196
9,247,15209
9,248,15218
9,249,15282
9,250,15320
9,251,15364
9,252,15517
9,253,15550
9,254,15568
9,255,15683
9,256,15708
9,257,15734
9,258,15762
9,259,15770
9,260,15802
9,261,15817
9,262,15949
9,263,16037
9,264,16125
9,265,16194
9,266,16214
9,267,16265
9,268,16317
9,269,16350
9,270,16460
9,271,16517
9,272,16543
9,273,16821
9,274,16872
9,275,16908
9,276,16924
9,277,16936
9,278,16994
9,279,17048
9,280,17269
9,281,17272
9,282,17332
9,283,17368
9,284,17437
9,285,17456
9,286,17536
9,287,17561
9,288,17564
9,289,17608
9,290,17714
9,291,17780
9,292,17811
9,293,17831
9,294,17861
9,295,17919
9,296,17964
9,297,18005
9,298,18026
9,299,18093
9,300,18180
9,301,18308
9,302,18530
9,303,18724
9,304,18779
9,305,18877
9,306,19119
9,307,19197
9,308,19303
9,309,19309
9,310,19390
9,311,19404
9,312,19407
9,313,19460
9,314,19527
9,315,19548
9,316,19564
9,317,19691
9,318,19693
9,319,19718
9,320,19755
9,321,19764
9,322,19765
9,323,19787
9,324,19910
9,325,19936
9,326,20072
9,327,20116
9,328,20134
9,329,20413
9,330,20526
9,331,20533
9,332,20555
9,333,20587
9,334,20626
9,335,20670
9,336,20805
9,337,20953
9,338,21072
9,339,21087
9,340,21151
9,341,21210
9,342,21257
9,343,21280
9,344,21300
9,345,21502
9,346,21617
9,347,21771
9,348,21826
9,349,21830
9,350,21837
9,351,21906
9,352,21958
9,353,21995
9,354,22062
9,355,22078
9,356,22090
9,357,22227
9,358,22298
9,359,22299
9,360,22387
9,361,22480
9,362,22510
9,363,22596
9,364,22630
9,365,22704
9,366,22845
9,367,22857
9,368,22903
9,369,23070
9,370,23119
9,371,23145
9,372,23175
9,373,23227
9,374,23265
9,375,23335
9,376,23453
9,377,23470
9,378,23534
9,379,23546
9,380,23673
9,381,23692
9,382,23731
9,383,23765
9,384,23803
9,385,23898
9,386,23970
9,387,23984
9,388,24012
9,389,24026
9,390,24091
9,391,24128
9,392,24210
9,393,24268
9,394,24328
9,395,24380
9,396,24532
9,397,24627
9,398,24846
9,399,24961
9,400,25066
9,401,25097
9,402,25106
9,403,25194
9,404,25327
9,405,25425
9,406,25428
9,407,25645
9,408,25657
9,409,25776
9,410,25824
9,411,25882
9,412,25930
9,413,26047
9,414,26066
9,415,26068
9,416,26141
9,417,26200
9,418,26279
9,419,26283
9,420,26458
9,421,26564
9,422,26653
9,423,26775
9,424,26804
9,425,26937
9,426,26942
9,427,26986
9,428,27020
9,429,27193
9,430,27237
9,431,27287
9,432,27310
9,433,27440
9,434,27493
9,435,27496
9,436,27786
9,437,27878
9,438,27879
9,439,27930
9,440,27992
9,441,28150
9,442,28315
9,443,28512
9,444,28516
9,445,28645
9,446,28762
9,447,28821
9,448,28822
9,449,28825
9,450,28832
9,451,28928
9,452,29061
9,453,29117
9,454,29253
9,455,29262
9,456,29368
9,457,29371
9,458,29428
9,459,29491
9,460,29525
9,461,29581
9,462,29789
9,463,29796
9,464,29804
9,465,29814
9,466,29924
9,467,29933
9,468,29946
9,469,29960
9,470,29979
9,471,30019
9,472,30076
9,473,30142
9,474,30165
9,475,30173
9,476,30291
9,477,30419
9,478,30551
9,479,30563
9,480,30792
9,481,30804
9,482,30884
9,483,31013
9,484,31051
9,485,31167
9,486,31175
9,487,31201
9,488,31260
9,489,31269
9,490,31278
9,491,31290
9,492,31330
9,493,31370
9,494,31394
9,495,31412
9,496,31484
9,497,31507
9,498,31634
9,499,31734
9,500,31791
9,501,31855
9,502,31863
9,503,31882
9,504,32013
9,505,32142
9,506,32161
9,507,32192
9,508,32245
9,509,32322
9,510,32332
9,511,32357
9,512,32383
9,513,32512
9,514,32533
9,515,32732
9,516,32827
9,517,32857
9,518,32927
9,519,33039
9,520,33287
9,521,33305
9,522,33308
9,523,33350
9,524,33351
9,525,33493
9,526,33633
9,527,33646
9,528,33658
9,529,33818
9,530,33931
9,531,33944
9,532,34001
9,533,34051
9,534,34095
9,535,34175
9,536,34273
9,537,34277
9,538,34293
9,539,34316
9,540,34354
9,541,34456
9,542,34469
9,543,34516
9,544,34522
9,545,34646
9,546,34829
9,547,34854
9,548,34932
9,549,34933
9,550,34986
9,551,35030
9,552,35128
9,553,35164
9,554,35179
9,555,35344
9,556,35353
9,557,35394
9,558,35407
9,559,35518
9,560,35629
9,561,35732
9,562,35753
9,563,35768
9,564,35789
9,565,35873
9,566,35927
9,567,35976
9,568,36145
9,569,36320
9,570,36351
9,571,36383
9,572,36413
9,573,36453
9,574,36479
9,575,36519
9,576,36536
9,577,36570
9,578,36618
9,579,36637
9,580,36646
9,581,36659
9,582,36698
9,583,36777
9,584,36791
9,585,36816
9,586,36829
9,587,36836
9,588,36896
9,589,36915
9,590,37097
9,591,37165
9,592,37213
9,593,37263
9,594,37276
9,595,37342
9,596,37559
9,597,37718
9,598,37739
9,599,37828
9,600,37920
9,601,37933
9,602,38080
9,603,38160
9,604,38187
9,605,38304
9,606,38353
9,607,38452
9,608,38516
9,609,38520
9,610,38564
9,611,38590
9,612,38616
9,613,38676
9,614,38715
9,615,38718
9,616,38742
9,617,38749
9,618,38807
9,619,39098
9,620,39160
9,621,39269
9,622,39307
9,623,39326
9,624,39340
9,625,39359
9,626,39371
9,627,39457
9,628,39469
9,629,39529
9,630,39591
9,631,39604
9,632,39701
9,633,39712
9,634,39743
9,635,39776
9,636,39799
9,637,39877
9,638,39889
9,639,40000
9,640,40018
9,641,40088
9,642,40291
9,643,40492
9,644,40584
9,645,40614
9,646,40616
9,647,40626
9,648,40706
9,649,40742
9,650,40800
9,651,40965
9,652,41060
9,653,41073
9,654,41144
9,655,41267
9,656,41330
9,657,41370
9,658,41404
9,659,41456
9,660,41467
9,661,41481
9,662,41486
9,663,41504
9,664,41672
9,665,41838
9,666,42079
9,667,42084
9,668,42122
9,669,42203
9,670,42300
9,671,42313
9,672,42487
9,673,42542
9,674,42576
9,675,42716
9,676,42788
9,677,42858
9,678,42955
9,679,42990
9,680,43015
9,681,43079
9,682,43118
9,683,43196
9,684,43201
9,685,43261
9,686,43453
9,687,43495
9,688,43528
9,689,43575
9,690,43628
9,691,43727
9,692,43767
9,693,44198
9,694,44236
9,695,44350
9,696,44367
9,697,44448
9,698,44545
9,699,44603
9,700,44648
9,701,44658
9,702,44755
9,703,44767
9,704,44788
9,705,44820
9,706,45216
9,707,45232
9,708,45340
9,709,45378
9,710,45461
9,711,45481
9,712,45541
9,713,45640
9,714,45658
9,715,45777
9,716,45833
9,717,45936
9,718,45944
9,719,46034
9,720,46187
9,721,46233
9,722,46286
9,723,46324
9,724,46375
9,725,46431
9,726,46447
9,727,46619
9,728,46651
9,729,46697
9,730,46716
9,731,46879
9,732,46903
9,733,46952
9,734,46968
9,735,46979
9,736,47011
9,737,47270
9,738,47355
9,739,47396
9,740,47432
9,741,47505
9,742,47950
9,743,47954
9,744,47969
9,745,48097
9,746,48119
9,747,48124
9,748,48143
9,749,48206
9,750,48252
9,751,48423
9,752,48432
9,753,48454
9,754,48507
9,755,48546
9,756,48657
9,757,48702
9,758,48709
9,759,48734
9,760,48779
9,761,48790
9,762,48831
9,763,48844
9,764,48922
9,765,48972
9,766,49278
9,767,49302
9,768,49346
9,769,49347
9,770,49468
9,771,49636
9,772,49765
9,773,49804
9,774,49941
9,775,50036
9,776,50178
9,777,50220
9,778,50253
9,779,50264
9,780,50281
9,781,50515
9,782,50518
9,783,50546
9,784,50646
9,785,50667
9,786,50685
9,787,50715
9,788,50720
9,789,50782
9,790,50830
9,791,50854
9,792,51050
9,793,51162
9,794,51240
9,795,51264
9,796,51407
9,797,51544
9,798,51814
9,799,51877
9,800,51973
9,801,52040
9,802,52086
9,803,52179
9,804,52198
9,805,52251
9,806,52254
9,807,52339
9,808,52411
9,809,52423
9,810,52532
9,811,52536
9,812,52646
9,813,52809
9,814,52817
9,815,52831
9,816,52834
9,817,52883
9,818,52953
9,819,52973
9,820,53018
9,821,53043
9,822,53046
9,823,53053
9,824,53115
9,825,53123
9,826,53207
9,827,53306
9,828,53424
9,829,53497
9,830,53593
9,831,53711
9,832,53715
9,833,53769
9,834,53830
9,835,53904
9,836,53924
9,837,53951
9,838,53978
9,839,54008
9,840,54036
9,841,54066
9,842,54108
9,843,54145
9,844,54286
9,845,54338
9,846,54343
9,847,54367
9,848,54374
9,849,54458
9,850,54484
9,851,54513
9,852,54674
9,853,54828
9,854,54871
9,855,54887
9,856,54891
9,857,54929
9,858,54963
9,859,54992
9,860,55125
9,861,55174
9,862,55307
9,863,55408
9,864,55411
9,865,55423
9,866,55744
9,867,55901
9,868,55983
9,869,55994
9,870,56023
9,871,56031
9,872,56129
9,873,56171
9,874,56193
9,875,56292
9,876,56322
9,877,56334
9,878,56388
9,879,56404
9,880,56436
9,881,56491
9,882,56567
9,883,56670
9,884,56691
9,885,56710
9,886,56868
9,887,56933
9,888,57010
9,889,57107
9,890,57225
9,891,57255
9,892,57257
9,893,57460
9,894,57527
9,895,57547
9,896,57676
9,897,57681
9,898,57775
9,899,57785
9,900,57787
9,901,57804
9,902,57831
9,903,57903
9,904,57981
9,905,58079
9,906,58103
9,907,58110
9,908,58233
9,909,58289
9,910,58292
9,911,58439
9,912,58514
9,913,58584
9,914,58600
9,915,58795
9,916,58840
9,917,59059
9,918,59147
9,919,59285
9,920,59471
9,921,59577
9,922,59622
9,923,59628
9,924,59633
9,925,59665
9,926,59706
9,927,59830
9,928,59954
9,929,60117
9,930,60126
9,931,60144
9,932,60198
9,933,60211
9,934,60249
9,935,60282
9,936,60345
9,937,60347
9,938,60398
9,939,60409
9,940,60515
9,941,60562
9,942,60589
9,943,60635
9,944,60648
9,945,60706
9,946,60738
9,947,60743
9,948,60778
9,949,60799
9,950,60843
9,951,60894
9,952,61392
9,953,61465
9,954,61522
9,955,61625
9,956,61644
9,957,61668
9,958,61726
9,959,61832
9,960,61934
9,961,61968
9,962,62008
9,963,62057
9,964,62123
9,965,62221
9,966,62224
9,967,62252
9,968,62281
9,969,62360
9,970,62427
9,971,62447
9,972,62457
9,973,62575
9,974,62626
9,975,62770
9,976,62794
9,977,62835
9,978,62882
9,979,62895
9,980,62979
9,981,63017
9,982,63061
9,983,63087
9,984,63090
9,985,63254
9,986,63258
9,987,63277
9,988,63279
9,989,63355
9,990,63423
9,991,63491
9,992,63502
9,993,63550
9,994,63581
9,995,63608
9,996,63718
9,997,63855
9,998,63862
9,999,63888
9,1000,63894
9,1001,64043
9,1002,64093
9,1003,64098
9,1004,64209
9,1005,64265
9,1006,64331
9,1007,64423
9,1008,64428
9,1009,64465
9,1010,64565
9,1011,64704
9,1012,64727
9,1013,64866
9,1014,64871
9,1015,64956
9,1016,65032
9,1017,65153
9,1018,65164
9,1019,65287
9,1020,65314
9,1021,65377
9,1022,65451
9,1023,65455
10,0,21
10,1,132
10,2,233
10,3,255
10,4,350
10,5,408
10,6,640
10,7,695
10,8,696
10,9,708
10,10,812
10,11,833
10,12,898
10,13,960
10,14,1083
10,15,1109
10,16,1162
10,17,1395
10,18,1504
10,19,1533
10,20,1549
10,21,1691
10,22,1703
10,23,2027
10,24,2033
10,25,2089
10,26,2152
10,27,2176
10,28,2373
10,29,2390
10,30,2403
10,31,2431
10,32,2493
10,33,2554
10,34,2569
10,35,2579
10,36,2776
10,37,2905
10,38,3025
10,39,3062
10,40,3072
10,41,3108
10,42,3129
10,43,3279
10,44,3298
10,45,3362
10,46,3685
10,47,3710
10,48,3755
10,49,3791
10,50,3905
10,51,3973
10,52,4304
10,53,4377
10,54,4401
10,55,4418
10,56,4455
10,57,4522
10,58,4660
10,59,4681
10,60,4720
10,61,4860
10,62,4956
10,63,5020
10,64,5061
10,65,5143
10,66,5226
10,67,5285
10,68,5354
10,69,5455
10,70,5501
10,71,5502
10,72,5559
10,73,5605
10,74,5745
10,75,5771
10,76,5981
10,77,6044
10,78,6061
10,79,6093
10,80,6127
10,81,6190
10,82,6193
10,83,6263
10,84,6322
10,85,6345
10,86,6349
10,87,6384
10,88,6439
10,89,6530
10,90,6725
10,91,6765
10,92,6769
10,93,6778
10,94,6791
10,95,6844
10,96,6850
10,97,6864
10,98,6889
10,99,6910
10,100,6999
10,101,7076
10,102,7131
10,103,7188
10,104,7264
10,105,7328
10,106,7388
10,107,7397
10,108,7401
10,109,7442
10,110,7446
10,111,7488
10,112,7500
10,113,7534
10,114,7565
10,115,7640
10,116,7669
10,117,7713
10,118,7720
10,119,7745
10,120,7785
10,121,7856
10,122,7879
10,123,7900
10,124,7959
10,125,8019
10,126,8035
10,127,8041
10,128,8081
10,129,8257
10,130,8288
10,131,8325
10,132,8340
10,133,8349
10,134,8545
10,135,8585
10,136,8606
10,137,8700
10,138,8805
10,139,8847
10,140,8879
10,141,8942
10,142,9104
10,143,9134
10,144,9151
10,145,9156
10,146,9254
10,147,9334
10,148,9458
10,149,9481
10,150,9565
10,151,9610
10,152,9661
10,153,9714
10,154,9775
10,155,9781
10,156,9936
10,157,9945
10,158,9996
10,159,10068
10,160,10079
10,161,10108
10,162,10156
10,163,10174
10,164,10203
10,165,10204
10,166,10242
10,167,10351
10,168,10511
10,169,10598
10,170,10602
10,171,10648
10,172,10733
10,173,10779
10,174,10817
10,175,10906
10,176,10946
10,177,11153
10,178,11185
10,179,11610
10,180,11612
10,181,11858
10,182,11895
10,183,11969
10,184,11973
10,185,12028
10,186,12082
10,187,12084
10,188,12106
10,189,12208
10,190,12307
10,191,12329
10,192,12461
10,193,12487
10,194,12511
10,195,12532
10,196,12617
10,197,12750
10,198,12812
10,199,12856
10,200,13148
10,201,13314
10,202,13374
10,203,13422
10,204,13495
10,205,13548
10,206,13557
10,207,13590
10,208,13591
10,209,13631
10,210,13756
10,211,13758
10,212,13824
10,213,13831
10,214,13911
10,215,13918
10,216,13922
10,217,13941
10,218,14087
10,219,14177
10,220,14209
10,221,14495
10,222,14602
10,223,14610
10,224,14653
10,225,14698
10,226,14757
10,227,14808
10,228,14840
10,229,14961
10,230,14982
10,231,15005
10,232,15078
10,233,15129
10,234,15200
10,235,15224
10,236,15330
10,237,15331
10,238,15353
10,239,15375
10,240,15409
10,241,15477
10,242,15523
10,243,15571
10,244,15592
10,245,15594
10,246,15608
10,247,15610
10,248,15659
10,249,15760
10,250,15835
10,251,15869
10,252,15874
10,253,15899
10,254,15911
10,255,15923
10,256,15940
10,257,15946
10,258,15972
10,259,15994
10,260,16000
10,261,16109
10,262,16228
10,263,16241
10,264,16304
10,265,16362
10,266,16373
10,267,16409
10,268,16476
10,269,16676
10,270,16711
10,271,16863
10,272,16918
10,273,16921
10,274,16922
10,275,16974
10,276,17043
10,277,17073
10,278,17163
10,279,17168
10,280,17170
10,281,17208
10,282,17310
10,283,17347
10,284,17515
10,285,17524
10,286,17543
10,287,17644
10,288,17905
10,289,17947
10,290,17973
10,291,18105
10,292,18122
10,293,18128
10,294,18197
10,295,18281
10,296,18291
10,297,18353
10,298,18372
10,299,18402
10,300,18427
10,301,18444
10,302,18508
10,303,18556
10,304,18635
10,305,18663
10,306,18775
10,307,18813
10,308,18869
10,309,18924
10,310,19070
10,311,19127
10,312,19154
10,313,19235
10,314,19264
10,315,19267
10,316,19294
10,317,19341
10,318,19433
10,319,19481
10,320,19606
10,321,19783
10,322,19833
10,323,19846
10,324,19945
10,325,19946
10,326,20000
10,327,20009
10,328,20043
10,329,20074
10,330,20121
10,331,20134
10,332,20190
10,333,20291
10,334,20344
10,335,20372
10,336,20509
10,337,20520
10,338,20532
10,339,20611
10,340,20695
10,341,20722
10,342,20791
10,343,20987
10,344,21007
10,345,21162
10,346,21179
10,347,21201
10,348,21249
10,349,21273
10,350,21334
10,351,21441
10,352,21495
10,353,21497
10,354,21645
10,355,21791
10,356,21886
10,357,21952
10,358,22004
10,359,22033
10,360,22064
10,361,22099
10,362,22163
10,363,22218
10,364,22283
10,365,22448
10,366,22490
10,367,22509
10,368,22694
10,369,22760
10,370,22761
10,371,22874
10,372,23014
10,373,23066
10,374,23172
10,375,23213
10,376,23236
10,377,23375
10,378,23534
10,379,23562
10,380,23650
10,381,23690
10,382,23703
10,383,23711
10,384,23719
10,385,23723
10,386,23752
10,387,23756
10,388,23778
10,389,23805
10,390,23816
10,391,23850
10,392,23906
10,393,23913
10,394,23970
10,395,24102
10,396,24228
10,397,24344
10,398,24368
10,399,24385
10,400,24434
10,401,24504
10,402,24518
10,403,24519
10,404,24667
10,405,24675
10,406,24676
10,407,24861
10,408,24866
10,409,24909
10,410,25000
10,411,25037
10,412,25129
10,413,25153
10,414,25225
10,415,25256
10,416,25265
10,417,25303
10,418,25400
10,419,25410
10,420,25537
10,421,25568
10,422,25576
10,423,25600
10,424,25634
10,425,25635
10,426,25713
10,427,25831
10,428,26020
10,429,26086
10,430,26268
10,431,26427
10,432,26445
10,433,26536
10,434,26635
10,435,26766
10,436,26767
10,437,26801
10,438,26944
10,439,27258
10,440,27290
10,441,27301
10,442,27527
10,443,27759
10,444,27777
10,445,27806
10,446,27816
10,447,27851
10,448,27947
10,449,27958
10,450,27963
10,451,28014
10,452,28051
10,453,28259
10,454,28314
10,455,28321
10,456,28375
10,457,28460
10,458,28465
10,459,28549
10,460,28605
10,461,28772
10,462,28812
10,463,28959
10,464,29034
10,465,29114
10,466,29171
10,467,29185
10,468,29191
10,469,29198
10,470,29342
10,471,29350
10,472,29479
10,473,29544
10,474,29555
10,475,29575
10,476,29604
10,477,29638
10,478,29729
10,479,29768
10,480,29785
10,481,29827
10,482,29866
10,483,29885
10,484,29886
10,485,29912
10,486,29984
10,487,30038
10,488,30220
10,489,30253
10,490,30312
10,491,30409
10,492,30412
10,493,30510
10,494,30591
10,495,30787
10,496,30853
10,497,30868
10,498,30903
10,499,30947
10,500,31015
10,501,31055
10,502,31206
10,503,31208
10,504,31236
10,505,31268
10,506,31423
10,507,31485
10,508,31520
10,509,31524
10,510,31554
10,511,31585
10,512,31587
10,513,31602
10,514,31613
10,515,31693
10,516,31749
10,517,31864
10,518,32068
10,519,32078
10,520,32109
10,521,32226
10,522,32336
10,523,32470
10,524,32670
10,525,32735
10,526,32800
10,527,32930
10,528,32959
10,529,33068
10,530,33083
10,531,33105
10,532,33112
10,533,33294
10,534,33388
10,535,33433
10,536,33484
10,537,33604
10,538,33626
10,539,33836
10,540,34003
10,541,34008
10,542,34010
10,543,34084
10,544,34157
10,545,34178
10,546,34289
10,547,34422
10,548,34437
10,549,34499
10,550,34592
10,551,34639
10,552,34821
10,553,34895
10,554,35091
10,555,35110
10,556,35270
10,557,35314
10,558,35362
10,559,35398
10,560,35454
10,561,35523
10,562,35538
10,563,35558
10,564,35568
10,565,35638
10,566,35801
10,567,35816
10,568,35822
10,569,36002
10,570,36051
10,571,36124
10,572,36229
10,573,36243
10,574,36333
10,575,36359
10,576,36380
10,577,36555
10,578,36569
10,579,36586
10,580,36610
10,581,36614
10,582,36661
10,583,36744
10,584,36792
10,585,36803
10,586,36835
10,587,36868
10,588,36874
10,589,37028
10,590,37068
10,591,37175
10,592,37202
10,593,37212
10,594,37266
10,595,37280
10,596,37373
10,597,37403
10,598,37451
10,599,37546
10,600,37591
10,601,37669
10,602,37770
10,603,37771
10,604,37965
10,605,37993
10,606,38001
10,607,38056
10,608,38201
10,609,38267
10,610,38351
10,611,38385
10,612,38438
10,613,38647
10,614,38793
10,615,38807
10,616,38821
10,617,38859
10,618,38861
10,619,38912
10,620,38960
10,621,39035
10,622,39079
10,623,39096
10,624,39105
10,625,39201
10,626,39209
10,627,39220
10,628,39467
10,629,39533
10,630,39563
10,631,39985
10,632,40071
10,633,40151
10,634,40252
10,635,40286
10,636,40360
10,637,40375
10,638,40470
10,639,40493
10,640,40518
10,641,40576
10,642,40666
10,643,40768
10,644,40780
10,645,40801
10,646,40817
10,647,40989
10,648,41016
10,649,41035
10,650,41056
10,651,41075
10,652,41120
10,653,41180
10,654,41251
10,655,41321
10,656,41422
10,657,41525
10,658,41616
10,659,41633
10,660,41682
10,661,41683
10,662,41687
10,663,41764
10,664,41769
10,665,41830
10,666,41955
10,667,42052
10,668,42236
10,669,42292
10,670,42295
10,671,42305
10,672,42376
10,673,42451
10,674,42549
10,675,42554
10,676,42624
10,677,42632
10,678,42672
10,679,42675
10,680,42734
10,681,42740
10,682,42840
10,683,42906
10,684,42915
10,685,42921
10,686,43170
10,687,43297
10,688,43399
10,689,43421
10,690,43424
10,691,43500
10,692,43545
10,693,43569
10,694,43611
10,695,43635
10,696,43714
10,697,43718
10,698,43740
10,699,43915
10,700,44070
10,701,44081
10,702,44135
10,703,44147
10,704,44170
10,705,44201
10,706,44258
10,707,44427
10,708,44568
10,709,44665
10,710,44735
10,711,44764
10,712,44819
10,713,44854
10,714,44875
10,715,44912
10,716,44932
10,717,44944
10,718,44972
10,719,44989
10,720,45143
10,721,45160
10,722,45213
10,723,45216
10,724,45253
10,725,45289
10,726,45331
10,727,45349
10,728,45388
10,729,45522
10,730,45551
10,731,45631
10,732,45750
10,733,45872
10,734,45985
10,735,45988
10,736,45994
10,737,46003
10,738,46101
10,739,46133
10,740,46265
10,741,46297
10,742,46345
10,743,46397
10,744,46424
10,745,46604
10,746,46705
10,747,46743
10,748,46937
10,749,46954
10,750,47072
10,751,47268
10,752,47289
10,753,47305
10,754,47314
10,755,47502
10,756,47525
10,757,47573
10,758,47588
10,759,47608
10,760,47760
10,761,47777
10,762,47840
10,763,47934
10,764,47944
10,765,47958
10,766,47964
10,767,47987
10,768,48006
10,769,48008
10,770,48026
10,771,48056
10,772,48099
10,773,48122
10,774,48130
10,775,48436
10,776,48439
10,777,48486
10,778,48500
10,779,48562
10,780,48607
10,781,48676
10,782,48747
10,783,48867
10,784,48883
10,785,48986
10,786,49016
10,787,49074
10,788,49229
10,789,49245
10,790,49247
10,791,49297
10,792,49309
10,793,49444
10,794,49646
10,795,49842
10,796,49867
10,797,50137
10,798,50155
10,799,50198
10,800,50209
10,801,50282
10,802,50290
10,803,50420
10,804,50450
10,805,50496
10,806,50512
10,807,50613
10,808,50614
10,809,50723
10,810,50807
10,811,50814
10,812,50869
10,813,50900
10,814,50977
10,815,51089
10,816,51096
10,817,51118
10,818,51193
10,819,51255
10,820,51280
10,821,51322
10,822,51406
10,823,51466
10,824,51509
10,825,51562
10,826,51584
10,827,51600
10,828,51761
10,829,51821
10,830,51824
10,831,51826
10,832,51827
10,833,51839
10,834,52046
10,835,52051
10,836,52178
10,837,52199
10,838,52298
10,839,52415
10,840,52420
10,841,52423
10,842,52717
10,843,52762
10,844,52772
10,845,52787
10,846,52820
10,847,52851
10,848,52876
10,849,52955
10,850,52960
10,851,53036
10,852,53065
10,853,53207
10,854,53234
10,855,53327
10,856,53415
10,857,53517
10,858,53535
10,859,53572
10,860,53602
10,861,53618
10,862,53679
10,863,53693
10,864,53726
10,865,53845
10,866,53847
10,867,53911
10,868,53918
10,869,54013
10,870,54057
10,871,54139
10,872,54285
10,873,54308
10,874,54512
10,875,54521
10,876,54560
10,877,54561
10,878,54575
10,879,54733
10,880,54896
10,881,55037
10,882,55048
10,883,55071
10,884,55206
10,885,55231
10,886,55232
10,887,55248
10,888,55289
10,889,55296
10,890,55611
10,891,55618
10,892,55892
10,893,56060
10,894,56132
10,895,56242
10,896,56281
10,897,56336
10,898,56366
10,899,56368
10,900,56470
10,901,56630
10,902,56642
10,903,56706
10,904,56879
10,905,57079
10,906,57115
10,907,57133
10,908,57496
10,909,57530
10,910,57592
10,911,57690
10,912,57804
10,913,57832
10,914,58208
10,915,58241
10,916,58309
10,917,58374
10,918,58385
10,919,58436
10,920,58551
10,921,58715
10,922,58720
10,923,58750
10,924,58811
10,925,58903
10,926,58906
10,927,58935
10,928,59171
10,929,59236
10,930,59247
10,931,59277
10,932,59301
10,933,59310
10,934,59341
10,935,59407
10,936,59484
10,937,59578
10,938,59764
10,939,59847
10,940,59908
10,941,59962
10,942,60066
10,943,60126
10,944,60193
10,945,60249
10,946,60267
10,947,60313
10,948,60374
10,949,60456
10,950,60498
10,951,60587
10,952,60646
10,953,60692
10,954,60698
10,955,60736
10,956,60859
10,957,60920
10,958,60990
10,959,61127
10,960,61283
10,961,61327
10,962,61389
10,963,61481
10,964,61827
10,965,61889
10,966,61928
10,967,61975
10,968,62040
10,969,62106
10,970,62196
10,971,62261
10,972,62298
10,973,62337
10,974,62352
10,975,62403
10,976,62479
10,977,62540
10,978,62560
10,979,62569
10,980,62593
10,981,62669
10,982,62728
10,983,62789
10,984,62878
10,985,63058
10,986,63192
10,987,63233
10,988,63311
10,989,63369
10,990,63415
10,991,63516
10,992,63531
10,993,63552
10,994,63603
10,995,63736
10,996,63741
10,997,63795
10,998,63822
10,999,63865
10,1000,63890
10,1001,63964
10,1002,64026
10,1003,64096
10,1004,64115
10,1005,64155
10,1006,64207
10,1007,64235
10,1008,64297
10,1009,64344
10,1010,64487
10,1011,64549
10,1012,64636
10,1013,64672
10,1014,64683
10,1015,64697
10,1016,64757
10,1017,64845
10,1018,64944
10,1019,64958
10,1020,65235
10,1021,65289
10,1022,65441
10,1023,65515
11,0,70
11,1,107
11,2,163
11,3,313
11,4,461
11,5,492
11,6,586
11,7,668
11,8,881
11,9,924
11,10,944
11,11,957
11,12,971
11,13,1013
11,14,1034
11,15,1076
11,16,1086
11,17,1212
11,18,1220
11,19,1232
11,20,1370
11,21,1521
11,22,1553
11,23,1566
11,24,1636
11,25,1640
11,26,1725
11,27,1782
11,28,1824
11,29,2028
11,30,2158
11,31,2209
11,32,2330
11,33,2334
11,34,2368
11,35,2370
11,36,2484
11,37,2487
11,38,2533
11,39,2576
11,40,2583
11,41,2707
11,42,2727
11,43,2757
11,44,2819
11,45,2884
11,46,2888
11,47,2907
11,48,2942
11,49,2995
11,50,3065
11,51,3095
11,52,3167
11,53,3284
11,54,3374
11,55,3384
11,56,3442
11,57,3449
11,58,3464
11,59,3484
11,60,3495
11,61,3586
11,62,3741
11,63,3765
11,64,3836
11,65,3857
11,66,4068
11,67,4132
11,68,4217
11,69,4314
11,70,4452
11,71,4467
11,72,4492
11,73,4527
11,74,4543
11,75,4557
11,76,4621
11,77,4629
11,78,4676
11,79,4705
11,80,4726
11,81,4732
11,82,4811
11,83,4900
11,84,5099
11,85,5129
11,86,5255
11,87,5346
11,88,5404
11,89,5439
11,90,5495
11,91,5689
11,92,5740
11,93,5811
11,94,5845
11,95,5891
11,96,5897
11,97,5901
11,98,5960
11,99,6001
11,100,6074
11,101,6128
11,102,6153
11,103,6157
11,104,6195
11,105,6202
11,106,6301
11,107,6445
11,108,6453
11,109,6483
11,110,6855
11,111,6914
11,112,6950
11,113,7010
11,114,7037
11,115,7121
11,116,7134
11,117,7214
11,118,7266
11,119,7301
11,120,7302
11,121,7369
11,122,7396
11,123,7460
11,124,7474
11,125,7562
11,126,7720
11,127,7735
11,128,7809
11,129,7823
11,130,7909
11,131,7988
11,132,8043
11,133,8044
11,134,8079
11,135,8094
11,136,8118
11,137,8122
11,138,8132
11,139,8190
11,140,8276
11,141,8343
11,142,8432
11,143,8589
11,144,8600
11,145,8804
11,146,8812
11,147,8898
11,148,9011
11,149,9115
11,150,9261
11,151,9362
11,152,9369
11,153,9378
11,154,9400
11,155,9483
11,156,9544
11,157,9594
11,158,9676
11,159,9680
11,160,9682
11,161,9780
11,162,9784
11,163,9879
11,164,9907
11,165,9937
11,166,9986
11,167,10187
11,168,10227
11,169,10286
11,170,10375
11,171,10657
11,172,10665
11,173,10672
11,174,10703
11,175,10802
11,176,10813
11,177,10941
11,178,10981
11,179,11006
11,180,11018
11,181,11090
11,182,11103
11,183,11125
11,184,11235
11,185,11312
11,186,11337
11,187,11416
11,188,11463
11,189,11490
11,190,11704
11,191,11751
11,192,11793
11,193,11798
11,194,11903
11,195,11917
11,196,11972
11,197,12331
11,198,12359
11,199,12370
11,200,12473
11,201,12589
11,202,12603
11,203,12885
11,204,13014
11,205,13061
11,206,13135
11,207,13235
11,208,13332
11,209,13346
11,210,13348
11,211,13479
11,212,13513
11,213,13514
11,214,13560
11,215,13629
11,216,13661
11,217,13806
11,218,13836
11,219,13927
11,220,14116
11,221,14159
11,222,14170
11,223,14229
11,224,14388
11,225,14403
11,226,14450
11,227,14484
11,228,14509
11,229,14594
11,230,14784
11,231,14879
11,232,14939
11,233,15026
11,234,15031
11,235,15059
11,236,15156
11,237,15189
11,238,15283
11,239,15577
11,240,15592
11,241,15624
11,242,15635
11,243,15656
11,244,15785
11,245,15789
11,246,15815
11,247,15838
11,248,15850
11,249,15879
11,250,15901
11,251,16124
11,252,16193
11,253,16216
11,254,16219
11,255,16236
11,256,16363
11,257,16429
11,258,16435
11,259,16550
11,260,16569
11,261,16590
11,262,16605
11,263,16634
11,264,16650
11,265,16697
11,266,16788
11,267,16824
11,268,16837
11,269,16903
11,270,17055
11,271,17071
11,272,17107
11,273,17135
11,274,17216
11,275,17269
11,276,17340
11,277,17428
11,278,17432
11,279,17436
11,280,17458
11,281,17476
11,282,17548
11,283,17716
11,284,17767
11,285,17837
11,286,18016
11,287,18125
11,288,18127
11,289,18182
11,290,18275
11,291,18309
11,292,18326
11,293,18369
11,294,18395
11,295,18476
11,296,18561
11,297,18598
11,298,18611
11,299,18642
11,300,18822
11,301,18844
11,302,18882
11,303,19072
11,304,19276
11,305,19295
11,306,19386
11,307,19414
11,308,19493
11,309,19497
11,310,19531
11,311,19573
11,312,19823
11,313,19870
11,314,19919
11,315,19998
11,316,20224
11,317,20265
11,318,20337
11,319,20350
11,320,20360
11,321,20414
11,322,20551
11,323,20588
11,324,20682
11,325,20714
11,326,20768
11,327,20777
11,328,20824
11,329,20849
11,330,20926
11,331,20939
11,332,20958
11,333,21009
11,334,21039
11,335,21156
11,336,21190
11,337,21263
11,338,21302
11,339,21364
11,340,21371
11,341,21386
11,342,21396
11,343,21536
11,344,21596
11,345,21674
11,346,21757
11,347,21833
11,348,21934
11,349,22030
11,350,22074
11,351,22093
11,352,22152
11,353,22243
11,354,22316
11,355,22377
11,356,22382
11,357,22478
11,358,22673
11,359,22694
11,360,22763
11,361,23017
11,362,23020
11,363,23027
11,364,23040
11,365,23053
11,366,23220
11,367,23245
11,368,23327
11,369,23329
11,370,23685
11,371,23734
11,372,23781
11,373,23896
11,374,23916
11,375,23927
11,376,23983
11,377,24024
11,378,24048
11,379,24145
11,380,24163
11,381,24188
11,382,24319
11,383,24358
11,384,24392
11,385,24434
11,386,24436
11,387,24517
11,388,24583
11,389,24712
11,390,24739
11,391,24817
11,392,25050
11,393,25054
11,394,25205
11,395,25240
11,396,25262
11,397,25394
11,398,25399
11,399,25475
11,400,25546
11,401,25692
11,402,25768
11,403,25777
11,404,25839
11,405,25845
11,406,25851
11,407,25922
11,408,26087
11,409,26140
11,410,26170
11,411,26235
11,412,26283
11,413,26335
11,414,26349
11,415,26385
11,416,26386
11,417,26396
11,418,26398
11,419,26407
11,420,26528
11,421,26630
11,422,26659
11,423,26661
11,424,26869
11,425,26908
11,426,26919
11,427,26966
11,428,26986
11,429,27026
11,430,27080
11,431,27127
11,432,27178
11,433,27194
11,434,27222
11,435,27339
11,436,27344
11,437,27389
11,438,27404
11,439,27432
11,440,27599
11,441,27656
11,442,27822
11,443,27909
11,444,27945
11,445,28060
11,446,28098
11,447,28186
11,448,28207
11,449,28270
11,450,28415
11,451,28452
11,452,28459
11,453,28568
11,454,28588
11,455,28667
11,456,28781
11,457,28789
11,458,28864
11,459,28900
11,460,28919
11,461,29032
11,462,29219
11,463,29244
11,464,29246
11,465,29266
11,466,29290
11,467,29300
11,468,29318
11,469,29330
11,470,29390
11,471,29547
11,472,29561
11,473,29629
11,474,29659
11,475,29746
11,476,29747
11,477,29794
11,478,29811
11,479,29929
11,480,29978
11,481,30171
11,482,30342
11,483,30447
11,484,30600
11,485,30605
11,486,30619
11,487,30666
11,488,30839
11,489,30872
11,490,30875
11,491,30904
11,492,30918
11,493,31001
11,494,31045
11,495,31078
11,496,31250
11,497,31257
11,498,31346
11,499,31422
11,500,31455
11,501,31511
11,502,31581
11,503,31619
11,504,31621
11,505,31622
11,506,31664
11,507,31813
11,508,31942
11,509,32005
11,510,32027
11,511,32035
11,512,32047
11,513,32108
11,514,32335
11,515,32345
11,516,32437
11,517,32454
11,518,32462
11,519,32553
11,520,32626
11,521,32672
11,522,32747
11,523,32879
11,524,32953
11,525,33046
11,526,33144
11,527,33152
11,528,33193
11,529,33308
11,530,33372
11,531,33501
11,532,33521
11,533,33545
11,534,33553
11,535,33653
11,536,33681
11,537,33701
11,538,33749
11,539,33771
11,540,33835
11,541,33911
11,542,34140
11,543,34150
11,544,34214
11,545,34345
11,546,34357
11,547,34410
11,548,34511
11,549,34512
11,550,34543
11,551,34628
11,552,34648
11,553,34655
11,554,34666
11,555,34692
11,556,34712
11,557,34722
11,558,34755
11,559,34850
11,560,34851
11,561,35211
11,562,35259
11,563,35352
11,564,35426
11,565,35489
11,566,35587
11,567,35602
11,568,35686
11,569,35687
11,570,35725
11,571,35867
11,572,35918
11,573,35974
11,574,35999
11,575,36087
11,576,36135
11,577,36184
11,578,36187
11,579,36191
11,580,36206
11,581,36253
11,582,36258
11,583,36269
11,584,36346
11,585,36347
11,586,36456
11,587,36628
11,588,36670
11,589,36683
11,590,36760
11,591,36785
11,592,36819
11,593,36840
11,594,36905
11,595,36927
11,596,36941
11,597,36960
11,598,36967
11,599,37002
11,600,37047
11,601,37106
11,602,37117
11,603,37129
11,604,37136
11,605,37160
11,606,37200
11,607,37235
11,608,37368
11,609,37514
11,610,37551
11,611,37559
11,612,37679
11,613,37726
11,614,37736
11,615,37757
11,616,37799
11,617,37834
11,618,38070
11,619,38077
11,620,38377
11,621,38407
11,622,38504
11,623,38513
11,624,38544
11,625,38568
11,626,38580
11,627,38664
11,628,38667
11,629,38994
11,630,39010
11,631,39054
11,632,39156
11,633,39169
11,634,39198
11,635,39416
11,636,39510
11,637,39567
11,638,39601
11,639,39669
11,640,39692
11,641,39719
11,642,39763
11,643,39815
11,644,39870
11,645,39941
11,646,40020
11,647,40055
11,648,40074
11,649,40075
11,650,40123
11,651,40142
11,652,40154
11,653,40169
11,654,40176
11,655,40178
11,656,40185
11,657,40196
11,658,40219
11,659,40407
11,660,40436
11,661,40541
11,662,40611
11,663,40654
11,664,40700
11,665,40720
11,666,40861
11,667,40893
11,668,41142
11,669,41240
11,670,41248
11,671,41254
11,672,41314
11,673,41402
11,674,41435
11,675,41452
11,676,41618
11,677,41841
11,678,41854
11,679,41888
11,680,41910
11,681,41964
11,682,42184
11,683,42357
11,684,42432
11,685,42519
11,686,42594
11,687,42630
11,688,42670
11,689,42714
11,690,42777
11,691,42782
11,692,42869
11,693,42905
11,694,42950
11,695,43057
11,696,43353
11,697,43410
11,698,43492
11,699,43551
11,700,43643
11,701,43721
11,702,43772
11,703,43861
11,704,43893
11,705,43964
11,706,43999
11,707,44005
11,708,44141
11,709,44160
11,710,44185
11,711,44207
11,712,44304
11,713,44512
11,714,44604
11,715,44625
11,716,44626
11,717,44675
11,718,44764
11,719,45006
11,720,45061
11,721,45195
11,722,45260
11,723,45416
11,724,45477
11,725,45529
11,726,45541
11,727,45554
11,728,45596
11,729,45600
11,730,45610
11,731,45668
11,732,45770
11,733,45779
11,734,45826
11,735,45886
11,736,45953
11,737,45975
11,738,46239
11,739,46258
11,740,46306
11,741,46375
11,742,46403
11,743,46547
11,744,46658
11,745,46661
11,746,46791
11,747,46794
11,748,46802
11,749,46862
11,750,46876
11,751,46887
11,752,46971
11,753,47088
11,754,47149
11,755,47232
11,756,47239
11,757,47274
11,758,47555
11,759,47641
11,760,47669
11,761,47699
11,762,47816
11,763,47860
11,764,47921
11,765,47930
11,766,47991
11,767,48107
11,768,48139
11,769,48189
11,770,48288
11,771,48331
11,772,48356
11,773,48611
11,774,48645
11,775,48877
11,776,48886
11,777,48909
11,778,48992
11,779,49156
11,780,49167
11,781,49351
11,782,49445
11,783,49524
11,784,49668
11,785,49952
11,786,49961
11,787,50215
11,788,50310
11,789,50373
11,790,50452
11,791,50518
11,792,50607
11,793,50662
11,794,50667
11,795,50690
11,796,50697
11,797,50707
11,798,50799
11,799,50800
11,800,50857
11,801,50927
11,802,50968
11,803,51049
11,804,51218
11,805,51250
11,806,51332
11,807,51351
11,808,51385
11,809,51415
11,810,51458
11,811,51525
11,812,51532
11,813,51551
11,814,51619
11,815,51711
11,816,51759
11,817,51802
11,818,51819
11,819,51957
11,820,52071
11,821,52268
11,822,52414
11,823,52431
11,824,52500
11,825,52587
11,826,52593
11,827,52656
11,828,52657
11,829,52734
11,830,52824
11,831,52839
11,832,52885
11,833,52966
11,834,53173
11,835,53200
11,836,53319
11,837,53320
11,838,53422
11,839,53500
11,840,53520
11,841,53705
11,842,53774
11,843,53886
11,844,53924
11,845,54044
11,846,54061
11,847,54073
11,848,54119
11,849,54121
11,850,54256
11,851,54260
11,852,54512
11,853,54559
11,854,54635
11,855,54641
11,856,54814
11,857,54873
11,858,55024
11,859,55089
11,860,55123
11,861,55174
11,862,55240
11,863,55290
11,864,55307
11,865,55354
11,866,55383
11,867,55385
11,868,55469
11,869,55475
11,870,55540
11,871,55565
11,872,55712
11,873,55809
11,874,55903
11,875,55946
11,876,56044
11,877,56083
11,878,56147
11,879,56165
11,880,56166
11,881,56199
11,882,56251
11,883,56291
11,884,56317
11,885,56377
11,886,56452
11,887,56483
11,888,56527
11,889,56598
11,890,56725
11,891,56748
11,892,56866
11,893,56890
11,894,56904
11,895,56982
11,896,56996
11,897,56998
11,898,57058
11,899,57170
11,900,57290
11,901,57611
11,902,57712
11,903,57791
11,904,57828
11,905,57869
11,906,57979
11,907,58131
11,908,58244
11,909,58251
11,910,58293
11,911,58309
11,912,58356
11,913,58382
11,914,58444
11,915,58506
11,916,58597
11,917,58661
11,918,58684
11,919,58697
11,920,58706
11,921,58798
11,922,58838
11,923,58865
11,924,58885
11,925,58968
11,926,58999
11,927,59143
11,928,59269
11,929,59401
11,930,59481
11,931,59497
11,932,59630
11,933,59683
11,934,59697
11,935,59799
11,936,59826
11,937,59848
11,938,59881
11,939,59973
11,940,59996
11,941,60051
11,942,60197
11,943,60226
11,944,60238
11,945,60277
11,946,60289
11,947,60299
11,948,60427
11,949,60593
11,950,60936
11,951,61070
11,952,61105
11,953,61125
11,954,61144
11,955,61232
11,956,61343
11,957,61410
11,958,61432
11,959,61504
11,960,61676
11,961,61701
11,962,61710
11,963,61744
11,964,61786
11,965,61849
11,966,61878
11,967,61920
11,968,62012
11,969,62020
11,970,62065
11,971,62184
11,972,62220
11,973,62314
11,974,62373
11,975,62412
11,976,62456
11,977,62460
11,978,62559
11,979,62588
11,980,62610
11,981,62650
11,982,62691
11,983,62774
11,984,62974
11,985,63022
11,986,63177
11,987,63231
11,988,63400
11,989,63510
11,990,63583
11,991,63681
11,992,63757
11,993,63923
11,994,64015
11,995,64021
11,996,64115
11,997,64193
11,998,64269
11,999,64270
11,1000,64282
11,1001,64325
11,1002,64392
11,1003,64453
11,1004,64541
11,1005,64651
11,1006,64670
11,1007,64722
11,1008,64733
11,1009,64776
11,1010,64791
11,1011,64800
11,1012,64840
11,1013,65046
11,1014,65142
11,1015,65160
11,1016,65336
11,1017,65337
11,1018,65342
11,1019,65343
11,1020,65350
11,1021,65356
11,1022,65422
11,1023,65478
12,0,50
12,1,65
12,2,209
12,3,225
12,4,275
12,5,330
12,6,431
12,7,586
12,8,612
12,9,757
12,10,836
12,11,988
12,12,1084
12,13,1128
12,14,1270
12,15,1449
12,16,1493
12,17,1534
12,18,1563
12,19,1569
12,20,1603
12,21,1620
12,22,1862
12,23,2023
12,24,2107
12,25,2299
12,26,2406
12,27,2459
12,28,2460
12,29,2637
12,30,2683
12,31,2692
12,32,2730
12,33,2831
12,34,2858
12,35,2897
12,36,2945
12,37,2953
12,38,2963
12,39,3135
12,40,3187
12,41,3223
12,42,3252
12,43,3268
12,44,3444
12,45,3583
12,46,3679
12,47,3681
12,48,3759
12,49,3874
12,50,3885
12,51,4063
12,52,4133
12,53,4192
12,54,4292
12,55,4422
12,56,4461
12,57,4641
12,58,4759
12,59,4783
12,60,4788
12,61,4922
12,62,4983
12,63,5176
12,64,5177
12,65,5221
12,66,5367
12,67,5407
12,68,5479
12,69,5555
12,70,5558
12,71,5636
12,72,5755
12,73,5866
12,74,5884
12,75,5897
12,76,5957
12,77,5965
12,78,6036
12,79,6095
12,80,6171
12,81,6203
12,82,6213
12,83,6265
12,84,6306
12,85,6317
12,86,6318
12,87,6325
12,88,6334
12,89,6442
12,90,6468
12,91,6478
12,92,6524
12,93,6595
12,94,6619
12,95,6864
12,96,7075
12,97,7128
12,98,7147
12,99,7165
12,100,7184
12,101,7283
12,102,7303
12,103,7432
12,104,7450
12,105,7511
12,106,7571
12,107,7622
12,108,7759
12,109,7809
12,110,7841
12,111,7987
12,112,8654
12,113,8682
12,114,8726
12,115,8750
12,116,8975
12,117,9082
12,118,9116
12,119,9121
12,120,9157
12,121,9167
12,122,9197
12,123,9217
12,124,9260
12,125,9295
12,126,9309
12,127,9462
12,128,9550
12,129,9663
12,130,9690
12,131,9694
12,132,9905
12,133,9910
12,134,10001
12,135,10012
12,136,10018
12,137,10275
12,138,10300
12,139,10325
12,140,10357
12,141,10499
12,142,10524
12,143,10534
12,144,10618
12,145,10787
12,146,10892
12,147,10931
12,148,10957
12,149,10971
12,150,10987
12,151,11033
12,152,11045
12,153,11125
12,154,11219
12,155,11233
12,156,11257
12,157,11267
12,158,11270
12,159,11418
12,160,11500
12,161,11533
12,162,11553
12,163,11560
12,164,11583
12,165,11609
12,166,11644
12,167,11707
12,168,11773
12,169,11814
12,170,11819
12,171,11921
12,172,12007
12,173,12236
12,174,12274
12,175,12333
12,176,12344
12,177,12421
12,178,12524
12,179,12546
12,180,12615
12,181,12672
12,182,12712
12,183,12736
12,184,12774
12,185,12777
12,186,12794
12,187,12820
12,188,12830
12,189,12866
12,190,12933
12,191,13072
12,192,13105
12,193,13167
12,194,13170
12,195,13181
12,196,13352
12,197,13380
12,198,13391
12,199,13508
12,200,13535
12,201,13554
12,202,13596
12,203,13625
12,204,13803
12,205,13804
12,206,13836
12,207,13871
12,208,13930
12,209,14163
12,210,14187
12,211,14269
12,212,14311
12,213,14365
12,214,14401
12,215,14402
12,216,14633
12,217,14716
12,218,14788
12,219,14924
12,220,14928
12,221,14940
12,222,15001
12,223,15039
12,224,15085
12,225,15438
12,226,15494
12,227,15590
12,228,15642
12,229,15673
12,230,15711
12,231,15774
12,232,15942
12,233,15986
12,234,16052
12,235,16074
12,236,16129
12,237,16160
12,238,16232
12,239,16240
12,240,16248
12,241,16265
12,242,16447
12,243,16579
12,244,16590
12,245,16656
12,246,16676
12,247,16684
12,248,16780
12,249,16874
12,250,16919
12,251,17222
12,252,17243
12,253,17321
12,254,17623
12,255,17660
12,256,17730
12,257,17752
12,258,17902
12,259,17939
12,260,17946
12,261,18024
12,262,18034
12,263,18046
12,264,18110
12,265,18134
12,266,18139
12,267,18164
12,268,18174
12,269,18259
12,270,18353
12,271,18431
12,272,18495
12,273,18535
12,274,18762
12,275,18771
12,276,18871
12,277,18874
12,278,18914
12,279,19015
12,280,19026
12,281,19045
12,282,19203
12,283,19302
12,284,19360
12,285,19386
12,286,19421
12,287,19434
12,288,19439
12,289,19440
12,290,19514
12,291,19625
12,292,19699
12,293,19753
12,294,19774
12,295,19789
12,296,19803
12,297,19841
12,298,19851
12,299,19856
12,300,19875
12,301,19905
12,302,19925
12,303,19946
12,304,19984
12,305,20011
12,306,20051
12,307,20059
12,308,20219
12,309,20259
12,310,20315
12,311,20487
12,312,20653
12,313,20689
12,314,20693
12,315,20712
12,316,20899
12,317,21041
12,318,21047
12,319,21053
12,320,21090
12,321,21094
12,322,21261
12,323,21433
12,324,21477
12,325,21480
12,326,21484
12,327,21536
12,328,21542
12,329,21546
12,330,21696
12,331,21885
12,332,21941
12,333,21998
12,334,22001
12,335,22055
12,336,22059
12,337,22126
12,338,22232
12,339,22621
12,340,22672
12,341,22679
12,342,22700
12,343,22759
12,344,22825
12,345,22946
12,346,22948
12,347,23011
12,348,23016
12,349,23077
12,350,23122
12,351,23313
12,352,23461
12,353,23476
12,354,23487
12,355,23654
12,356,23683
12,357,23746
12,358,23996
12,359,24144
12,360,24173
12,361,24182
12,362,24194
12,363,24235
12,364,24269
12,365,24357
12,366,24598
12,367,24649
12,368,24672
12,369,24752
12,370,24764
12,371,24772
12,372,24954
12,373,25002
12,374,25016
12,375,25185
12,376,25206
12,377,25249
12,378,25337
12,379,25340
12,380,25366
12,381,25377
12,382,25437
12,383,25454
12,384,25505
12,385,25516
12,386,25596
12,387,25804
12,388,25883
12,389,26009
12,390,26021
12,391,26141
12,392,26235
12,393,26238
12,394,26290
12,395,26536
12,396,26603
12,397,26650
12,398,26652
12,399,26713
12,400,26761
12,401,26764
12,402,26767
12,403,26777
12,404,27003
12,405,27016
12,406,27051
12,407,27260
12,408,27310
12,409,27448
12,410,27570
12,411,27590
12,412,27646
12,413,27819
12,414,27876
12,415,27929
12,416,27933
12,417,28086
12,418,28099
12,419,28115
12,420,28150
12,421,28154
12,422,28173
12,423,28311
12,424,28475
12,425,28532
12,426,28570
12,427,28695
12,428,28696
12,429,28818
12,430,28984
12,431,29001
12,432,29101
12,433,29237
12,434,29247
12,435,29262
12,436,29316
12,437,29353
12,438,29488
12,439,29499
12,440,29526
12,441,29693
12,442,29788
12,443,29791
12,444,29853
12,445,29863
12,446,29898
12,447,29925
12,448,30035
12,449,30104
12,450,30146
12,451,30159
12,452,30181
12,453,30204
12,454,30226
12,455,30258
12,456,30320
12,457,30372
12,458,30560
12,459,30567
12,460,30590
12,461,30602
12,462,30606
12,463,30729
12,464,30734
12,465,30804
12,466,30839
12,467,30930
12,468,31048
12,469,31069
12,470,31121
12,471,31123
12,472,31365
12,473,31371
12,474,31482
12,475,31718
12,476,31791
12,477,31979
12,478,32004
12,479,32038
12,480,32058
12,481,32155
12,482,32327
12,483,32394
12,484,32421
12,485,32422
12,486,32521
12,487,32584
12,488,32607
12,489,32608
12,490,32726
12,491,32777
12,492,32834
12,493,32858
12,494,32879
12,495,32996
12,496,33072
12,497,33080
12,498,33124
12,499,33161
12,500,33234
12,501,33278
12,502,33302
12,503,33342
12,504,33366
12,505,33395
12,506,33422
12,507,33463
12,508,33469
12,509,33479
12,510,33494
12,511,33536
12,512,33593
12,513,33638
12,514,33666
12,515,33752
12,516,33810
12,517,33827
12,518,33847
12,519,33871
12,520,33961
12,521,33969
12,522,34101
12,523,34190
12,524,34204
12,525,34266
12,526,34335
12,527,34378
12,528,34459
12,529,34588
12,530,34595
12,531,34663
12,532,34804
12,533,34821
12,534,34839
12,535,34842
12,536,34893
12,537,34989
12,538,34992
12,539,35041
12,540,35105
12,541,35108
12,542,35222
12,543,35243
12,544,35297
12,545,35411
12,546,35426
12,547,35449
12,548,35478
12,549,35485
12,550,35500
12,551,35502
12,552,35524
12,553,35544
12,554,35550
12,555,35636
12,556,35695
12,557,35738
12,558,35822
12,559,35985
12,560,35988
12,561,36052
12,562,36053
12,563,36055
12,564,36138
12,565,36152
12,566,36174
12,567,36184
12,568,36187
12,569,36236
12,570,36358
12,571,36406
12,572,36421
12,573,36424
12,574,36449
12,575,36493
12,576,36631
12,577,36674
12,578,36704
12,579,36754
12,580,36800
12,581,36813
12,582,36985
12,583,37173
12,584,37367
12,585,37431
12,586,37433
12,587,37577
12,588,37717
12,589,37911
12,590,38042
12,591,38188
12,592,38317
12,593,38357
12,594,38450
12,595,38490
12,596,38523
12,597,38601
12,598,38653
12,599,38667
12,600,38673
12,601,38912
12,602,39027
12,603,39046
12,604,39114
12,605,39147
12,606,39149
12,607,39160
12,608,39305
12,609,39380
12,610,39422
12,611,39437
12,612,39485
12,613,39498
12,614,39615
12,615,39686
12,616,39837
12,617,40026
12,618,40057
12,619,40128
12,620,40135
12,621,40158
12,622,40208
12,623,40394
12,624,40434
12,625,40524
12,626,40528
12,627,40690
12,628,40735
12,629,40767
12,630,40804
12,631,40812
12,632,40814
12,633,40869
12,634,40994
12,635,41061
12,636,41070
12,637,41153
12,638,41179
12,639,41261
12,640,41380
12,641,41438
12,642,41442
12,643,41503
12,644,41586
12,645,41667
12,646,41718
12,647,41892
12,648,41918
12,649,41965
12,650,41985
12,651,42057
12,652,42064
12,653,42110
12,654,42206
12,655,42241
12,656,42335
12,657,42372
12,658,42388
12,659,42468
12,660,42516
12,661,42532
12,662,42648
12,663,42896
12,664,42906
12,665,43044
12,666,43102
12,667,43123
12,668,43205
12,669,43444
12,670,43558
12,671,43565
12,672,43606
12,673,43948
12,674,43964
12,675,43972
12,676,44044
12,677,44128
12,678,44373
12,679,44423
12,680,44435
12,681,44561
12,682,44692
12,683,44771
12,684,44796
12,685,44968
12,686,44975
12,687,44981
12,688,44982
12,689,45036
12,690,45044
12,691,45146
12,692,45202
12,693,45241
12,694,45298
12,695,45324
12,696,45469
12,697,45515
12,698,45537
12,699,45565
12,700,45589
12,701,45754
12,702,45831
12,703,45940
12,704,45993
12,705,45998
12,706,46043
12,707,46046
12,708,46091
12,709,46140
12,710,46151
12,711,46218
12,712,46292
12,713,46321
12,714,46469
12,715,46475
12,716,46498
12,717,46639
12,718,46738
12,719,46770
12,720,46791
12,721,46856
12,722,46932
12,723,46977
12,724,47192
12,725,47217
12,726,47466
12,727,47473
12,728,47474
12,729,47510
12,730,47687
12,731,47760
12,732,47769
12,733,47860
12,734,47901
12,735,47918
12,736,47927
12,737,47951
12,738,48107
12,739,48499
12,740,48602
12,741,48751
12,742,48754
12,743,48771
12,744,48781
12,745,48866
12,746,48890
12,747,48940
12,748,48972
12,749,48993
12,750,49115
12,751,49289
12,752,49395
12,753,49508
12,754,49597
12,755,49618
12,756,49670
12,757,49740
12,758,49754
12,759,49839
12,760,49877
12,761,49945
12,762,50042
12,763,50066
12,764,50109
12,765,50122
12,766,50169
12,767,50193
12,768,50242
12,769,50284
12,770,50312
12,771,50423
12,772,50514
12,773,50619
12,774,50627
12,775,50630
12,776,50708
12,777,50772
12,778,50803
12,779,50864
12,780,50971
12,781,50973
12,782,50981
12,783,50985
12,784,51227
12,785,51237
12,786,51249
12,787,51272
12,788,51373
12,789,51391
12,790,51393
12,791,51417
12,792,51428
12,793,51443
12,794,51616
12,795,51620
12,796,51649
12,797,51652
12,798,51661
12,799,51710
12,800,51729
12,801,51835
12,802,51873
12,803,51947
12,804,52070
12,805,52077
12,806,52234
12,807,52281
12,808,52293
12,809,52310
12,810,52347
12,811,52348
12,812,52379
12,813,52420
12,814,52546
12,815,52567
12,816,52586
12,817,52681
12,818,52811
12,819,52870
12,820,52891
12,821,52937
12,822,52956
12,823,53007
12,824,53354
12,825,53428
12,826,53491
12,827,53593
12,828,53643
12,829,53743
12,830,53787
12,831,53857
12,832,53895
12,833,53934
12,834,53976
12,835,54036
12,836,54082
12,837,54094
12,838,54179
12,839,54191
12,840,54267
12,841,54478
12,842,54672
12,843,54676
12,844,54683
12,845,54687
12,846,54750
12,847,54756
12,848,54772
12,849,54844
12,850,54913
12,851,54922
12,852,54995
12,853,55219
12,854,55301
12,855,55349
12,856,55430
12,857,55447
12,858,55505
12,859,55524
12,860,55583
12,861,55610
12,862,55614
12,863,55652
12,864,55721
12,865,55766
12,866,55839
12,867,55875
12,868,55885
12,869,55904
12,870,56142
12,871,56173
12,872,56256
12,873,56279
12,874,56336
12,875,56371
12,876,56449
12,877,56537
12,878,56577
12,879,56600
12,880,56797
12,881,56898
12,882,56903
12,883,57010
12,884,57049
12,885,57063
12,886,57064
12,887,57070
12,888,57101
12,889,57177
12,890,57404
12,891,57480
12,892,57550
12,893,57603
12,894,57649
12,895,57809
12,896,57868
12,897,57895
12,898,58103
12,899,58177
12,900,58282
12,901,58357
12,902,58375
12,903,58390
12,904,58404
12,905,58409
12,906,58433
12,907,58489
12,908,58504
12,909,58533
12,910,58542
12,911,58755
12,912,58776
12,913,58841
12,914,58845
12,915,58852
12,916,58870
12,917,58982
12,918,59160
12,919,59497
12,920,59504
12,921,59618
12,922,59656
12,923,59669
12,924,59724
12,925,59739
12,926,59831
12,927,59859
12,928,59928
12,929,60032
12,930,60121
12,931,60294
12,932,60302
12,933,60399
12,934,60451
12,935,60507
12,936,60570
12,937,60704
12,938,60852
12,939,60955
12,940,61054
12,941,61090
12,942,61112
12,943,61118
12,944,61127
12,945,61133
12,946,61174
12,947,61274
12,948,61301
12,949,61402
12,950,61430
12,951,61438
12,952,61481
12,953,61524
12,954,61537
12,955,61563
12,956,61566
12,957,61569
12,958,61580
12,959,61683
12,960,61735
12,961,61745
12,962,61769
12,963,61832
12,964,61839
12,965,61894
12,966,61954
12,967,62117
12,968,62137
12,969,62151
12,970,62318
12,971,62391
12,972,62519
12,973,62549
12,974,62552
12,975,62568
12,976,62650
12,977,62677
12,978,62822
12,979,62827
12,980,62831
12,981,62871
12,982,62891
12,983,63046
12,984,63147
12,985,63180
12,986,63262
12,987,63315
12,988,63317
12,989,63382
12,990,63436
12,991,63571
12,992,63712
12,993,63713
12,994,63738
12,995,63865
12,996,63932
12,997,63933
12,998,64036
12,999,64144
12,1000,64147
12,1001,64177
12,1002,64187
12,1003,64512
12,1004,64637
12,1005,64692
12,1006,64773
12,1007,64793
12,1008,64872
12,1009,64876
12,1010,64906
12,1011,64941
12,1012,64985
12,1013,65031
12,1014,65053
12,1015,65067
12,1016,65095
12,1017,65170
12,1018,65274
12,1019,65281
12,1020,65288
12,1021,65334
12,1022,65359
12,1023,65518
13,0,27
13,1,162
13,2,199
13,3,277
13,4,384
13,5,399
13,6,413
13,7,433
13,8,534
13,9,694
13,10,742
13,11,824
13,12,943
13,13,1031
13,14,1033
13,15,1053
13,16,1069
13,17,1156
13,18,1205
13,19,1374
13,20,1471
13,21,1480
13,22,1499
13,23,1581
13,24,1711
13,25,1712
13,26,1816
13,27,1826
13,28,1859
13,29,1886
13,30,1958
13,31,2113
13,32,2121
13,33,2277
13,34,2344
13,35,2401
13,36,2480
13,37,2481
13,38,2573
13,39,2700
13,40,2763
13,41,2772
13,42,2922
13,43,2940
13,44,3044
13,45,3136
13,46,3138
13,47,3148
13,48,3155
13,49,3167
13,50,3240
13,51,3406
13,52,3439
13,53,3446
13,54,3505
13,55,3598
13,56,3709
13,57,3756
13,58,3772
13,59,3807
13,60,4039
13,61,4162
13,62,4165
13,63,4167
13,64,4345
13,65,4392
13,66,4534
13,67,4569
13,68,4687
13,69,4975
13,70,5000
13,71,5254
13,72,5465
13,73,5497
13,74,5596
13,75,5675
13,76,5686
13,77,5854
13,78,5856
13,79,5865
13,80,5941
13,81,6013
13,82,6027
13,83,6041
13,84,6085
13,85,6248
13,86,6295
13,87,6297
13,88,6418
13,89,6423
13,90,6435
13,91,6440
13,92,6441
13,93,6452
13,94,6492
13,95,6626
13,96,6646
13,97,6825
13,98,6854
13,99,6867
13,100,6941
13,101,7200
13,102,7269
13,103,7275
13,104,7318
13,105,7330
13,106,7423
13,107,7477
13,108,7491
13,109,7550
13,110,7630
13,111,7943
13,112,8001
13,113,8016
13,114,8021
13,115,8046
13,116,8062
13,117,8122
13,118,8158
13,119,8268
13,120,8290
13,121,8305
13,122,8410
13,123,8601
13,124,8688
13,125,8811
13,126,8826
13,127,8891
13,128,8904
13,129,8906
13,130,9000
13,131,9074
13,132,9094
13,133,9111
13,134,9197
13,135,9198
13,136,9304
13,137,9351
13,138,9354
13,139,9453
13,140,9554
13,141,9603
13,142,9666
13,143,9679
13,144,9715
13,145,9735
13,146,9784
13,147,9831
13,148,9860
13,149,9885
13,150,9904
13,151,9910
13,152,10043
13,153,10046
13,154,10141
13,155,10154
13,156,10188
13,157,10195
13,158,10214
13,159,10265
13,160,10378
13,161,10398
13,162,10551
13,163,10621
13,164,10634
13,165,10643
13,166,10672
13,167,10698
13,168,10820
13,169,10830
13,170,11008
13,171,11054
13,172,11086
13,173,11163
13,174,11391
13,175,11576
13,176,11613
13,177,11692
13,178,11713
13,179,11778
13,180,11952
13,181,12052
13,182,12070
13,183,12114
13,184,12190
13,185,12204
13,186,12318
13,187,12361
13,188,12512
13,189,12518
13,190,12639
13,191,12657
13,192,12788
13,193,12799
13,194,12819
13,195,12820
13,196,12848
13,197,12883
13,198,12937
13,199,12995
13,200,13051
13,201,13211
13,202,13366
13,203,13376
13,204,13404
13,205,13504
13,206,13944
13,207,14015
13,208,14042
13,209,14049
13,210,14067
13,211,14074
13,212,14107
13,213,14113
13,214,14124
13,215,14219
13,216,14279
13,217,14291
13,218,14343
13,219,14355
13,220,14458
13,221,14622
13,222,14666
13,223,14681
13,224,14713
13,225,14880
13,226,14905
13,227,14943
13,228,15035
13,229,15093
13,230,15118
13,231,15131
13,232,15260
13,233,15291
13,234,15350
13,235,15353
13,236,15445
13,237,15479
13,238,15482
13,239,15536
13,240,15607
13,241,15686
13,242,15826
13,243,15833
13,244,15860
13,245,15923
13,246,15952
13,247,16051
13,248,16112
13,249,16301
13,250,16408
13,251,16428
13,252,16490
13,253,16682
13,254,16712
13,255,16966
13,256,16980
13,257,16981
13,258,17020
13,259,17101
13,260,17139
13,261,17148
13,262,17194
13,263,17201
13,264,17251
13,265,17305
13,266,17335
13,267,17415
13,268,17433
13,269,17541
13,270,17705
13,271,17715
13,272,17716
13,273,17930
13,274,18049
13,275,18119
13,276,18256
13,277,18428
13,278,18493
13,279,18541
13,280,18595
13,281,18691
13,282,18780
13,283,18800
13,284,18950
13,285,18996
13,286,19005
13,287,19014
13,288,19077
13,289,19136
13,290,19145
13,291,19168
13,292,19204
13,293,19215
13,294,19301
13,295,19336
13,296,19398
13,297,19504
13,298,19702
13,299,19715
13,300,19824
13,301,19844
13,302,19850
13,303,19892
13,304,19971
13,305,20050
13,306,20157
13,307,20189
13,308,20229
13,309,20230
13,310,20286
13,311,20356
13,312,20370
13,313,20409
13,314,20422
13,315,20544
13,316,20819
13,317,20850
13,318,20861
13,319,20946
13,320,21008
13,321,21064
13,322,21080
13,323,21082
13,324,21138
13,325,21186
13,326,21238
13,327,21292
13,328,21451
13,329,21501
13,330,21565
13,331,21625
13,332,21710
13,333,21878
13,334,21959
13,335,22012
13,336,22034
13,337,22065
13,338,22097
13,339,22105
13,340,22215
13,341,22286
13,342,22303
13,343,22332
13,344,22333
13,345,22357
13,346,22421
13,347,22512
13,348,22688
13,349,22748
13,350,22793
13,351,22862
13,352,22909
13,353,22973
13,354,22985
13,355,22989
13,356,23010
13,357,23032
13,358,23081
13,359,23095
13,360,23126
13,361,23188
13,362,23236
13,363,23285
13,364,23316
13,365,23319
13,366,23325
13,367,23395
13,368,23409
13,369,23487
13,370,23600
13,371,23619
13,372,23734
13,373,23761
13,374,23807
13,375,23860
13,376,23889
13,377,23955
13,378,23962
13,379,23964
13,380,24007
13,381,24024
13,382,24081
13,383,24116
13,384,24213
13,385,24309
13,386,24367
13,387,24420
13,388,24494
13,389,24603
13,390,24629
13,391,24665
13,392,24677
13,393,24746
13,394,24903
13,395,24954
13,396,25008
13,397,25009
13,398,25143
13,399,25152
13,400,25155
13,401,25182
13,402,25239
13,403,25286
13,404,25334
13,405,25355
13,406,25390
13,407,25410
13,408,25584
13,409,25595
13,410,25733
13,411,25806
13,412,25957
13,413,26011
13,414,26097
13,415,26185
13,416,26248
13,417,26288
13,418,26311
13,419,26319
13,420,26338
13,421,26362
13,422,26390
13,423,26475
13,424,26540
13,425,26624
13,426,26640
13,427,26648
13,428,26666
13,429,26740
13,430,26766
13,431,26878
13,432,26893
13,433,26957
13,434,27009
13,435,27065
13,436,27121
13,437,27138
13,438,27243
13,439,27277
13,440,27286
13,441,27319
13,442,27360
13,443,27374
13,444,27502
13,445,27564
13,446,27567
13,447,27631
13,448,27653
13,449,27681
13,450,27775
13,451,27789
13,452,27897
13,453,27902
13,454,27927
13,455,27991
13,456,28040
13,457,28123
13,458,28130
13,459,28179
13,460,28259
13,461,28280
13,462,28337
13,463,28340
13,464,28349
13,465,28385
13,466,28473
13,467,28536
13,468,28571
13,469,28613
13,470,28662
13,471,28687
13,472,28749
13,473,28750
13,474,28904
13,475,29110
13,476,29336
13,477,29516
13,478,29545
13,479,29622
13,480,29704
13,481,29969
13,482,30024
13,483,30123
13,484,30158
13,485,30276
13,486,30360
13,487,30619
13,488,30630
13,489,30655
13,490,30665
13,491,30692
13,492,30724
13,493,30897
13,494,30969
13,495,31042
13,496,31159
13,497,31193
13,498,31300
13,499,31305
13,500,31371
13,501,31458
13,502,31474
13,503,31543
13,504,31576
13,505,31700
13,506,31764
13,507,31873
13,508,31926
13,509,32252
13,510,32263
13,511,32459
13,512,32483
13,513,32544
13,514,32620
13,515,32906
13,516,32913
13,517,32984
13,518,33053
13,519,33102
13,520,33129
13,521,33186
13,522,33226
13,523,33315
13,524,33510
13,525,33521
13,526,33567
13,527,33571
13,528,33618
13,529,33911
13,530,33987
13,531,33997
13,532,34020
13,533,34039
13,534,34178
13,535,34220
13,536,34249
13,537,34262
13,538,34290
13,539,34302
13,540,34400
13,541,34405
13,542,34496
13,543,34656
13,544,34712
13,545,34727
13,546,34755
13,547,34757
13,548,34854
13,549,34864
13,550,34875
13,551,34990
13,552,34997
13,553,35053
13,554,35099
13,555,35101
13,556,35184
13,557,35406
13,558,35466
13,559,35534
13,560,35609
13,561,35712
13,562,35738
13,563,35808
13,564,35855
13,565,35886
13,566,36022
13,567,36065
13,568,36150
13,569,36254
13,570,36396
13,571,36439
13,572,36500
13,573,36521
13,574,36558
13,575,36684
13,576,36685
13,577,36705
13,578,36717
13,579,36729
13,580,36900
13,581,36928
13,582,36998
13,583,37016
13,584,37021
13,585,37254
13,586,37270
13,587,37321
13,588,37566
13,589,37661
13,590,37803
13,591,37835
13,592,37938
13,593,37958
13,594,38107
13,595,38187
13,596,38352
13,597,38357
13,598,38371
13,599,38397
13,600,38497
13,601,38559
13,602,38562
13,603,38578
13,604,38579
13,605,38588
13,606,38684
13,607,38690
13,608,38801
13,609,38859
13,610,38875
13,611,38948
13,612,38951
13,613,39066
13,614,39235
13,615,39298
13,616,39463
13,617,39480
13,618,39539
13,619,39630
13,620,39802
13,621,39806
13,622,39909
13,623,39998
13,624,40077
13,625,40132
13,626,40209
13,627,40210
13,628,40214
13,629,40240
13,630,40251
13,631,40263
13,632,40343
13,633,40644
13,634,40651
13,635,40770
13,636,40801
13,637,40804
13,638,41102
13,639,41379
13,640,41448
13,641,41533
13,642,41544
13,643,41627
13,644,41657
13,645,41730
13,646,41756
13,647,41808
13,648,41809
13,649,41997
13,650,42032
13,651,42039
13,652,42042
13,653,42044
13,654,42118
13,655,42136
13,656,42167
13,657,42214
13,658,42222
13,659,42363
13,660,42380
13,661,42441
13,662,42566
13,663,42651
13,664,42679
13,665,42776
13,666,42797
13,667,42981
13,668,42993
13,669,43031
13,670,43042
13,671,43066
13,672,43080
13,673,43092
13,674,43146
13,675,43360
13,676,43389
13,677,43412
13,678,43431
13,679,43563
13,680,43663
13,681,43665
13,682,43685
13,683,43797
13,684,43819
13,685,43881
13,686,43884
13,687,43885
13,688,44074
13,689,44138
13,690,44497
13,691,44535
13,692,44741
13,693,45102
13,694,45174
13,695,45234
13,696,45356
13,697,45389
13,698,45489
13,699,45508
13,700,45534
13,701,45546
13,702,45687
13,703,45730
13,704,45837
13,705,46288
13,706,46308
13,707,46351
13,708,46499
13,709,46569
13,710,46629
13,711,46695
13,712,46765
13,713,46781
13,714,46811
13,715,46867
13,716,46884
13,717,46955
13,718,47063
13,719,47084
13,720,47130
13,721,47138
13,722,47166
13,723,47188
13,724,47237
13,725,47303
13,726,47320
13,727,47322
13,728,47345
13,729,47357
13,730,47454
13,731,47491
13,732,47589
13,733,47621
13,734,47687
13,735,47793
13,736,47809
13,737,47814
13,738,47857
13,739,47890
13,740,47900
13,741,47923
13,742,47932
13,743,48074
13,744,48122
13,745,48146
13,746,48164
13,747,48175
13,748,48373
13,749,48423
13,750,48479
13,751,48491
13,752,48532
13,753,48545
13,754,48678
13,755,48716
13,756,48751
13,757,48937
13,758,48982
13,759,49129
13,760,49160
13,761,49264
13,762,49283
13,763,49340
13,764,49401
13,765,49475
13,766,49499
13,767,49501
13,768,49662
13,769,49740
13,770,49947
13,771,49979
13,772,49990
13,773,49999
13,774,50226
13,775,50495
13,776,50617
13,777,50854
13,778,50986
13,779,50990
13,780,51086
13,781,51088
13,782,51157
13,783,51179
13,784,51185
13,785,51190
13,786,51264
13,787,51515
13,788,51522
13,789,51843
13,790,51855
13,791,51865
13,792,52061
13,793,52068
13,794,52103
13,795,52133
13,796,52139
13,797,52157
13,798,52181
13,799,52404
13,800,52515
13,801,52527
13,802,52558
13,803,52600
13,804,52635
13,805,52727
13,806,52728
13,807,52753
13,808,52758
13,809,52772
13,810,52788
13,811,52832
13,812,52894
13,813,52976
13,814,53100
13,815,53106
13,816,53119
13,817,53145
13,818,53236
13,819,53247
13,820,53256
13,821,53260
13,822,53410
13,823,53558
13,824,53564
13,825,53678
13,826,53752
13,827,53855
13,828,53926
13,829,54129
13,830,54158
13,831,54185
13,832,54349
13,833,54423
13,834,54448
13,835,54475
13,836,54489
13,837,54520
13,838,54547
13,839,54615
13,840,54629
13,841,54670
13,842,54720
13,843,54741
13,844,54837
13,845,54911
13,846,55036
13,847,55041
13,848,55052
13,849,55058
13,850,55068
13,851,55083
13,852,55112
13,853,55117
13,854,55235
13,855,55251
13,856,55297
13,857,55299
13,858,55371
13,859,55419
13,860,55449
13,861,55476
13,862,55506
13,863,55601
13,864,55605
13,865,55763
13,866,55923
13,867,55935
13,868,56079
13,869,56308
13,870,56351
13,871,56363
13,872,56487
13,873,56585
13,874,56671
13,875,56690
13,876,56699
13,877,56715
13,878,56807
13,879,56828
13,880,56885
13,881,56913
13,882,56967
13,883,56976
13,884,57053
13,885,57066
13,886,57388
13,887,57405
13,888,57419
13,889,57633
13,890,57740
13,891,57802
13,892,57973
13,893,58076
13,894,58137
13,895,58168
13,896,58187
13,897,58228
13,898,58232
13,899,58233
13,900,58271
13,901,58300
13,902,58373
13,903,58384
13,904,58443
13,905,58534
13,906,58590
13,907,58670
13,908,58734
13,909,58780
13,910,58857
13,911,58929
13,912,58976
13,913,59019
13,914,59095
13,915,59105
13,916,59107
13,917,59120
13,918,59206
13,919,59218
13,920,59344
13,921,59549
13,922,59644
13,923,59668
13,924,59857
13,925,59903
13,926,60027
13,927,60109
13,928,60115
13,929,60119
13,930,60200
13,931,60241
13,932,60275
13,933,60328
13,934,60351
13,935,60450
13,936,60484
13,937,60656
13,938,60742
13,939,60819
13,940,60821
13,941,60827
13,942,60846
13,943,60948
13,944,61039
13,945,61046
13,946,61153
13,947,61158
13,948,61220
13,949,61253
13,950,61346
13,951,61416
13,952,61472
13,953,61563
13,954,61585
13,955,61605
13,956,61645
13,957,61794
13,958,61829
13,959,61893
13,960,61921
13,961,61954
13,962,62015
13,963,62089
13,964,62205
13,965,62212
13,966,62309
13,967,62324
13,968,62350
13,969,62413
13,970,62485
13,971,62493
13,972,62572
13,973,62617
13,974,62761
13,975,62813
13,976,62846
13,977,62861
13,978,63221
13,979,63245
13,980,63317
13,981,63322
13,982,63391
13,983,63427
13,984,63500
13,985,63558
13,986,63592
13,987,63650
13,988,63657
13,989,63737
13,990,63755
13,991,63760
13,992,63854
13,993,63858
13,994,63863
13,995,63895
13,996,63912
13,997,63979
13,998,64004
13,999,64010
13,1000,64249
13,1001,64266
13,1002,64408
13,1003,64434
13,1004,64444
13,1005,64481
13,1006,64615
13,1007,64638
13,1008,64643
13,1009,64680
13,1010,64720
13,1011,64799
13,1012,65055
13,1013,65148
13,1014,65206
13,1015,65253
13,1016,65341
13,1017,65358
13,1018,65373
13,1019,65444
13,1020,65476
13,1021,65506
13,1022,65515
13,1023,65526
14,0,12
14,1,73
14,2,113
14,3,288
14,4,545
14,5,554
14,6,625
14,7,661
14,8,744
14,9,764
14,10,792
14,11,904
14,12,920
14,13,1066
14,14,1076
14,15,1077
14,16,1120
14,17,1164
14,18,1186
14,19,1221
14,20,1554
14,21,1565
14,22,1863
14,23,1968
14,24,1984
14,25,1994
14,26,2007
14,27,2045
14,28,2102
14,29,2156
14,30,2157
14,31,2194
14,32,2244
14,33,2249
14,34,2275
14,35,2306
14,36,2315
14,37,2430
14,38,2432
14,39,2480
14,40,2516
14,41,2543
14,42,2551
14,43,2685
14,44,2726
14,45,2793
14,46,2849
14,47,2865
14,48,3034
14,49,3152
14,50,3167
14,51,3206
14,52,3301
14,53,3308
14,54,3319
14,55,3429
14,56,3457
14,57,3510
14,58,3649
14,59,3724
14,60,3743
14,61,3758
14,62,3780
14,63,3826
14,64,3856
14,65,3863
14,66,3871
14,67,4027
14,68,4109
14,69,4138
14,70,4147
14,71,4174
14,72,4250
14,73,4306
14,74,4322
14,75,4369
14,76,4439
14,77,4568
14,78,4654
14,79,4708
14,80,4731
14,81,4800
14,82,4832
14,83,4911
14,84,4968
14,85,5019
14,86,5031
14,87,5036
14,88,5126
14,89,5166
14,90,5221
14,91,5226
14,92,5240
14,93,5281
14,94,5288
14,95,5297
14,96,5299
14,97,5314
14,98,5315
14,99,5353
14,100,5367
14,101,5374
14,102,5378
14,103,5382
14,104,5408
14,105,5409
14,106,5572
14,107,5616
14,108,5647
14,109,5683
14,110,5808
14,111,5814
14,112,5901
14,113,5905
14,114,5920
14,115,6126
14,116,6149
14,117,6184
14,118,6219
14,119,6246
14,120,6313
14,121,6357
14,122,6387
14,123,6555
14,124,6557
14,125,6579
14,126,6593
14,127,6718
14,128,6746
14,129,6750
14,130,6823
14,131,7070
14,132,7171
14,133,7178
14,134,7254
14,135,7344
14,136,7376
14,137,7426
14,138,7455
14,139,7530
14,140,7538
14,141,7549
14,142,7634
14,143,7740
14,144,7748
14,145,7873
14,146,7956
14,147,8088
14,148,8259
14,149,8308
14,150,8315
14,151,8488
14,152,8494
14,153,8530
14,154,8680
14,155,8781
14,156,8820
14,157,8836
14,158,9015
14,159,9088
14,160,9126
14,161,9161
14,162,9213
14,163,9287
14,164,9359
14,165,9445
14,166,9582
14,167,9658
14,168,9677
14,169,9950
14,170,10121
14,171,10138
14,172,10257
14,173,10270
14,174,10323
14,175,10431
14,176,10443
14,177,10458
14,178,10496
14,179,10652
14,180,10669
14,181,10670
14,182,10766
14,183,10870
14,184,11000
14,185,11068
14,186,11085
14,187,11092
14,188,11128
14,189,11132
14,190,11134
14,191,11174
14,192,11453
14,193,11578
14,194,11637
14,195,11758
14,196,11889
14,197,12005
14,198,12056
14,199,12136
14,200,12201
14,201,12234
14,202,12435
14,203,12508
14,204,12758
14,205,12763
14,206,12820
14,207,12871
14,208,12874
14,209,13030
14,210,13044
14,211,13114
14,212,13131
14,213,13133
14,214,13231
14,215,13272
14,216,13352
14,217,13420
14,218,13426
14,219,13456
14,220,13496
14,221,13645
14,222,13705
14,223,13759
14,224,13779
14,225,13792
14,226,13855
14,227,13874
14,228,13949
14,229,13959
14,230,13981
14,231,13987
14,232,14010
14,233,14047
14,234,14195
14,235,14234
14,236,14276
14,237,14310
14,238,14312
14,239,14359
14,240,14403
14,241,14491
14,242,14522
14,243,14541
14,244,14569
14,245,14639
14,246,14706
14,247,14719
14,248,14777
14,249,14875
14,250,14888
14,251,14912
14,252,14936
14,253,14957
14,254,14970
14,255,15062
14,256,15127
14,257,15196
14,258,15407
14,259,15448
14,260,15472
14,261,15617
14,262,15661
14,263,15731
14,264,15740
14,265,15847
14,266,16054
14,267,16275
14,268,16312
14,269,16349
14,270,16360
14,271,16371
14,272,16458
14,273,16509
14,274,16583
14,275,16653
14,276,16696
14,277,16698
14,278,16787
14,279,16848
14,280,16873
14,281,16904
14,282,17052
14,283,17087
14,284,17131
14,285,17155
14,286,17291
14,287,17299
14,288,17300
14,289,17387
14,290,17393
14,291,17448
14,292,17540
14,293,17588
14,294,17686
14,295,17715
14,296,17767
14,297,17834
14,298,17924
14,299,17987
14,300,18013
14,301,18211
14,302,18375
14,303,18382
14,304,18387
14,305,18433
14,306,18510
14,307,18719
14,308,18873
14,309,18910
14,310,18922
14,311,18923
14,312,18941
14,313,18960
14,314,19007
14,315,19121
14,316,19239
14,317,19388
14,318,19395
14,319,19515
14,320,19538
14,321,19622
14,322,19672
14,323,19734
14,324,19767
14,325,19817
14,326,19983
14,327,20021
14,328,20035
14,329,20052
14,330,20061
14,331,20069
14,332,20171
14,333,20268
14,334,20286
14,335,20576
14,336,20583
14,337,20694
14,338,20703
14,339,20714
14,340,20732
14,341,20905
14,342,20984
14,343,21027
14,344,21137
14,345,21150
14,346,21229
14,347,21266
14,348,21283
14,349,21348
14,350,21354
14,351,21447
14,352,21617
14,353,21629
14,354,21730
14,355,21753
14,356,21813
14,357,21861
14,358,21974
14,359,22008
14,360,22179
14,361,22196
14,362,22270
14,363,22310
14,364,22334
14,365,22468
14,366,22660
14,367,22722
14,368,22732
14,369,22733
14,370,22863
14,371,22912
14,372,22933
14,373,23083
14,374,23109
14,375,23239
14,376,23336
14,377,23428
14,378,23449
14,379,23525
14,380,23581
14,381,23587
14,382,23600
14,383,23694
14,384,23791
14,385,23857
14,386,23861
14,387,23919
14,388,24017
14,389,24039
14,390,24110
14,391,24176
14,392,24372
14,393,24411
14,394,24456
14,395,24479
14,396,24534
14,397,24551
14,398,24555
14,399,24667
14,400,24689
14,401,24709
14,402,24794
14,403,24820
14,404,24897
14,405,25239
14,406,25294
14,407,25540
14,408,25591
14,409,25837
14,410,25897
14,411,25972
14,412,25994
14,413,26035
14,414,26074
14,415,26102
14,416,26225
14,417,26277
14,418,26287
14,419,26436
14,420,26449
14,421,26536
14,422,26541
14,423,26582
14,424,26596
14,425,26632
14,426,26830
14,427,26836
14,428,26934
14,429,26947
14,430,27024
14,431,27149
14,432,27176
14,433,27196
14,434,27245
14,435,27428
14,436,27458
14,437,27553
14,438,27623
14,439,27648
14,440,27763
14,441,27917
14,442,27952
14,443,28030
14,444,28045
14,445,28104
14,446,28150
14,447,28161
14,448,28196
14,449,28209
14,450,28221
14,451,28332
14,452,28387
14,453,28446
14,454,28795
14,455,28871
14,456,28972
14,457,28974
14,458,29010
14,459,29181
14,460,29325
14,461,29409
14,462,29448
14,463,29494
14,464,29500
14,465,29531
14,466,29533
14,467,29563
14,468,29599
14,469,29610
14,470,29778
14,471,29802
14,472,29873
14,473,29945
14,474,30093
14,475,30143
14,476,30207
14,477,30248
14,478,30296
14,479,30348
14,480,30352
14,481,30370
14,482,30446
14,483,30472
14,484,30473
14,485,30495
14,486,30558
14,487,30580
14,488,31017
14,489,31066
14,490,31083
14,491,31109
14,492,31110
14,493,31116
14,494,31129
14,495,31137
14,496,31247
14,497,31311
14,498,31372
14,499,31549
14,500,31558
14,501,31669
14,502,31951
14,503,32047
14,504,32142
14,505,32205
14,506,32266
14,507,32310
14,508,32325
14,509,32538
14,510,32669
14,511,32700
14,512,32714
14,513,32724
14,514,32839
14,515,32882
14,516,32883
14,517,33039
14,518,33050
14,519,33115
14,520,33129
14,521,33142
14,522,33150
14,523,33206
14,524,33280
14,525,33305
14,526,33513
14,527,33518
14,528,33614
14,529,33668
14,530,33742
14,531,33822
14,532,33832
14,533,33835
14,534,33839
14,535,33868
14,536,33883
14,537,33952
14,538,33968
14,539,34060
14,540,34103
14,541,34173
14,542,34233
14,543,34251
14,544,34289
14,545,34348
14,546,34399
14,547,34407
14,548,34414
14,549,34639
14,550,34652
14,551,34697
14,552,34728
14,553,34779
14,554,34789
14,555,34848
14,556,34955
14,557,35102
14,558,35113
14,559,35263
14,560,35339
14,561,35356
14,562,35427
14,563,35507
14,564,35603
14,565,35627
14,566,35660
14,567,35670
14,568,35764
14,569,35810
14,570,35837
14,571,35849
14,572,35872
14,573,35896
14,574,35926
14,575,35970
14,576,36032
14,577,36237
14,578,36252
14,579,36349
14,580,36412
14,581,36489
14,582,36639
14,583,36647
14,584,36700
14,585,36822
14,586,36856
14,587,37008
14,588,37055
14,589,37063
14,590,37106
14,591,37232
14,592,37240
14,593,37244
14,594,37353
14,595,37384
14,596,37452
14,597,37457
14,598,37679
14,599,37849
14,600,37902
14,601,38102
14,602,38189
14,603,38226
14,604,38238
14,605,38275
14,606,38311
14,607,38340
14,608,38391
14,609,38449
14,610,38772
14,611,38952
14,612,38971
14,613,39098
14,614,39131
14,615,39156
14,616,39213
14,617,39247
14,618,39257
14,619,39259
14,620,39271
14,621,39288
14,622,39386
14,623,39441
14,624,39444
14,625,39455
14,626,39528
14,627,39553
14,628,39766
14,629,39859
14,630,39909
14,631,39967
14,632,40070
14,633,40094
14,634,40107
14,635,40144
14,636,40257
14,637,40274
14,638,40318
14,639,40329
14,640,40408
14,641,40422
14,642,40508
14,643,40587
14,644,40639
14,645,40748
14,646,40787
14,647,40795
14,648,40906
14,649,40982
14,650,41043
14,651,41212
14,652,41297
14,653,41329
14,654,41604
14,655,41716
14,656,41750
14,657,41764
14,658,41855
14,659,41888
14,660,41902
14,661,41966
14,662,41976
14,663,42002
14,664,42100
14,665,42130
14,666,42187
14,667,42192
14,668,42231
14,669,42304
14,670,42318
14,671,42360
14,672,42366
14,673,42374
14,674,42439
14,675,42501
14,676,42557
14,677,42574
14,678,42652
14,679,42675
14,680,42677
14,681,42728
14,682,42872
14,683,42960
14,684,42981
14,685,42997
14,686,43053
14,687,43068
14,688,43115
14,689,43121
14,690,43212
14,691,43527
14,692,43556
14,693,43623
14,694,43819
14,695,43879
14,696,43967
14,697,44012
14,698,44086
14,699,44192
14,700,44199
14,701,44207
14,702,44209
14,703,44261
14,704,44278
14,705,44288
14,706,44389
14,707,44424
14,708,44437
14,709,44528
14,710,44571
14,711,44646
14,712,44665
14,713,44799
14,714,44824
14,715,44872
14,716,44913
14,717,44954
14,718,45225
14,719,45244
14,720,45403
14,721,45450
14,722,45464
14,723,45529
14,724,45619
14,725,45720
14,726,45770
14,727,46178
14,728,46242
14,729,46261
14,730,46274
14,731,46347
14,732,46353
14,733,46415
14,734,46444
14,735,46518
14,736,46562
14,737,46760
14,738,46771
14,739,46869
14,740,46958
14,741,47029
14,742,47074
14,743,47116
14,744,47135
14,745,47181
14,746,47468
14,747,47561
14,748,47820
14,749,47821
14,750,47927
14,751,48018
14,752,48076
14,753,48127
14,754,48182
14,755,48416
14,756,48462
14,757,48600
14,758,48659
14,759,48965
14,760,49016
14,761,49067
14,762,49187
14,763,49221
14,764,49317
14,765,49335
14,766,49342
14,767,49379
14,768,49498
14,769,49501
14,770,49749
14,771,49871
14,772,49890
14,773,50082
14,774,50084
14,775,50119
14,776,50120
14,777,50128
14,778,50136
14,779,50140
14,780,50195
14,781,50326
14,782,50354
14,783,50391
14,784,50429
14,785,50433
14,786,50597
14,787,50657
14,788,50661
14,789,50679
14,790,50686
14,791,50721
14,792,50722
14,793,50921
14,794,51027
14,795,51035
14,796,51119
14,797,51486
14,798,51497
14,799,51536
14,800,51584
14,801,51784
14,802,51908
14,803,51985
14,804,52085
14,805,52095
14,806,52203
14,807,52218
14,808,52381
14,809,52429
14,810,52452
14,811,52486
14,812,52610
14,813,52611
14,814,52674
14,815,52771
14,816,52773
14,817,52935
14,818,52962
14,819,53004
14,820,53005
14,821,53102
14,822,53226
14,823,53259
14,824,53266
14,825,53458
14,826,53553
14,827,53675
14,828,53681
14,829,53729
14,830,53732
14,831,53796
14,832,53828
14,833,53843
14,834,53857
14,835,53921
14,836,54003
14,837,54093
14,838,54097
14,839,54146
14,840,54212
14,841,54368
14,842,54646
14,843,54691
14,844,54711
14,845,54732
14,846,54801
14,847,54805
14,848,54808
14,849,54809
14,850,55126
14,851,55150
14,852,55175
14,853,55224
14,854,55293
14,855,55339
14,856,55370
14,857,55399
14,858,55403
14,859,55405
14,860,55439
14,861,55576
14,862,55640
14,863,55658
14,864,55672
14,865,55876
14,866,55895
14,867,55896
14,868,55924
14,869,55940
14,870,55956
14,871,56074
14,872,56131
14,873,56199
14,874,56259
14,875,56264
14,876,56290
14,877,56317
14,878,56342
14,879,56419
14,880,56450
14,881,56532
14,882,56632
14,883,56646
14,884,56699
14,885,56795
14,886,56830
14,887,56843
14,888,56960
14,889,56978
14,890,57001
14,891,57092
14,892,57115
14,893,57122
14,894,57163
14,895,57243
14,896,57254
14,897,57282
14,898,57324
14,899,57485
14,900,57673
14,901,57722
14,902,57764
14,903,57773
14,904,57782
14,905,57897
14,906,58078
14,907,58275
14,908,58303
14,909,58327
14,910,58456
14,911,58563
14,912,58573
14,913,58657
14,914,58684
14,915,58777
14,916,58856
14,917,58894
14,918,58899
14,919,59197
14,920,59258
14,921,59272
14,922,59352
14,923,59385
14,924,59401
14,925,59404
14,926,59420
14,927,59466
14,928,59494
14,929,59632
14,930,59638
14,931,59696
14,932,59708
14,933,59877
14,934,59891
14,935,59944
14,936,59954
14,937,59981
14,938,59988
14,939,60056
14,940,60138
14,941,60183
14,942,60207
14,943,60248
14,944,60326
14,945,60372
14,946,60408
14,947,60426
14,948,60460
14,949,60545
14,950,60671
14,951,60677
14,952,60788
14,953,60810
14,954,60813
14,955,61023
14,956,61040
14,957,61105
14,958,61118
14,959,61123
14,960,61193
14,961,61363
14,962,61385
14,963,61460
14,964,61472
14,965,61565
14,966,61599
14,967,61673
14,968,61742
14,969,61780
14,970,61793
14,971,61835
14,972,61877
14,973,62079
14,974,62143
14,975,62175
14,976,62195
14,977,62226
14,978,62313
14,979,62375
14,980,62383
14,981,62448
14,982,62579
14,983,62610
14,984,62693
14,985,62847
14,986,62946
14,987,63077
14,988,63129
14,989,63165
14,990,63175
14,991,63242
14,992,63244
14,993,63273
14,994,63276
14,995,63352
14,996,63385
14,997,63398
14,998,63403
14,999,63469
14,1000,63480
14,1001,63515
14,1002,63541
14,1003,63693
14,1004,63714
14,1005,63730
14,1006,63743
14,1007,63798
14,1008,63810
14,1009,63824
14,1010,63909
14,1011,63974
14,1012,64113
14,1013,64135
14,1014,64269
14,1015,64476
14,1016,64498
14,1017,64501
14,1018,64930
14,1019,65051
14,1020,65205
14,1021,65287
14,1022,65354
14,1023,65391
15,0,146
15,1,223
15,2,241
15,3,275
15,4,281
15,5,300
15,6,325
15,7,345
15,8,370
15,9,407
15,10,464
15,11,482
15,12,534
15,13,598
15,14,685
15,15,719
15,16,791
15,17,870
15,18,881
15,19,919
15,20,958
15,21,1004
15,22,1100
15,23,1122
15,24,1147
15,25,1205
15,26,1213
15,27,1255
15,28,1286
15,29,1369
15,30,1448
15,31,1464
15,32,1477
15,33,1505
15,34,1625
15,35,1633
15,36,1659
15,37,1895
15,38,1903
15,39,1950
15,40,1975
15,41,1985
15,42,1988
15,43,2047
15,44,2150
15,45,2279
15,46,2290
15,47,2403
15,48,2488
15,49,2590
15,50,2654
15,51,2693
15,52,3066
15,53,3128
15,54,3139
15,55,3146
15,56,3147
15,57,3303
15,58,3320
15,59,3444
15,60,3492
15,61,3505
15,62,3670
15,63,3681
15,64,3692
15,65,3710
15,66,3720
15,67,3721
15,68,3762
15,69,3899
15,70,3936
15,71,3937
15,72,3938
15,73,4081
15,74,4086
15,75,4104
15,76,4149
15,77,4442
15,78,4501
15,79,4514
15,80,4583
15,81,4639
15,82,4702
15,83,4703
15,84,4749
15,85,4755
15,86,4838
15,87,4874
15,88,4889
15,89,4911
15,90,4953
15,91,4997
15,92,5034
15,93,5118
15,94,5258
15,95,5363
15,96,5457
15,97,5463
15,98,5512
15,99,5531
15,100,5579
15,101,5707
15,102,5775
15,103,5886
15,104,5921
15,105,5964
15,106,6056
15,107,6135
15,108,6254
15,109,6426
15,110,6471
15,111,6579
15,112,6591
15,113,6639
15,114,6669
15,115,6683
15,116,6849
15,117,6928
15,118,6955
15,119,7038
15,120,7045
15,121,7433
15,122,7665
15,123,7668
15,124,7680
15,125,7692
15,126,7709
15,127,7760
15,128,8088
15,129,8093
15,130,8223
15,131,8295
15,132,8399
15,133,8485
15,134,8689
15,135,8809
15,136,8831
15,137,8886
15,138,9039
15,139,9170
15,140,9272
15,141,9320
15,142,9378
15,143,9423
15,144,9594
15,145,9604
15,146,9614
15,147,9679
15,148,9775
15,149,9841
15,150,10042
15,151,10075
15,152,10173
15,153,10176
15,154,10184
15,155,10234
15,156,10337
15,157,10356
15,158,10358
15,159,10379
15,160,10407
15,161,10459
15,162,10471
15,163,10482
15,164,10524
15,165,10542
15,166,10585
15,167,10753
15,168,10790
15,169,10830
15,170,10860
15,171,10939
15,172,11022
15,173,11030
15,174,11044
15,175,11084
15,176,11093
15,177,11230
15,178,11326
15,179,11424
15,180,11441
15,181,11506
15,182,11764
15,183,11779
15,184,11906
15,185,12029
15,186,12046
15,187,12048
15,188,12066
15,189,12139
15,190,12167
15,191,12254
15,192,12299
15,193,12301
15,194,12639
15,195,12642
15,196,12667
15,197,12691
15,198,12724
15,199,12819
15,200,12830
15,201,12835
15,202,12845
15,203,12888
15,204,12924
15,205,12985
15,206,13025
15,207,13118
15,208,13131
15,209,13201
15,210,13380
15,211,13394
15,212,13401
15,213,13430
15,214,13441
15,215,13570
15,216,13605
15,217,13640
15,218,13677
15,219,13801
15,220,13815
15,221,13869
15,222,13947
15,223,14003
15,224,14105
15,225,14215
15,226,14344
15,227,14495
15,228,14508
15,229,14534
15,230,14641
15,231,14714
15,232,14754
15,233,14773
15,234,14781
15,235,14811
15,236,14860
15,237,14880
15,238,14892
15,239,14928
15,240,15039
15,241,15072
15,242,15101
15,243,15192
15,244,15304
15,245,15519
15,246,15586
15,247,15619
15,248,15670
15,249,15687
15,250,15699
15,251,15737
15,252,15771
15,253,15887
15,254,15954
15,255,16057
15,256,16113
15,257,16299
15,258,16312
15,259,16328
15,260,16329
15,261,16594
15,262,16615
15,263,16632
15,264,16656
15,265,16690
15,266,16860
15,267,16863
15,268,16888
15,269,16900
15,270,16913
15,271,17013
15,272,17019
15,273,17029
15,274,17138
15,275,17161
15,276,17241
15,277,17286
15,278,17317
15,279,17321
15,280,17342
15,281,17525
15,282,17592
15,283,17615
15,284,17632
15,285,17643
15,286,17704
15,287,17838
15,288,17879
15,289,17881
15,290,18053
15,291,18114
15,292,18127
15,293,18132
15,294,18174
15,295,18178
15,296,18201
15,297,18305
15,298,18312
15,299,18333
15,300,18372
15,301,18445
15,302,18522
15,303,18764
15,304,18769
15,305,18818
15,306,18826
15,307,18921
15,308,18979
15,309,19009
15,310,19106
15,311,19147
15,312,19162
15,313,19201
15,314,19405
15,315,19441
15,316,19493
15,317,19522
15,318,19565
15,319,19621
15,320,19679
15,321,19742
15,322,19776
15,323,19783
15,324,19868
15,325,19873
15,326,19896
15,327,20025
15,328,20069
15,329,20110
15,330,20190
15,331,20481
15,332,20490
15,333,20545
15,334,20655
15,335,20698
15,336,20807
15,337,20817
15,338,20869
15,339,20883
15,340,20962
15,341,20988
15,342,21021
15,343,21125
15,344,21180
15,345,21240
15,346,21262
15,347,21461
15,348,21508
15,349,21511
15,350,21524
15,351,21605
15,352,21637
15,353,21650
15,354,21679
15,355,21730
15,356,21776
15,357,21830
15,358,22046
15,359,22122
15,360,22213
15,361,22336
15,362,22352
15,363,22390
15,364,22391
15,365,22462
15,366,22851
15,367,23033
15,368,23090
15,369,23106
15,370,23115
15,371,23205
15,372,23234
15,373,23266
15,374,23388
15,375,23406
15,376,23591
15,377,23650
15,378,23678
15,379,23746
15,380,23814
15,381,23846
15,382,23941
15,383,23989
15,384,24052
15,385,24073
15,386,24219
15,387,24237
15,388,24286
15,389,24509
15,390,24522
15,391,24685
15,392,24686
15,393,24735
15,394,24790
15,395,24842
15,396,24869
15,397,24924
15,398,24968
15,399,24985
15,400,24986
15,401,25033
15,402,25095
15,403,25099
15,404,25252
15,405,25309
15,406,25427
15,407,25524
15,408,25534
15,409,25631
15,410,25734
15,411,25737
15,412,25864
15,413,25956
15,414,26387
15,415,26392
15,416,26418
15,417,26513
15,418,26525
15,419,26637
15,420,26643
15,421,26902
15,422,26936
15,423,26944
15,424,26976
15,425,27056
15,426,27212
15,427,27238
15,428,27251
15,429,27289
15,430,27626
15,431,27720
15,432,27764
15,433,27784
15,434,27814
15,435,27827
15,436,27859
15,437,27935
15,438,27976
15,439,27989
15,440,28025
15,441,28081
15,442,28201
15,443,28205
15,444,28271
15,445,28306
15,446,28441
15,447,28449
15,448,28460
15,449,28523
15,450,28562
15,451,28655
15,452,28693
15,453,28868
15,454,28911
15,455,28919
15,456,29096
15,457,29162
15,458,29275
15,459,29285
15,460,29297
15,461,29340
15,462,29396
15,463,29419
15,464,29459
15,465,29530
15,466,29604
15,467,29704
15,468,29720
15,469,29801
15,470,29853
15,471,29861
15,472,29865
15,473,29869
15,474,29908
15,475,29953
15,476,29959
15,477,29966
15,478,29975
15,479,29979
15,480,30128
15,481,30208
15,482,30272
15,483,30297
15,484,30728
15,485,30895
15,486,31073
15,487,31127
15,488,31165
15,489,31167
15,490,31239
15,491,31268
15,492,31279
15,493,31321
15,494,31579
15,495,31739
15,496,31797
15,497,31804
15,498,31836
15,499,31850
15,500,31886
15,501,31906
15,502,32034
15,503,32055
15,504,32306
15,505,32310
15,506,32337
15,507,32365
15,508,32383
15,509,32438
15,510,32464
15,511,32485
15,512,32734
15,513,32785
15,514,32791
15,515,32928
15,516,32948
15,517,32999
15,518,33074
15,519,33161
15,520,33188
15,521,33203
15,522,33273
15,523,33350
15,524,33400
15,525,33461
15,526,33541
15,527,33585
15,528,33595
15,529,33600
15,530,33693
15,531,33828
15,532,33906
15,533,33996
15,534,34002
15,535,34185
15,536,34215
15,537,34223
15,538,34326
15,539,34434
15,540,34449
15,541,34555
15,542,34578
15,543,34634
15,544,34638
15,545,34646
15,546,34777
15,547,34839
15,548,34949
15,549,34954
15,550,34966
15,551,35013
15,552,35186
15,553,35209
15,554,35240
15,555,35247
15,556,35356
15,557,35483
15,558,35522
15,559,35685
15,560,35701
15,561,35764
15,562,35768
15,563,35773
15,564,35820
15,565,35836
15,566,35887
15,567,35930
15,568,35955
15,569,36022
15,570,36060
15,571,36124
15,572,36222
15,573,36247
15,574,36275
15,575,36341
15,576,36357
15,577,36358
15,578,36470
15,579,36514
15,580,36571
15,581,36599
15,582,36791
15,583,36796
15,584,36854
15,585,36929
15,586,36995
15,587,37001
15,588,37021
15,589,37059
15,590,37064
15,591,37072
15,592,37127
15,593,37192
15,594,37319
15,595,37411
15,596,37582
15,597,37744
15,598,37748
15,599,37767
15,600,37938
15,601,38005
15,602,38062
15,603,38236
15,604,38247
15,605,38257
15,606,38349
15,607,38678
15,608,38687
15,609,38736
15,610,38800
15,611,38996
15,612,39088
15,613,39116
15,614,39233
15,615,39306
15,616,39614
15,617,39684
15,618,39753
15,619,39767
15,620,39770
15,621,39893
15,622,39928
15,623,40020
15,624,40117
15,625,40130
15,626,40154
15,627,40191
15,628,40305
15,629,40306
15,630,40328
15,631,40359
15,632,40366
15,633,40439
15,634,40464
15,635,40497
15,636,40511
15,637,40522
15,638,40543
15,639,40600
15,640,40606
15,641,40674
15,642,40680
15,643,40711
15,644,40748
15,645,40755
15,646,40785
15,647,40850
15,648,40867
15,649,40964
15,650,40983
15,651,41192
15,652,41204
15,653,41207
15,654,41220
15,655,41289
15,656,41294
15,657,41307
15,658,41344
15,659,41468
15,660,41532
15,661,41576
15,662,41646
15,663,41684
15,664,41858
15,665,41880
15,666,41895
15,667,42133
15,668,42183
15,669,42234
15,670,42346
15,671,42406
15,672,42427
15,673,42450
15,674,42499
15,675,42509
15,676,42536
15,677,42566
15,678,42586
15,679,42642
15,680,42677
15,681,42720
15,682,42747
15,683,42796
15,684,42867
15,685,42981
15,686,43083
15,687,43128
15,688,43152
15,689,43175
15,690,43464
15,691,43589
15,692,43665
15,693,43667
15,694,43720
15,695,43744
15,696,43795
15,697,43843
15,698,43866
15,699,43895
15,700,43915
15,701,43956
15,702,43995
15,703,44183
15,704,44294
15,705,44349
15,706,44371
15,707,44379
15,708,44536
15,709,44540
15,710,44547
15,711,44573
15,712,44708
15,713,44812
15,714,44853
15,715,44918
15,716,44933
15,717,44951
15,718,44990
15,719,45042
15,720,45298
15,721,45341
15,722,45368
15,723,45379
15,724,45587
15,725,45686
15,726,45689
15,727,45725
15,728,45751
15,729,45754
15,730,45766
15,731,45802
15,732,45822
15,733,45856
15,734,45976
15,735,45998
15,736,46011
15,737,46111
15,738,46221
15,739,46505
15,740,46587
15,741,46648
15,742,46720
15,743,46767
15,744,46782
15,745,46811
15,746,46832
15,747,46897
15,748,46987
15,749,47018
15,750,47153
15,751,47184
15,752,47203
15,753,47400
15,754,47413
15,755,47418
15,756,47511
15,757,47943
15,758,48024
15,759,48069
15,760,48220
15,761,48228
15,762,48263
15,763,48525
15,764,48633
15,765,48643
15,766,48663
15,767,48677
15,768,48699
15,769,48834
15,770,48943
15,771,48950
15,772,49048
15,773,49370
15,774,49439
15,775,49794
15,776,49796
15,777,49808
15,778,49933
15,779,49966
15,780,50054
15,781,50113
15,782,50149
15,783,50225
15,784,50237
15,785,50250
15,786,50266
15,787,50392
15,788,50400
15,789,50654
15,790,50655
15,791,50722
15,792,50805
15,793,50814
15,794,50830
15,795,50986
15,796,50999
15,797,51026
15,798,51304
15,799,51327
15,800,51406
15,801,51432
15,802,51469
15,803,51481
15,804,51567
15,805,51621
15,806,51681
15,807,51711
15,808,51736
15,809,51786
15,810,51879
15,811,51898
15,812,51900
15,813,51949
15,814,52027
15,815,52577
15,816,52635
15,817,52636
15,818,52675
15,819,52680
15,820,52731
15,821,52736
15,822,52739
15,823,52765
15,824,52830
15,825,52855
15,826,52948
15,827,52958
15,828,53260
15,829,53325
15,830,53344
15,831,53530
15,832,53542
15,833,53551
15,834,53577
15,835,53580
15,836,53826
15,837,53955
15,838,53958
15,839,54082
15,840,54153
15,841,54249
15,842,54294
15,843,54350
15,844,54484
15,845,54520
15,846,54555
15,847,54631
15,848,54886
15,849,54915
15,850,54964
15,851,54992
15,852,55038
15,853,55097
15,854,55099
15,855,55110
15,856,55162
15,857,55222
15,858,55241
15,859,55529
15,860,55596
15,861,55911
15,862,55941
15,863,55954
15,864,55977
15,865,56177
15,866,56227
15,867,56310
15,868,56419
15,869,56484
15,870,56570
15,871,56581
15,872,56582
15,873,56670
15,874,56715
15,875,56827
15,876,56841
15,877,56883
15,878,56947
15,879,57192
15,880,57233
15,881,57247
15,882,57310
15,883,57369
15,884,57613
15,885,57641
15,886,57723
15,887,57774
15,888,57806
15,889,57819
15,890,57865
15,891,58003
15,892,58109
15,893,58143
15,894,58156
15,895,58303
15,896,58379
15,897,58419
15,898,58532
15,899,58547
15,900,58617
15,901,58626
15,902,58630
15,903,58678
15,904,58809
15,905,58875
15,906,58894
15,907,58929
15,908,58950
15,909,59061
15,910,59063
15,911,59070
15,912,59132
15,913,59245
15,914,59256
15,915,59422
15,916,59461
15,917,59501
15,918,59541
15,919,59601
15,920,59644
15,921,59739
15,922,59923
15,923,59936
15,924,59965
15,925,60029
15,926,60088
15,927,60089
15,928,60100
15,929,60131
15,930,60143
15,931,60212
15,932,60221
15,933,60286
15,934,60320
15,935,60351
15,936,60529
15,937,60530
15,938,60540
15,939,60552
15,940,60696
15,941,60745
15,942,60785
15,943,60864
15,944,60924
15,945,60962
15,946,61009
15,947,61047
15,948,61079
15,949,61082
15,950,61107
15,951,61280
15,952,61288
15,953,61346
15,954,61386
15,955,61408
15,956,61420
15,957,61489
15,958,61520
15,959,61544
15,960,61592
15,961,61654
15,962,61658
15,963,61770
15,964,61806
15,965,61851
15,966,61919
15,967,61993
15,968,61994
15,969,62047
15,970,62149
15,971,62229
15,972,62258
15,973,62294
15,974,62326
15,975,62330
15,976,62352
15,977,62401
15,978,62490
15,979,62613
15,980,62716
15,981,62771
15,982,62911
15,983,62931
15,984,62942
15,985,62951
15,986,62961
15,987,63125
15,988,63189
15,989,63220
15,990,63308
15,991,63373
15,992,63477
15,993,63542
15,994,63570
15,995,63659
15,996,63756
15,997,63796
15,998,63815
15,999,63893
15,1000,63938
15,1001,63969
15,1002,63989
15,1003,63999
15,1004,64022
15,1005,64039
15,1006,64202
15,1007,64265
15,1008,64344
15,1009,64382
15,1010,64457
15,1011,64498
15,1012,64562
15,1013,64691
15,1014,64706
15,1015,64857
15,1016,64874
15,1017,64882
15,1018,64893
15,1019,64946
15,1020,65000
15,1021,65164
15,1022,65298
15,1023,65495
16,0,68
16,1,109
16,2,123
16,3,134
16,4,356
16,5,376
16,6,392
16,7,528
16,8,547
16,9,603
16,10,612
16,11,701
16,12,724
16,13,814
16,14,911
16,15,1047
16,16,1063
16,17,1145
16,18,1163
16,19,1244
16,20,1265
16,21,1321
16,22,1350
16,23,1526
16,24,1555
16,25,1721
16,26,1766
16,27,1767
16,28,1817
16,29,1868
16,30,1930
16,31,2055
16,32,2060
16,33,2194
16,34,2202
16,35,2218
16,36,2349
16,37,2471
16,38,2630
16,39,2711
16,40,2806
16,41,2854
16,42,3121
16,43,3195
16,44,3216
16,45,3282
16,46,3283
16,47,3306
16,48,3371
16,49,3412
16,50,3477
16,51,3542
16,52,3579
16,53,3643
16,54,3691
16,55,3707
16,56,3712
16,57,3717
16,58,3719
16,59,3724
16,60,3733
16,61,3924
16,62,3944
16,63,4094
16,64,4147
16,65,4170
16,66,4328
16,67,4353
16,68,4495
16,69,4522
16,70,4635
16,71,4668
16,72,4794
16,73,5053
16,74,5067
16,75,5077
16,76,5135
16,77,5157
16,78,5185
16,79,5246
16,80,5410
16,81,5417
16,82,5444
16,83,5522
16,84,5589
16,85,5660
16,86,5729
16,87,5750
16,88,5797
16,89,6020
16,90,6021
16,91,6071
16,92,6084
16,93,6115
16,94,6230
16,95,6349
16,96,6464
16,97,6496
16,98,6568
16,99,6587
16,100,6632
16,101,6757
16,102,6766
16,103,6842
16,104,6859
16,105,6888
16,106,6955
16,107,7064
16,108,7146
16,109,7183
16,110,7424
16,111,7444
16,112,7537
16,113,7538
16,114,7879
16,115,7932
16,116,8052
16,117,8151
16,118,8303
16,119,8345
16,120,8439
16,121,8467
16,122,8486
16,123,8750
16,124,8774
16,125,8808
16,126,8845
16,127,8862
16,128,8948
16,129,9024
16,130,9033
16,131,9047
16,132,9077
16,133,9146
16,134,9151
16,135,9182
16,136,9213
16,137,9316
16,138,9349
16,139,9501
16,140,9640
16,141,9671
16,142,9742
16,143,9965
16,144,9973
16,145,10006
16,146,10351
16,147,10393
16,148,10397
16,149,10721
16,150,10802
16,151,10932
16,152,10967
16,153,10977
16,154,11131
16,155,11298
16,156,11322
16,157,11523
16,158,11526
16,159,11617
16,160,11686
16,161,11837
16,162,11922
16,163,11927
16,164,11980
16,165,11986
16,166,11998
16,167,12127
16,168,12128
16,169,12135
16,170,12243
16,171,12250
16,172,12320
16,173,12357
16,174,12403
16,175,12413
16,176,12571
16,177,12574
16,178,12581
16,179,12646
16,180,12750
16,181,12794
16,182,12892
16,183,12914
16,184,12957
16,185,12970
16,186,13069
16,187,13312
16,188,13363
16,189,13405
16,190,13649
16,191,13654
16,192,13671
16,193,13763
16,194,13782
16,195,13787
16,196,13933
16,197,14115
16,198,14149
16,199,14152
16,200,14162
16,201,14188
16,202,14323
16,203,14433
16,204,14565
16,205,14634
16,206,14716
16,207,14835
16,208,14995
16,209,15005
16,210,15049
16,211,15055
16,212,15141
16,213,15248
16,214,15357
16,215,15389
16,216,15410
16,217,15437
16,218,15452
16,219,15507
16,220,15551
16,221,15552
16,222,15599
16,223,15644
16,224,15676
16,225,15720
16,226,15733
16,227,15951
16,228,15995
16,229,16031
16,230,16175
16,231,16246
16,232,16264
16,233,16270
16,234,16291
16,235,16345
16,236,16429
16,237,16432
16,238,16433
16,239,16482
16,240,16612
16,241,16813
16,242,16850
16,243,16875
16,244,16948
16,245,16975
16,246,16982
16,247,17074
16,248,17234
16,249,17252
16,250,17285
16,251,17352
16,252,17510
16,253,17557
16,254,17581
16,255,17618
16,256,17712
16,257,17718
16,258,17734
16,259,17750
16,260,17774
16,261,17863
16,262,17921
16,263,17944
16,264,17951
16,265,17981
16,266,18008
16,267,18073
16,268,18078
16,269,18103
16,270,18145
16,271,18151
16,272,18180
16,273,18206
16,274,18371
16,275,18492
16,276,18559
16,277,18564
16,278,18570
16,279,18682
16,280,18732
16,281,18754
16,282,18823
16,283,18842
16,284,18914
16,285,19125
16,286,19130
16,287,19131
16,288,19176
16,289,19205
16,290,19270
16,291,19322
16,292,19327
16,293,19358
16,294,19390
16,295,19423
16,296,19451
16,297,19520
16,298,19597
16,299,19633
16,300,19637
16,301,19668
16,302,19708
16,303,19711
16,304,19736
16,305,19749
16,306,19869
16,307,19883
16,308,19922
16,309,20005
16,310,20052
16,311,20144
16,312,20206
16,313,20377
16,314,20514
16,315,20576
16,316,20607
16,317,20648
16,318,20731
16,319,20814
16,320,20869
16,321,20885
16,322,21098
16,323,21209
16,324,21319
16,325,21487
16,326,21693
16,327,21757
16,328,21773
16,329,21774
16,330,21802
16,331,21826
16,332,21850
16,333,21977
16,334,21982
16,335,22319
16,336,22328
16,337,22571
16,338,22649
16,339,22808
16,340,22845
16,341,22882
16,342,23007
16,343,23008
16,344,23126
16,345,23127
16,346,23292
16,347,23435
16,348,23501
16,349,23646
16,350,23704
16,351,23716
16,352,23717
16,353,23799
16,354,23859
16,355,23860
16,356,23911
16,357,24114
16,358,24127
16,359,24235
16,360,24344
16,361,24353
16,362,24383
16,363,24418
16,364,24458
16,365,24468
16,366,24524
16,367,24538
16,368,24653
16,369,24799
16,370,24841
16,371,24880
16,372,24899
16,373,24914
16,374,24921
16,375,24945
16,376,25045
16,377,25154
16,378,25191
16,379,25270
16,380,25353
16,381,25452
16,382,25577
16,383,25686
16,384,25719
16,385,25720
16,386,25748
16,387,25901
16,388,25978
16,389,26014
16,390,26020
16,391,26043
16,392,26049
16,393,26089
16,394,26137
16,395,26191
16,396,26195
16,397,26257
16,398,26273
16,399,26284
16,400,26349
16,401,26400
16,402,26402
16,403,26407
16,404,26490
16,405,26586
16,406,26740
16,407,26800
16,408,26925
16,409,26927
16,410,26957
16,411,27177
16,412,27302
16,413,27421
16,414,27434
16,415,27456
16,416,27581
16,417,27600
16,418,27712
16,419,27761
16,420,27798
16,421,27844
16,422,27947
16,423,27952
16,424,28011
16,425,28105
16,426,28138
16,427,28234
16,428,28289
16,429,28294
16,430,28380
16,431,28495
16,432,28508
16,433,28577
16,434,28637
16,435,28658
16,436,29010
16,437,29030
16,438,29061
16,439,29119
16,440,29270
16,441,29336
16,442,29355
16,443,29388
16,444,29397
16,445,29400
16,446,29427
16,447,29522
16,448,29527
16,449,29530
16,450,29606
16,451,29658
16,452,29692
16,453,29713
16,454,29827
16,455,29856
16,456,30075
16,457,30140
16,458,30150
16,459,30174
16,460,30187
16,461,30225
16,462,30255
16,463,30379
16,464,30419
16,465,30428
16,466,30453
16,467,30466
16,468,30553
16,469,30638
16,470,30645
16,471,30715
16,472,30722
16,473,30826
16,474,30898
16,475,31034
16,476,31113
16,477,31342
16,478,31399
16,479,31429
16,480,31487
16,481,31504
16,482,31523
16,483,31589
16,484,31639
16,485,31660
16,486,31889
16,487,31893
16,488,31912
16,489,31943
16,490,32023
16,491,32026
16,492,32094
16,493,32168
16,494,32176
16,495,32234
16,496,32242
16,497,32254
16,498,32374
16,499,32487
16,500,32533
16,501,32559
16,502,32609
16,503,32615
16,504,32679
16,505,32914
16,506,33022
16,507,33161
16,508,33241
16,509,33335
16,510,33356
16,511,33411
16,512,33442
16,513,33542
16,514,33712
16,515,33755
16,516,33764
16,517,33782
16,518,33791
16,519,33946
16,520,34016
16,521,34055
16,522,34166
16,523,34241
16,524,34266
16,525,34352
16,526,34402
16,527,34409
16,528,34420
16,529,34480
16,530,34529
16,531,34562
16,532,34580
16,533,34591
16,534,34658
16,535,34780
16,536,34799
16,537,34821
16,538,34842
16,539,34859
16,540,34888
16,541,34966
16,542,35084
16,543,35086
16,544,35132
16,545,35211
16,546,35247
16,547,35255
16,548,35313
16,549,35376
16,550,35453
16,551,35460
16,552,35525
16,553,35644
16,554,35652
16,555,35682
16,556,35717
16,557,35775
16,558,35961
16,559,36093
16,560,36131
16,561,36138
16,562,36215
16,563,36260
16,564,36332
16,565,36369
16,566,36386
16,567,36406
16,568,36429
16,569,36444
16,570,36537
16,571,36595
16,572,36622
16,573,36900
16,574,36921
16,575,36948
16,576,36965
16,577,37111
16,578,37247
16,579,37315
16,580,37413
16,581,37514
16,582,37597
16,583,37620
16,584,37657
16,585,37658
16,586,37686
16,587,37727
16,588,37884
16,589,37885
16,590,37963
16,591,38052
16,592,38290
16,593,38391
16,594,38481
16,595,38487
16,596,38573
16,597,38696
16,598,38741
16,599,38869
16,600,38917
16,601,38959
16,602,39038
16,603,39061
16,604,39080
16,605,39089
16,606,39104
16,607,39129
16,608,39254
16,609,39268
16,610,39432
16,611,39440
16,612,39515
16,613,39561
16,614,39562
16,615,39637
16,616,39658
16,617,39659
16,618,39694
16,619,39780
16,620,39848
16,621,39894
16,622,39949
16,623,39977
16,624,39999
16,625,40011
16,626,40016
16,627,40222
16,628,40237
16,629,40293
16,630,40326
16,631,40335
16,632,40353
16,633,40396
16,634,40529
16,635,40608
16,636,40725
16,637,40814
16,638,40875
16,639,40907
16,640,40989
16,641,41039
16,642,41043
16,643,41101
16,644,41197
16,645,41315
16,646,41525
16,647,41559
16,648,41763
16,649,41804
16,650,41895
16,651,41898
16,652,41932
16,653,42034
16,654,42047
16,655,42079
16,656,42168
16,657,42185
16,658,42262
16,659,42265
16,660,42270
16,661,42495
16,662,42938
16,663,42947
16,664,42953
16,665,42967
16,666,43044
16,667,43146
16,668,43160
16,669,43428
16,670,43438
16,671,43517
16,672,43522
16,673,43570
16,674,43613
16,675,43659
16,676,43796
16,677,43808
16,678,43892
16,679,43924
16,680,43984
16,681,43985
16,682,43999
16,683,44201
16,684,44230
16,685,44243
16,686,44263
16,687,44270
16,688,44276
16,689,44375
16,690,44412
16,691,44423
16,692,44528
16,693,44569
16,694,44588
16,695,44598
16,696,44681
16,697,44683
16,698,44788
16,699,44792
16,700,44835
16,701,44844
16,702,44859
16,703,44892
16,704,44911
16,705,44960
16,706,45121
16,707,45140
16,708,45162
16,709,45239
16,710,45241
16,711,45244
16,712,45267
16,713,45354
16,714,45356
16,715,45377
16,716,45423
16,717,45446
16,718,45502
16,719,45536
16,720,45632
16,721,45651
16,722,45768
16,723,45828
16,724,45857
16,725,45862
16,726,45897
16,727,45923
16,728,46051
16,729,46093
16,730,46198
16,731,46225
16,732,46272
16,733,46310
16,734,46410
16,735,46434
16,736,46570
16,737,46574
16,738,46586
16,739,46594
16,740,46654
16,741,46685
16,742,46750
16,743,46772
16,744,46913
16,745,47054
16,746,47058
16,747,47307
16,748,47417
16,749,47418
16,750,47512
16,751,47555
16,752,47566
16,753,47579
16,754,47708
16,755,47731
16,756,47821
16,757,47998
16,758,48044
16,759,48070
16,760,48236
16,761,48253
16,762,48457
16,763,48513
16,764,48540
16,765,48701
16,766,48826
16,767,48836
16,768,48896
16,769,48897
16,770,48901
16,771,49026
16,772,49043
16,773,49110
16,774,49153
16,775,49182
16,776,49214
16,777,49293
16,778,49480
16,779,49496
16,780,49525
16,781,49540
16,782,49575
16,783,49676
16,784,49705
16,785,50191
16,786,50238
16,787,50240
16,788,50277
16,789,50479
16,790,50504
16,791,50564
16,792,50806
16,793,50817
16,794,50831
16,795,50881
16,796,50950
16,797,50988
16,798,51033
16,799,51260
16,800,51452
16,801,51457
16,802,51520
16,803,51743
16,804,51769
16,805,51790
16,806,52067
16,807,52162
16,808,52203
16,809,52242
16,810,52302
16,811,52343
16,812,52398
16,813,52431
16,814,52565
16,815,52606
16,816,52610
16,817,52617
16,818,52676
16,819,52688
16,820,52689
16,821,52834
16,822,52877
16,823,52987
16,824,52996
16,825,53034
16,826,53149
16,827,53338
16,828,53349
16,829,53461
16,830,53584
16,831,53724
16,832,53868
16,833,53895
16,834,53977
16,835,53980
16,836,54019
16,837,54032
16,838,54080
16,839,54084
16,840,54118
16,841,54160
16,842,54173
16,843,54190
16,844,54237
16,845,54241
16,846,54254
16,847,54364
16,848,54398
16,849,54399
16,850,54433
16,851,54474
16,852,54505
16,853,54511
16,854,54642
16,855,54683
16,856,54731
16,857,54761
16,858,54802
16,859,54858
16,860,54876
16,861,54877
16,862,54924
16,863,54950
16,864,54954
16,865,55072
16,866,55123
16,867,55228
16,868,55312
16,869,55361
16,870,55641
16,871,55660
16,872,55731
16,873,55812
16,874,55879
16,875,55912
16,876,55939
16,877,56028
16,878,56112
16,879,56130
16,880,56164
16,881,56261
16,882,56368
16,883,56403
16,884,56436
16,885,56448
16,886,56489
16,887,56513
16,888,56537
16,889,56572
16,890,56654
16,891,56701
16,892,56702
16,893,56748
16,894,56914
16,895,56963
16,896,57019
16,897,57151
16,898,57224
16,899,57356
16,900,57610
16,901,57648
16,902,57700
16,903,57708
16,904,57774
16,905,57791
16,906,57961
16,907,57970
16,908,58071
16,909,58149
16,910,58151
16,911,58223
16,912,58238
16,913,58330
16,914,58464
16,915,58550
16,916,58617
16,917,58700
16,918,58812
16,919,58818
16,920,59026
16,921,59351
16,922,59379
16,923,59664
16,924,59732
16,925,59747
16,926,59780
16,927,59825
16,928,59832
16,929,59931
16,930,59944
16,931,59990
16,932,60125
16,933,60206
16,934,60210
16,935,60234
16,936,60354
16,937,60371
16,938,60380
16,939,60407
16,940,60442
16,941,60444
16,942,60498
16,943,60920
16,944,60936
16,945,60985
16,946,61023
16,947,61138
16,948,61269
16,949,61376
16,950,61408
16,951,61427
16,952,61430
16,953,61496
16,954,61508
16,955,61512
16,956,61614
16,957,61654
16,958,61676
16,959,61717
16,960,61876
16,961,61996
16,962,62007
16,963,62022
16,964,62060
16,965,62062
16,966,62075
16,967,62135
16,968,62162
16,969,62256
16,970,62274
16,971,62283
16,972,62299
16,973,62309
16,974,62338
16,975,62351
16,976,62385
16,977,62423
16,978,62464
16,979,62627
16,980,62633
16,981,62669
16,982,62701
16,983,62765
16,984,62806
16,985,62836
16,986,62852
16,987,62888
16,988,62916
16,989,62951
16,990,62955
16,991,63014
16,992,63186
16,993,63254
16,994,63557
16,995,63565
16,996,63680
16,997,63776
16,998,63795
16,999,63813
16,1000,63962
16,1001,64011
16,1002,64190
16,1003,64196
16,1004,64227
16,1005,64493
16,1006,64521
16,1007,64563
16,1008,64579
16,1009,64649
16,1010,64680
16,1011,64690
16,1012,64937
16,1013,64968
16,1014,65003
16,1015,65099
16,1016,65103
16,1017,65148
16,1018,65211
16,1019,65233
16,1020,65334
16,1021,65419
16,1022,65506
16,1023,65508
17,0,34
17,1,43
17,2,126
17,3,133
17,4,267
17,5,329
17,6,357
17,7,447
17,8,472
17,9,533
17,10,554
17,11,580
17,12,742
17,13,783
17,14,813
17,15,831
17,16,1150
17,17,1270
17,18,1326
17,19,1461
17,20,1518
17,21,1538
17,22,1701
17,23,1741
17,24,1795
17,25,1798
17,26,1804
17,27,1851
17,28,1874
17,29,1884
17,30,2014
17,31,2048
17,32,2093
17,33,2111
17,34,2164
17,35,2235
17,36,2245
17,37,2307
17,38,2394
17,39,2441
17,40,2458
17,41,2763
17,42,2777
17,43,3044
17,44,3202
17,45,3209
17,46,3211
17,47,3352
17,48,3432
17,49,3495
17,50,3504
17,51,3672
17,52,3761
17,53,3850
17,54,3951
17,55,4047
17,56,4125
17,57,4167
17,58,4181
17,59,4351
17,60,4401
17,61,4434
17,62,4500
17,63,4512
17,64,4523
17,65,4595
17,66,4671
17,67,4718
17,68,4749
17,69,4765
17,70,4778
17,71,4780
17,72,4968
17,73,5016
17,74,5057
17,75,5073
17,76,5074
17,77,5122
17,78,5222
17,79,5239
17,80,5367
17,81,5415
17,82,5440
17,83,5528
17,84,5577
17,85,5717
17,86,5870
17,87,5876
17,88,5925
17,89,6012
17,90,6105
17,91,6147
17,92,6337
17,93,6394
17,94,6444
17,95,6567
17,96,6678
17,97,6708
17,98,6719
17,99,6743
17,100,6749
17,101,6818
17,102,6822
17,103,6852
17,104,6885
17,105,6951
17,106,7301
17,107,7308
17,108,7325
17,109,7328
17,110,7412
17,111,7435
17,112,7437
17,113,7474
17,114,7509
17,115,7517
17,116,7587
17,117,7678
17,118,7706
17,119,8008
17,120,8121
17,121,8127
17,122,8192
17,123,8324
17,124,8389
17,125,8446
17,126,8593
17,127,8634
17,128,8784
17,129,8849
17,130,8889
17,131,8993
17,132,9012
17,133,9139
17,134,9238
17,135,9272
17,136,9362
17,137,9411
17,138,9488
17,139,9502
17,140,9706
17,141,9812
17,142,9855
17,143,9899
17,144,9928
17,145,10017
17,146,10057
17,147,10139
17,148,10145
17,149,10171
17,150,10179
17,151,10390
17,152,10485
17,153,10539
17,154,10568
17,155,10868
17,156,10901
17,157,10958
17,158,11046
17,159,11178
17,160,11231
17,161,11339
17,162,11359
17,163,11397
17,164,11552
17,165,11623
17,166,11652
17,167,11698
17,168,11822
17,169,11831
17,170,11857
17,171,11895
17,172,11952
17,173,12042
17,174,12043
17,175,12262
17,176,12388
17,177,12474
17,178,12489
17,179,12580
17,180,12584
17,181,12641
17,182,12668
17,183,12805
17,184,12871
17,185,12960
17,186,13113
17,187,13143
17,188,13162
17,189,13334
17,190,13354
17,191,13412
17,192,13434
17,193,13456
17,194,13656
17,195,13679
17,196,13741
17,197,13867
17,198,14003
17,199,14096
17,200,14255
17,201,14260
17,202,14307
17,203,14327
17,204,14368
17,205,14399
17,206,14455
17,207,14469
17,208,14510
17,209,14548
17,210,14553
17,211,14668
17,212,14749
17,213,14862
17,214,14917
17,215,15071
17,216,15274
17,217,15323
17,218,15618
17,219,15623
17,220,15698
17,221,15727
17,222,15737
17,223,15875
17,224,15939
17,225,15986
17,226,16053
17,227,16128
17,228,16184
17,229,16207
17,230,16239
17,231,16255
17,232,16264
17,233,16270
17,234,16446
17,235,16517
17,236,16535
17,237,16613
17,238,16674
17,239,16738
17,240,16739
17,241,16743
17,242,16782
17,243,16859
17,244,17035
17,245,17110
17,246,17155
17,247,17161
17,248,17189
17,249,17218
17,250,17346
17,251,17386
17,252,17626
17,253,17658
17,254,17682
17,255,17781
17,256,17789
17,257,17899
17,258,17935
17,259,17950
17,260,17985
17,261,18019
17,262,18041
17,263,18291
17,264,18392
17,265,18418
17,266,18524
17,267,18598
17,268,18661
17,269,18688
17,270,18832
17,271,18844
17,272,18890
17,273,18927
17,274,19023
17,275,19267
17,276,19341
17,277,19398
17,278,19425
17,279,19466
17,280,19467
17,281,19545
17,282,19580
17,283,19621
17,284,19729
17,285,19786
17,286,19835
17,287,19882
17,288,19885
17,289,19901
17,290,19949
17,291,20000
17,292,20251
17,293,20256
17,294,20267
17,295,20276
17,296,20431
17,297,20560
17,298,20779
17,299,20799
17,300,20908
17,301,20964
17,302,21164
17,303,21190
17,304,21204
17,305,21396
17,306,21401
17,307,21448
17,308,21518
17,309,21521
17,310,21524
17,311,21542
17,312,21600
17,313,21640
17,314,21677
17,315,21679
17,316,21794
17,317,21864
17,318,21999
17,319,22003
17,320,22146
17,321,22373
17,322,22410
17,323,22492
17,324,22516
17,325,22697
17,326,22733
17,327,22782
17,328,22913
17,329,23015
17,330,23109
17,331,23118
17,332,23143
17,333,23163
17,334,23195
17,335,23223
17,336,23295
17,337,23299
17,338,23354
17,339,23497
17,340,23514
17,341,23647
17,342,23809
17,343,23815
17,344,23883
17,345,23927
17,346,23961
17,347,23966
17,348,24048
17,349,24057
17,350,24074
17,351,24097
17,352,24117
17,353,24259
17,354,24265
17,355,24314
17,356,24320
17,357,24346
17,358,24357
17,359,24376
17,360,24416
17,361,24434
17,362,24482
17,363,24518
17,364,24625
17,365,24817
17,366,24829
17,367,24860
17,368,24902
17,369,24907
17,370,24911
17,371,24934
17,372,24953
17,373,25030
17,374,25093
17,375,25198
17,376,25241
17,377,25252
17,378,25294
17,379,25304
17,380,25402
17,381,25525
17,382,25562
17,383,25709
17,384,25728
17,385,25753
17,386,25776
17,387,25870
17,388,25922
17,389,25956
17,390,26039
17,391,26042
17,392,26074
17,393,26137
17,394,26155
17,395,26202
17,396,26327
17,397,26365
17,398,26443
17,399,26482
17,400,26495
17,401,26554
17,402,26594
17,403,26711
17,404,26738
17,405,26743
17,406,26849
17,407,26866
17,408,26887
17,409,26972
17,410,26975
17,411,27025
17,412,27081
17,413,27133
17,414,27197
17,415,27268
17,416,27277
17,417,27306
17,418,27455
17,419,27483
17,420,27555
17,421,27620
17,422,27802
17,423,27848
17,424,27959
17,425,27984
17,426,27999
17,427,28060
17,428,28124
17,429,28145
17,430,28233
17,431,28241
17,432,28271
17,433,28290
17,434,28352
17,435,28357
17,436,28434
17,437,28486
17,438,28508
17,439,28525
17,440,28600
17,441,28615
17,442,28761
17,443,28818
17,444,28892
17,445,28940
17,446,29031
17,447,29092
17,448,29111
17,449,29289
17,450,29303
17,451,29342
17,452,29359
17,453,29420
17,454,29462
17,455,29502
17,456,29574
17,457,29644
17,458,29680
17,459,29712
17,460,29741
17,461,29790
17,462,29853
17,463,29892
17,464,29922
17,465,29963
17,466,30030
17,467,30094
17,468,30203
17,469,30222
17,470,30235
17,471,30318
17,472,30352
17,473,30457
17,474,30507
17,475,30510
17,476,30833
17,477,30846
17,478,30856
17,479,30980
17,480,31107
17,481,31191
17,482,31337
17,483,31382
17,484,31418
17,485,31502
17,486,31505
17,487,31528
17,488,31640
17,489,31697
17,490,31700
17,491,31706
17,492,31752
17,493,31775
17,494,31833
17,495,31936
17,496,32073
17,497,32084
17,498,32126
17,499,32191
17,500,32291
17,501,32333
17,502,32368
17,503,32374
17,504,32393
17,505,32400
17,506,32408
17,507,32420
17,508,32431
17,509,32521
17,510,32712
17,511,32770
17,512,32806
17,513,32837
17,514,32911
17,515,33042
17,516,33046
17,517,33117
17,518,33128
17,519,33254
17,520,33266
17,521,33394
17,522,33493
17,523,33598
17,524,33634
17,525,33751
17,526,33760
17,527,33777
17,528,33793
17,529,33892
17,530,33895
17,531,34001
17,532,34092
17,533,34151
17,534,34195
17,535,34254
17,536,34335
17,537,34347
17,538,34425
17,539,34525
17,540,34701
17,541,34719
17,542,34881
17,543,35033
17,544,35191
17,545,35205
17,546,35235
17,547,35275
17,548,35389
17,549,35427
17,550,35432
17,551,35497
17,552,35588
17,553,35602
17,554,35611
17,555,35644
17,556,35650
17,557,35739
17,558,35766
17,559,35822
17,560,35828
17,561,35885
17,562,35899
17,563,35910
17,564,36050
17,565,36132
17,566,36249
17,567,36289
17,568,36346
17,569,36374
17,570,36494
17,571,36496
17,572,36500
17,573,36537
17,574,36646
17,575,36647
17,576,36667
17,577,36742
17,578,36821
17,579,36885
17,580,36913
17,581,36992
17,582,37004
17,583,37026
17,584,37110
17,585,37196
17,586,37263
17,587,37286
17,588,37463
17,589,37483
17,590,37513
17,591,37732
17,592,37870
17,593,37923
17,594,37933
17,595,37957
17,596,38045
17,597,38124
17,598,38361
17,599,38365
17,600,38379
17,601,38393
17,602,38453
17,603,38599
17,604,38614
17,605,38624
17,606,38742
17,607,38761
17,608,38768
17,609,38779
17,610,38802
17,611,38811
17,612,38860
17,613,38868
17,614,38942
17,615,38992
17,616,39214
17,617,39237
17,618,39284
17,619,39287
17,620,39357
17,621,39378
17,622,39456
17,623,39536
17,624,39543
17,625,39742
17,626,39778
17,627,39857
17,628,39898
17,629,40072
17,630,40086
17,631,40155
17,632,40199
17,633,40371
17,634,40480
17,635,40531
17,636,40549
17,637,40616
17,638,40666
17,639,40737
17,640,40741
17,641,40767
17,642,40774
17,643,40791
17,644,40798
17,645,40950
17,646,40981
17,647,41074
17,648,41191
17,649,41210
17,650,41275
17,651,41359
17,652,41469
17,653,41470
17,654,41483
17,655,41540
17,656,41677
17,657,41774
17,658,41961
17,659,42048
17,660,42094
17,661,42198
17,662,42259
17,663,42268
17,664,42301
17,665,42306
17,666,42415
17,667,42578
17,668,42607
17,669,42749
17,670,42857
17,671,42901
17,672,43196
17,673,43321
17,674,43329
17,675,43457
17,676,43729
17,677,43780
17,678,43838
17,679,43846
17,680,43850
17,681,43876
17,682,43937
17,683,44162
17,684,44187
17,685,44243
17,686,44347
17,687,44532
17,688,44579
17,689,44605
17,690,44616
17,691,44901
17,692,45022
17,693,45050
17,694,45063
17,695,45082
17,696,45100
17,697,45134
17,698,45136
17,699,45170
17,700,45195
17,701,45218
17,702,45221
17,703,45235
17,704,45270
17,705,45312
17,706,45320
17,707,45343
17,708,45365
17,709,45396
17,710,45425
17,711,45480
17,712,45500
17,713,45573
17,714,45583
17,715,45618
17,716,45648
17,717,45670
17,718,45717
17,719,45742
17,720,45871
17,721,45940
17,722,46018
17,723,46130
17,724,46304
17,725,46387
17,726,46407
17,727,46453
17,728,46454
17,729,46495
17,730,46521
17,731,46529
17,732,46571
17,733,46659
17,734,46718
17,735,46767
17,736,46805
17,737,46812
17,738,47057
17,739,47126
17,740,47176
17,741,47234
17,742,47243
17,743,47250
17,744,47276
17,745,47305
17,746,47374
17,747,47418
17,748,47437
17,749,47490
17,750,47494
17,751,47523
17,752,47573
17,753,47654
17,754,47729
17,755,47787
17,756,47834
17,757,47873
17,758,47906
17,759,47983
17,760,47999
17,761,48094
17,762,48240
17,763,48281
17,764,48513
17,765,48529
17,766,48608
17,767,48628
17,768,48678
17,769,48837
17,770,48870
17,771,49074
17,772,49220
17,773,49226
17,774,49292
17,775,49307
17,776,49376
17,777,49396
17,778,49451
17,779,49655
17,780,49661
17,781,49752
17,782,49794
17,783,49864
17,784,49874
17,785,49882
17,786,49899
17,787,49910
17,788,49988
17,789,50001
17,790,50008
17,791,50054
17,792,50073
17,793,50101
17,794,50261
17,795,50264
17,796,50313
17,797,50328
17,798,50363
17,799,50414
17,800,50601
17,801,50609
17,802,50660
17,803,50664
17,804,50673
17,805,50761
17,806,50855
17,807,50886
17,808,50891
17,809,50977
17,810,51050
17,811,51054
17,812,51056
17,813,51064
17,814,51103
17,815,51141
17,816,51231
17,817,51407
17,818,51416
17,819,51430
17,820,51472
17,821,51516
17,822,51553
17,823,51561
17,824,51603
17,825,51613
17,826,51647
17,827,51814
17,828,51918
17,829,51980
17,830,51987
17,831,51996
17,832,52075
17,833,52114
17,834,52209
17,835,52349
17,836,52430
17,837,52688
17,838,52707
17,839,52750
17,840,52827
17,841,52955
17,842,53127
17,843,53197
17,844,53475
17,845,53611
17,846,53667
17,847,53778
17,848,53782
17,849,53853
17,850,53854
17,851,53898
17,852,53914
17,853,53979
17,854,54395
17,855,54420
17,856,54450
17,857,54522
17,858,54546
17,859,54614
17,860,54621
17,861,54714
17,862,54717
17,863,54754
17,864,54808
17,865,54830
17,866,54911
17,867,55016
17,868,55170
17,869,55308
17,870,55321
17,871,55484
17,872,55537
17,873,55589
17,874,55732
17,875,55794
17,876,55800
17,877,55916
17,878,56130
17,879,56355
17,880,56356
17,881,56361
17,882,56401
17,883,56543
17,884,56558
17,885,56651
17,886,56681
17,887,56781
17,888,56819
17,889,56979
17,890,57192
17,891,57209
17,892,57353
17,893,57436
17,894,57444
17,895,57448
17,896,57451
17,897,57458
17,898,57502
17,899,57542
17,900,57684
17,901,57792
17,902,57866
17,903,57943
17,904,57953
17,905,57957
17,906,57965
17,907,57980
17,908,58126
17,909,58163
17,910,58205
17,911,58225
17,912,58238
17,913,58310
17,914,58377
17,915,58383
17,916,58428
17,917,58448
17,918,58579
17,919,58583
17,920,58650
17,921,58681
17,922,58684
17,923,58723
17,924,58805
17,925,58835
17,926,58932
17,927,59044
17,928,59169
17,929,59188
17,930,59283
17,931,59315
17,932,59330
17,933,59351
17,934,59562
17,935,59685
17,936,59696
17,937,59857
17,938,59917
17,939,59961
17,940,60072
17,941,60263
17,942,60337
17,943,60356
17,944,60452
17,945,60493
17,946,60640
17,947,60663
17,948,60727
17,949,60819
17,950,60820
17,951,61112
17,952,61124
17,953,61250
17,954,61289
17,955,61478
17,956,61511
17,957,61521
17,958,61594
17,959,61682
17,960,61702
17,961,61921
17,962,62036
17,963,62050
17,964,62137
17,965,62201
17,966,62297
17,967,62308
17,968,62391
17,969,62440
17,970,62477
17,971,62557
17,972,62636
17,973,62660
17,974,62670
17,975,62711
17,976,62718
17,977,62789
17,978,62880
17,979,63097
17,980,63203
17,981,63241
17,982,63244
17,983,63246
17,984,63302
17,985,63316
17,986,63387
17,987,63445
17,988,63506
17,989,63532
17,990,63608
17,991,63623
17,992,63647
17,993,63677
17,994,63867
17,995,63900
17,996,63915
17,997,63925
17,998,63953
17,999,63990
17,1000,64004
17,1001,64132
17,1002,64137
17,1003,64182
17,1004,64260
17,1005,64373
17,1006,64445
17,1007,64476
17,1008,64648
17,1009,64694
17,1010,64732
17,1011,64761
17,1012,64917
17,1013,64944
17,1014,64960
17,1015,65046
17,1016,65071
17,1017,65119
17,1018,65122
17,1019,65142
17,1020,65164
17,1021,65258
17,1022,65324
17,1023,65455
18,0,107
18,1,185
18,2,268
18,3,322
18,4,324
18,5,385
18,6,414
18,7,585
18,8,623
18,9,689
18,10,724
18,11,754
18,12,790
18,13,823
18,14,875
18,15,883
18,16,884
18,17,972
18,18,984
18,19,1195
18,20,1214
18,21,1229
18,22,1278
18,23,1404
18,24,1459
18,25,1469
18,26,1491
18,27,1619
18,28,1646
18,29,1712
18,30,1777
18,31,1986
18,32,1998
18,33,2049
18,34,2094
18,35,2205
18,36,2227
18,37,2284
18,38,2327
18,39,2343
18,40,2372
18,41,2382
18,42,2396
18,43,2480
18,44,2488
18,45,2520
18,46,2541
18,47,2700
18,48,2745
18,49,2827
18,50,2851
18,51,2881
18,52,2935
18,53,2936
18,54,2969
18,55,3003
18,56,3052
18,57,3386
18,58,3398
18,59,3485
18,60,3488
18,61,3518
18,62,3594
18,63,3613
18,64,3707
18,65,3739
18,66,3778
18,67,3845
18,68,4020
18,69,4036
18,70,4095
18,71,4272
18,72,4355
18,73,4394
18,74,4433
18,75,4547
18,76,4612
18,77,4637
18,78,4658
18,79,4765
18,80,4838
18,81,4877
18,82,4898
18,83,5051
18,84,5063
18,85,5086
18,86,5111
18,87,5359
18,88,5405
18,89,5542
18,90,5552
18,91,5589
18,92,5633
18,93,5634
18,94,5678
18,95,5730
18,96,6034
18,97,6233
18,98,6238
18,99,6405
18,100,6493
18,101,6587
18,102,6622
18,103,6702
18,104,6728
18,105,6742
18,106,6777
18,107,6809
18,108,6855
18,109,6865
18,110,6868
18,111,6979
18,112,6987
18,113,7012
18,114,7078
18,115,7370
18,116,7389
18,117,7453
18,118,7587
18,119,7625
18,120,7630
18,121,7635
18,122,7659
18,123,7677
18,124,7788
18,125,8101
18,126,8106
18,127,8334
18,128,8380
18,129,8386
18,130,8410
18,131,8505
18,132,8560
18,133,8561
18,134,8626
18,135,8903
18,136,8997
18,137,9090
18,138,9120
18,139,9158
18,140,9276
18,141,9291
18,142,9464
18,143,9509
18,144,9548
18,145,9555
18,146,9579
18,147,9588
18,148,9596
18,149,9629
18,150,9950
18,151,9987
18,152,10016
18,153,10045
18,154,10127
18,155,10229
18,156,10267
18,157,10449
18,158,10497
18,159,10560
18,160,10652
18,161,10655
18,162,10657
18,163,10692
18,164,10707
18,165,10814
18,166,10831
18,167,10876
18,168,10984
18,169,11024
18,170,11041
18,171,11150
18,172,11174
18,173,11185
18,174,11243
18,175,11427
18,176,11601
18,177,11690
18,178,11928
18,179,11978
18,180,12018
18,181,12022
18,182,12055
18,183,12210
18,184,12435
18,185,12629
18,186,12720
18,187,12743
18,188,12941
18,189,13005
18,190,13066
18,191,13105
18,192,13108
18,193,13148
18,194,13230
18,195,13276
18,196,13295
18,197,13319
18,198,13453
18,199,13458
18,200,13564
18,201,13666
18,202,13758
18,203,13816
18,204,13866
18,205,13884
18,206,13887
18,207,13980
18,208,13998
18,209,14010
18,210,14069
18,211,14184
18,212,14188
18,213,14202
18,214,14237
18,215,14330
18,216,14371
18,217,14455
18,218,14469
18,219,14501
18,220,14658
18,221,14756
18,222,14943
18,223,15005
18,224,15024
18,225,15035
18,226,15129
18,227,15279
18,228,15406
18,229,15429
18,230,15496
18,231,15506
18,232,15528
18,233,15583
18,234,15589
18,235,15594
18,236,15707
18,237,15726
18,238,15795
18,239,16087
18,240,16207
18,241,16301
18,242,16330
18,243,16523
18,244,16661
18,245,16666
18,246,16677
18,247,16712
18,248,16737
18,249,16929
18,250,17001
18,251,17071
18,252,17174
18,253,17265
18,254,17291
18,255,17335
18,256,17394
18,257,17500
18,258,17538
18,259,17542
18,260,17580
18,261,17603
18,262,17617
18,263,17625
18,264,17694
18,265,17760
18,266,17766
18,267,17779
18,268,17863
18,269,17864
18,270,17877
18,271,17956
18,272,17967
18,273,18021
18,274,18150
18,275,18307
18,276,18355
18,277,18377
18,278,18427
18,279,18453
18,280,18460
18,281,18599
18,282,18605
18,283,18614
18,284,18696
18,285,18816
18,286,18902
18,287,18904
18,288,19024
18,289,19095
18,290,19124
18,291,19234
18,292,19237
18,293,19344
18,294,19393
18,295,19577
18,296,19601
18,297,19606
18,298,19621
18,299,19630
18,300,19732
18,301,19813
18,302,19814
18,303,19922
18,304,19977
18,305,20002
18,306,20161
18,307,20173
18,308,20214
18,309,20242
18,310,20253
18,311,20321
18,312,20478
18,313,20674
18,314,20790
18,315,20941
18,316,21027
18,317,21057
18,318,21117
18,319,21208
18,320,21286
18,321,21320
18,322,21399
18,323,21594
18,324,21599
18,325,21600
18,326,21666
18,327,21717
18,328,21728
18,329,21753
18,330,21956
18,331,21963
18,332,22013
18,333,22036
18,334,22053
18,335,22054
18,336,22152
18,337,22213
18,338,22232
18,339,22381
18,340,22432
18,341,22656
18,342,22685
18,343,22695
18,344,22721
18,345,22729
18,346,22770
18,347,22808
18,348,22846
18,349,22880
18,350,22903
18,351,22933
18,352,23377
18,353,23458
18,354,23481
18,355,23552
18,356,23604
18,357,23642
18,358,23687
18,359,23724
18,360,23744
18,361,23890
18,362,24009
18,363,24175
18,364,24221
18,365,24259
18,366,24268
18,367,24409
18,368,24411
18,369,24492
18,370,24577
18,371,24588
18,372,24653
18,373,24672
18,374,24678
18,375,24719
18,376,24749
18,377,24779
18,378,24788
18,379,24945
18,380,24953
18,381,25039
18,382,25075
18,383,25123
18,384,25132
18,385,25175
18,386,25268
18,387,25310
18,388,25332
18,389,25397
18,390,25411
18,391,25470
18,392,25497
18,393,25547
18,394,25682
18,395,25830
18,396,25870
18,397,26142
18,398,26181
18,399,26200
18,400,26241
18,401,26254
18,402,26277
18,403,26279
18,404,26379
18,405,26588
18,406,26649
18,407,26661
18,408,26689
18,409,26702
18,410,26714
18,411,26732
18,412,26742
18,413,26764
18,414,26811
18,415,26813
18,416,26836
18,417,26849
18,418,26888
18,419,26979
18,420,27012
18,421,27018
18,422,27122
18,423,27145
18,424,27197
18,425,27267
18,426,27281
18,427,27306
18,428,27387
18,429,27507
18,430,27519
18,431,27536
18,432,27542
18,433,27648
18,434,27783
18,435,27844
18,436,27868
18,437,28073
18,438,28113
18,439,28135
18,440,28200
18,441,28212
18,442,28277
18,443,28331
18,444,28404
18,445,28452
18,446,28521
18,447,28523
18,448,28554
18,449,28850
18,450,28878
18,451,28881
18,452,28921
18,453,29022
18,454,29073
18,455,29075
18,456,29084
18,457,29180
18,458,29212
18,459,29280
18,460,29383
18,461,29420
18,462,29443
18,463,29518
18,464,29523
18,465,29666
18,466,29676
18,467,29760
18,468,29799
18,469,29843
18,470,29854
18,471,29878
18,472,29985
18,473,30128
18,474,30175
18,475,30220
18,476,30276
18,477,30280
18,478,30365
18,479,30425
18,480,30512
18,481,30622
18,482,30636
18,483,30639
18,484,30840
18,485,30908
18,486,31020
18,487,31038
18,488,31105
18,489,31106
18,490,31142
18,491,31153
18,492,31189
18,493,31210
18,494,31297
18,495,31298
18,496,31418
18,497,31486
18,498,31626
18,499,31803
18,500,32038
18,501,32204
18,502,32349
18,503,32381
18,504,32382
18,505,32452
18,506,32544
18,507,32571
18,508,32624
18,509,32628
18,510,32668
18,511,32687
18,512,32719
18,513,32744
18,514,32901
18,515,33047
18,516,33288
18,517,33290
18,518,33301
18,519,33317
18,520,33370
18,521,33442
18,522,33506
18,523,33515
18,524,33553
18,525,33682
18,526,33873
18,527,33964
18,528,33972
18,529,33980
18,530,33994
18,531,34101
18,532,34187
18,533,34384
18,534,34510
18,535,34543
18,536,34656
18,537,34673
18,538,34816
18,539,34879
18,540,34944
18,541,35001
18,542,35113
18,543,35138
18,544,35175
18,545,35328
18,546,35382
18,547,35406
18,548,35441
18,549,35481
18,550,35526
18,551,35636
18,552,35659
18,553,35696
18,554,35784
18,555,35839
18,556,35849
18,557,35970
18,558,36028
18,559,36245
18,560,36331
18,561,36411
18,562,36424
18,563,36773
18,564,36819
18,565,36865
18,566,36943
18,567,37216
18,568,37386
18,569,37392
18,570,37458
18,571,37586
18,572,37632
18,573,37639
18,574,37680
18,575,37867
18,576,37963
18,577,38001
18,578,38033
18,579,38075
18,580,38087
18,581,38117
18,582,38160
18,583,38189
18,584,38214
18,585,38384
18,586,38394
18,587,38484
18,588,38573
18,589,38582
18,590,38673
18,591,38807
18,592,38958
18,593,38995
18,594,39018
18,595,39041
18,596,39054
18,597,39122
18,598,39189
18,599,39190
18,600,39216
18,601,39231
18,602,39346
18,603,39623
18,604,39642
18,605,39709
18,606,39762
18,607,39807
18,608,39809
18,609,39827
18,610,39855
18,611,39972
18,612,40122
18,613,40144
18,614,40196
18,615,40229
18,616,40284
18,617,40401
18,618,40410
18,619,40428
18,620,40496
18,621,40503
18,622,40669
18,623,40738
18,624,40806
18,625,40809
18,626,40889
18,627,40909
18,628,40945
18,629,41045
18,630,41149
18,631,41155
18,632,41193
18,633,41218
18,634,41308
18,635,41390
18,636,41456
18,637,41466
18,638,41595
18,639,41620
18,640,41665
18,641,41672
18,642,41738
18,643,41753
18,644,41788
18,645,41883
18,646,41997
18,647,42120
18,648,42148
18,649,42151
18,650,42235
18,651,42268
18,652,42308
18,653,42319
18,654,42366
18,655,42368
18,656,42420
18,657,42577
18,658,42581
18,659,42693
18,660,42811
18,661,42840
18,662,42899
18,663,43329
18,664,43347
18,665,43615
18,666,43658
18,667,43742
18,668,43765
18,669,43876
18,670,43885
18,671,44027
18,672,44053
18,673,44095
18,674,44155
18,675,44187
18,676,44196
18,677,44317
18,678,44395
18,679,44424
18,680,44462
18,681,44476
18,682,44578
18,683,44656
18,684,44879
18,685,44969
18,686,45038
18,687,45095
18,688,45125
18,689,45137
18,690,45149
18,691,45325
18,692,45496
18,693,45522
18,694,45529
18,695,45536
18,696,45587
18,697,45671
18,698,45749
18,699,45839
18,700,45846
18,701,45853
18,702,46350
18,703,46421
18,704,46437
18,705,46443
18,706,46547
18,707,46577
18,708,46591
18,709,46641
18,710,46655
18,711,46744
18,712,46806
18,713,46808
18,714,46856
18,715,46955
18,716,47088
18,717,47098
18,718,47182
18,719,47187
18,720,47228
18,721,47231
18,722,47243
18,723,47249
18,724,47257
18,725,47408
18,726,47442
18,727,47469
18,728,47500
18,729,47509
18,730,47623
18,731,47718
18,732,47763
18,733,47821
18,734,47879
18,735,47985
18,736,48007
18,737,48026
18,738,48082
18,739,48095
18,740,48100
18,741,48155
18,742,48169
18,743,48193
18,744,48219
18,745,48224
18,746,48294
18,747,48388
18,748,48401
18,749,48443
18,750,48484
18,751,48598
18,752,48723
18,753,48735
18,754,48766
18,755,48867
18,756,48870
18,757,48923
18,758,48992
18,759,49009
18,760,49014
18,761,49015
18,762,49106
18,763,49183
18,764,49372
18,765,49502
18,766,49526
18,767,49559
18,768,49679
18,769,49763
18,770,49844
18,771,49872
18,772,49995
18,773,50094
18,774,50096
18,775,50143
18,776,50144
18,777,50157
18,778,50163
18,779,50168
18,780,50234
18,781,50240
18,782,50266
18,783,50272
18,784,50338
18,785,50346
18,786,50428
18,787,50484
18,788,50639
18,789,50758
18,790,50773
18,791,50774
18,792,50929
18,793,50979
18,794,51004
18,795,51102
18,796,51111
18,797,51143
18,798,51211
18,799,51309
18,800,51329
18,801,51376
18,802,51507
18,803,51513
18,804,51514
18,805,51573
18,806,51619
18,807,51719
18,808,51824
18,809,51865
18,810,51878
18,811,51989
18,812,52012
18,813,52032
18,814,52050
18,815,52071
18,816,52191
18,817,52234
18,818,52255
18,819,52281
18,820,52296
18,821,52397
18,822,52523
18,823,52550
18,824,52586
18,825,52610
18,826,52612
18,827,52742
18,828,52744
18,829,52800
18,830,52975
18,831,52999
18,832,53025
18,833,53223
18,834,53235
18,835,53284
18,836,53423
18,837,53457
18,838,53460
18,839,53470
18,840,53501
18,841,53503
18,842,53519
18,843,53591
18,844,53685
18,845,53744
18,846,53959
18,847,54033
18,848,54215
18,849,54225
18,850,54236
18,851,54387
18,852,54425
18,853,54443
18,854,54529
18,855,54538
18,856,54787
18,857,54906
18,858,54922
18,859,55074
18,860,55120
18,861,55193
18,862,55261
18,863,55385
18,864,55650
18,865,55686
18,866,55763
18,867,55792
18,868,55827
18,869,55898
18,870,55931
18,871,55968
18,872,56040
18,873,56071
18,874,56100
18,875,56130
18,876,56190
18,877,56207
18,878,56255
18,879,56284
18,880,56365
18,881,56380
18,882,56417
18,883,56455
18,884,56544
18,885,56550
18,886,56598
18,887,56713
18,888,56737
18,889,56771
18,890,56851
18,891,56908
18,892,56925
18,893,56940
18,894,57079
18,895,57124
18,896,57304
18,897,57311
18,898,57334
18,899,57374
18,900,57419
18,901,57456
18,902,57494
18,903,57687
18,904,57691
18,905,57832
18,906,57927
18,907,57973
18,908,58025
18,909,58093
18,910,58243
18,911,58341
18,912,58383
18,913,58542
18,914,58636
18,915,58645
18,916,58654
18,917,58694
18,918,58747
18,919,58748
18,920,58824
18,921,58856
18,922,58870
18,923,59064
18,924,59180
18,925,59249
18,926,59286
18,927,59338
18,928,59355
18,929,59416
18,930,59482
18,931,59488
18,932,59596
18,933,59619
18,934,59627
18,935,59765
18,936,59824
18,937,59854
18,938,59944
18,939,59946
18,940,59961
18,941,59975
18,942,60020
18,943,60030
18,944,60034
18,945,60081
18,946,60212
18,947,60275
18,948,60389
18,949,60419
18,950,60500
18,951,60569
18,952,60576
18,953,60638
18,954,60703
18,955,60714
18,956,60934
18,957,60956
18,958,61252
18,959,61270
18,960,61343
18,961,61415
18,962,61424
18,963,61474
18,964,61492
18,965,61564
18,966,61596
18,967,61687
18,968,61699
18,969,61746
18,970,61747
18,971,61757
18,972,61834
18,973,61893
18,974,62105
18,975,62163
18,976,62172
18,977,62232
18,978,62285
18,979,62293
18,980,62338
18,981,62406
18,982,62428
18,983,62435
18,984,62529
18,985,62532
18,986,62716
18,987,62726
18,988,62778
18,989,62848
18,990,62915
18,991,63126
18,992,63144
18,993,63249
18,994,63263
18,995,63375
18,996,63392
18,997,63414
18,998,63579
18,999,63806
18,1000,63913
18,1001,63975
18,1002,63979
18,1003,64020
18,1004,64129
18,1005,64165
18,1006,64222
18,1007,64318
18,1008,64357
18,1009,64413
18,1010,64548
18,1011,64560
18,1012,64613
18,1013,64689
18,1014,64704
18,1015,64801
18,1016,64934
18,1017,65079
18,1018,65261
18,1019,65358
18,1020,65382
18,1021,65433
18,1022,65467
18,1023,65524
19,0,17
19,1,32
19,2,52
19,3,60
19,4,74
19,5,100
19,6,128
19,7,140
19,8,183
19,9,187
19,10,190
19,11,246
19,12,364
19,13,365
19,14,387
19,15,398
19,16,506
19,17,550
19,18,581
19,19,640
19,20,667
19,21,698
19,22,724
19,23,747
19,24,794
19,25,1009
19,26,1154
19,27,1223
19,28,1308
19,29,1326
19,30,1350
19,31,1458
19,32,1704
19,33,1745
19,34,1786
19,35,1811
19,36,1940
19,37,1997
19,38,2002
19,39,2013
19,40,2118
19,41,2182
19,42,2222
19,43,2258
19,44,2328
19,45,2454
19,46,2476
19,47,2543
19,48,2545
19,49,2682
19,50,2704
19,51,2726
19,52,2736
19,53,2836
19,54,2867
19,55,2935
19,56,2976
19,57,3001
19,58,3090
19,59,3109
19,60,3163
19,61,3272
19,62,3321
19,63,3384
19,64,3388
19,65,3418
19,66,3424
19,67,3467
19,68,3564
19,69,3621
19,70,3679
19,71,4040
19,72,4096
19,73,4102
19,74,4217
19,75,4438
19,76,4544
19,77,4757
19,78,4859
19,79,4887
19,80,4893
19,81,4947
19,82,5109
19,83,5184
19,84,5217
19,85,5222
19,86,5412
19,87,5485
19,88,5520
19,89,5675
19,90,5740
19,91,5823
19,92,5894
19,93,5961
19,94,5965
19,95,5975
19,96,6258
19,97,6287
19,98,6321
19,99,6325
19,100,6384
19,101,6476
19,102,6653
19,103,6668
19,104,6719
19,105,6753
19,106,6774
19,107,6806
19,108,6813
19,109,6849
19,110,6892
19,111,7031
19,112,7032
19,113,7071
19,114,7102
19,115,7168
19,116,7234
19,117,7346
19,118,7357
19,119,7399
19,120,7401
19,121,7410
19,122,7419
19,123,7466
19,124,7573
19,125,7733
19,126,7793
19,127,7818
19,128,7943
19,129,7948
19,130,7981
19,131,8131
19,132,8132
19,133,8293
19,134,8311
19,135,8419
19,136,8513
19,137,8529
19,138,8536
19,139,8562
19,140,8616
19,141,8618
19,142,8646
19,143,8688
19,144,8790
19,145,8875
19,146,8886
19,147,9030
19,148,9035
19,149,9122
19,150,9184
19,151,9277
19,152,9282
19,153,9542
19,154,9671
19,155,9673
19,156,9710
19,157,9727
19,158,9747
19,159,9779
19,160,9848
19,161,9920
19,162,9972
19,163,9974
19,164,9989
19,165,10044
19,166,10159
19,167,10211
19,168,10276
19,169,10323
19,170,10401
19,171,10443
19,172,10456
19,173,10476
19,174,10501
19,175,10528
19,176,10605
19,177,10624
19,178,10921
19,179,11044
19,180,11068
19,181,11075
19,182,11171
19,183,11187
19,184,11319
19,185,11407
19,186,11413
19,187,11555
19,188,11587
19,189,11747
19,190,11806
19,191,11810
19,192,11904
19,193,12007
19,194,12026
19,195,12169
19,196,12435
19,197,12580
19,198,12734
19,199,12772
19,200,12810
19,201,12847
19,202,12860
19,203,12871
19,204,12996
19,205,13212
19,206,13281
19,207,13410
19,208,13412
19,209,13556
19,210,13558
19,211,13582
19,212,13608
19,213,13659
19,214,13799
19,215,13832
19,216,13887
19,217,14380
19,218,14397
19,219,14404
19,220,14417
19,221,14503
19,222,14554
19,223,14603
19,224,14670
19,225,15042
19,226,15082
19,227,15143
19,228,15168
19,229,15232
19,230,15267
19,231,15291
19,232,15297
19,233,15328
19,234,15445
19,235,15526
19,236,15579
19,237,15690
19,238,15746
19,239,15770
19,240,16007
19,241,16159
19,242,16195
19,243,16225
19,244,16261
19,245,16350
19,246,16405
19,247,16524
19,248,16538
19,249,16552
19,250,16586
19,251,16622
19,252,16646
19,253,16766
19,254,16819
19,255,16874
19,256,16898
19,257,17082
19,258,17098
19,259,17122
19,260,17161
19,261,17328
19,262,17410
19,263,17441
19,264,17475
19,265,17520
19,266,17532
19,267,17593
19,268,17615
19,269,17629
19,270,17783
19,271,17857
19,272,17877
19,273,17952
19,274,17956
19,275,17971
19,276,17972
19,277,17982
19,278,18034
19,279,18164
19,280,18205
19,281,18232
19,282,18333
19,283,18339
19,284,18358
19,285,18729
19,286,18750
19,287,18928
19,288,18948
19,289,19126
19,290,19138
19,291,19145
19,292,19150
19,293,19199
19,294,19273
19,295,19295
19,296,19431
19,297,19640
19,298,19740
19,299,19819
19,300,19868
19,301,19989
19,302,20058
19,303,20127
19,304,20182
19,305,20207
19,306,20335
19,307,20388
19,308,20559
19,309,20579
19,310,20611
19,311,20619
19,312,20623
19,313,20764
19,314,20803
19,315,20826
19,316,20884
19,317,20933
19,318,20957
19,319,20992
19,320,21116
19,321,21169
19,322,21217
19,323,21269
19,324,21326
19,325,21332
19,326,21346
19,327,21381
19,328,21383
19,329,21445
19,330,21487
19,331,21796
19,332,21990
19,333,22012
19,334,22034
19,335,22075
19,336,22123
19,337,22127
19,338,22175
19,339,22225
19,340,22331
19,341,22406
19,342,22419
19,343,22468
19,344,22476
19,345,22511
19,346,22512
19,347,22526
19,348,22599
19,349,22626
19,350,22646
19,351,22724
19,352,22775
19,353,22881
19,354,22906
19,355,22943
19,356,23048
19,357,23075
19,358,23137
19,359,23154
19,360,23163
19,361,23339
19,362,23456
19,363,23469
19,364,23475
19,365,23512
19,366,23529
19,367,23683
19,368,23692
19,369,23831
19,370,23857
19,371,23977
19,372,23989
19,373,23990
19,374,24171
19,375,24560
19,376,24563
19,377,24619
19,378,24683
19,379,24724
19,380,24772
19,381,24882
19,382,24902
19,383,24969
19,384,25015
19,385,25078
19,386,25101
19,387,25131
19,388,25194
19,389,25315
19,390,25371
19,391,25472
19,392,25680
19,393,25725
19,394,25834
19,395,25920
19,396,26126
19,397,26206
19,398,26257
19,399,26339
19,400,26346
19,401,26439
19,402,26456
19,403,26501
19,404,26562
19,405,26571
19,406,26617
19,407,26674
19,408,26766
19,409,27016
19,410,27038
19,411,27063
19,412,27276
19,413,27485
19,414,27499
19,415,27705
19,416,27724
19,417,27779
19,418,27804
19,419,27898
19,420,27939
19,421,27981
19,422,28061
19,423,28213
19,424,28235
19,425,28267
19,426,28351
19,427,28375
19,428,28376
19,429,28520
19,430,28616
19,431,28660
19,432,28765
19,433,28797
19,434,28807
19,435,28900
19,436,28958
19,437,28974
19,438,28993
19,439,29010
19,440,29078
19,441,29129
19,442,29435
19,443,29495
19,444,29553
19,445,29641
19,446,29844
19,447,29896
19,448,29919
19,449,29929
19,450,29975
19,451,29983
19,452,30046
19,453,30170
19,454,30200
19,455,30261
19,456,30449
19,457,30486
19,458,30618
19,459,30645
19,460,30790
19,461,30842
19,462,30862
19,463,30973
19,464,30981
19,465,31011
19,466,31072
19,467,31261
19,468,31317
19,469,31332
19,470,31338
19,471,31340
19,472,31348
19,473,31443
19,474,31559
19,475,31646
19,476,31730
19,477,31823
19,478,32043
19,479,32062
19,480,32093
19,481,32096
19,482,32315
19,483,32408
19,484,32554
19,485,32666
19,486,32941
19,487,33004
19,488,33064
19,489,33066
19,490,33105
19,491,33134
19,492,33234
19,493,33235
19,494,33260
19,495,33349
19,496,33356
19,497,33482
19,498,33559
19,499,33570
19,500,33585
19,501,33586
19,502,33726
19,503,33757
19,504,33775
19,505,33822
19,506,33830
19,507,33931
19,508,33952
19,509,33986
19,510,34010
19,511,34012
19,512,34367
19,513,34370
19,514,34394
19,515,34501
19,516,34517
19,517,34651
19,518,34675
19,519,34715
19,520,34767
19,521,34871
19,522,34899
19,523,34901
19,524,35007
19,525,35135
19,526,35198
19,527,35235
19,528,35299
19,529,35335
19,530,35342
19,531,35350
19,532,35360
19,533,35569
19,534,35586
19,535,35712
19,536,35771
19,537,35772
19,538,35790
19,539,35927
19,540,35932
19,541,36074
19,542,36108
19,543,36182
19,544,36235
19,545,36272
19,546,36293
19,547,36496
19,548,36643
19,549,36730
19,550,36742
19,551,36749
19,552,36874
19,553,36904
19,554,36956
19,555,37131
19,556,37321
19,557,37364
19,558,37427
19,559,37534
19,560,37557
19,561,37609
19,562,37758
19,563,37866
19,564,37895
19,565,37937
19,566,37975
19,567,38020
19,568,38125
19,569,38190
19,570,38260
19,571,38455
19,572,38765
19,573,38776
19,574,38814
19,575,38906
19,576,38910
19,577,38967
19,578,39154
19,579,39162
19,580,39275
19,581,39548
19,582,39721
19,583,39765
19,584,39852
19,585,39894
19,586,39901
19,587,39904
19,588,40032
19,589,40067
19,590,40078
19,591,40145
19,592,40189
19,593,40195
19,594,40224
19,595,40396
19,596,40405
19,597,40411
19,598,40428
19,599,40434
19,600,40698
19,601,40742
19,602,40797
19,603,40805
19,604,40858
19,605,41054
19,606,41067
19,607,41201
19,608,41210
19,609,41216
19,610,41225
19,611,41307
19,612,41355
19,613,41364
19,614,41367
19,615,41398
19,616,41427
19,617,41439
19,618,41657
19,619,41775
19,620,41787
19,621,41847
19,622,41858
19,623,42011
19,624,42032
19,625,42089
19,626,42135
19,627,42140
19,628,42210
19,629,42346
19,630,42354
19,631,42500
19,632,42540
19,633,42616
19,634,42729
19,635,42852
19,636,42862
19,637,42926
19,638,42980
19,639,43006
19,640,43060
19,641,43071
19,642,43075
19,643,43090
19,644,43127
19,645,43144
19,646,43146
19,647,43183
19,648,43224
19,649,43309
19,650,43436
19,651,43554
19,652,43630
19,653,43677
19,654,43748
19,655,43752
19,656,43825
19,657,43841
19,658,43914
19,659,43925
19,660,43931
19,661,43967
19,662,44077
19,663,44154
19,664,44183
19,665,44274
19,666,44346
19,667,44382
19,668,44417
19,669,44432
19,670,44448
19,671,44474
19,672,44487
19,673,44503
19,674,44696
19,675,44699
19,676,44711
19,677,44717
19,678,44763
19,679,44773
19,680,44784
19,681,44815
19,682,44851
19,683,44885
19,684,44905
19,685,44963
19,686,45028
19,687,45049
19,688,45058
19,689,45131
19,690,45154
19,691,45165
19,692,45209
19,693,45217
19,694,45231
19,695,45408
19,696,45460
19,697,45553
19,698,45574
19,699,45581
19,700,45670
19,701,45678
19,702,45720
19,703,45877
19,704,45937
19,705,45939
19,706,46210
19,707,46307
19,708,46332
19,709,46336
19,710,46347
19,711,46414
19,712,46513
19,713,46535
19,714,46549
19,715,46770
19,716,46861
19,717,46863
19,718,46953
19,719,46966
19,720,46982
19,721,46990
19,722,47059
19,723,47076
19,724,47124
19,725,47129
19,726,47180
19,727,47260
19,728,47302
19,729,47305
19,730,47318
19,731,47467
19,732,47560
19,733,47579
19,734,47654
19,735,47664
19,736,47725
19,737,47794
19,738,47920
19,739,47922
19,740,47936
19,741,47958
19,742,48061
19,743,48125
19,744,48155
19,745,48206
19,746,48250
19,747,48396
19,748,48419
19,749,48611
19,750,48667
19,751,48745
19,752,48771
19,753,48810
19,754,48839
19,755,48878
19,756,48896
19,757,48918
19,758,49042
19,759,49052
19,760,49212
19,761,49245
19,762,49308
19,763,49335
19,764,49368
19,765,49389
19,766,49404
19,767,49450
19,768,49501
19,769,49596
19,770,49682
19,771,49820
19,772,49847
19,773,49907
19,774,49911
19,775,49914
19,776,50026
19,777,50028
19,778,50034
19,779,50063
19,780,50335
19,781,50429
19,782,50457
19,783,50677
19,784,50733
19,785,50894
19,786,50932
19,787,51102
19,788,51142
19,789,51240
19,790,51284
19,791,51385
19,792,51387
19,793,51464
19,794,51475
19,795,51573
19,796,51698
19,797,51703
19,798,51922
19,799,51952
19,800,51989
19,801,52224
19,802,52231
19,803,52262
19,804,52307
19,805,52337
19,806,52483
19,807,52606
19,808,52741
19,809,52747
19,810,52821
19,811,52932
19,812,52950
19,813,53011
19,814,53041
19,815,53042
19,816,53082
19,817,53141
19,818,53170
19,819,53331
19,820,53389
19,821,53463
19,822,53479
19,823,53481
19,824,53544
19,825,53547
19,826,53846
19,827,53873
19,828,53884
19,829,53954
19,830,53968
19,831,54097
19,832,54115
19,833,54155
19,834,54204
19,835,54288
19,836,54379
19,837,54515
19,838,54589
19,839,54596
19,840,54622
19,841,54706
19,842,54708
19,843,54735
19,844,54796
19,845,54955
19,846,55114
19,847,55133
19,848,55246
19,849,55254
19,850,55281
19,851,55346
19,852,55403
19,853,55437
19,854,55442
19,855,55509
19,856,55525
19,857,55698
19,858,55721
19,859,55802
19,860,55880
19,861,55907
19,862,56029
19,863,56072
19,864,56090
19,865,56236
19,866,56244
19,867,56274
19,868,56309
19,869,56357
19,870,56424
19,871,56556
19,872,56720
19,873,56777
19,874,56873
19,875,56876
19,876,56886
19,877,56996
19,878,57051
19,879,57219
19,880,57249
19,881,57287
19,882,57317
19,883,57421
19,884,57431
19,885,57438
19,886,57597
19,887,57646
19,888,57747
19,889,57777
19,890,57818
19,891,57920
19,892,57953
19,893,57958
19,894,58090
19,895,58152
19,896,58173
19,897,58221
19,898,58290
19,899,58316
19,900,58326
19,901,58376
19,902,58412
19,903,58430
19,904,58523
19,905,58557
19,906,58704
19,907,58800
19,908,58852
19,909,58866
19,910,58890
19,911,58966
19,912,58996
19,913,59159
19,914,59200
19,915,59209
19,916,59247
19,917,59272
19,918,59370
19,919,59488
19,920,59497
19,921,59612
19,922,59640
19,923,59646
19,924,59658
19,925,59758
19,926,59781
19,927,59939
19,928,59949
19,929,60017
19,930,60119
19,931,60127
19,932,60264
19,933,60288
19,934,60346
19,935,60456
19,936,60495
19,937,60608
19,938,60614
19,939,60625
19,940,60638
19,941,60757
19,942,60924
19,943,61027
19,944,61042
19,945,61081
19,946,61148
19,947,61178
19,948,61197
19,949,61249
19,950,61335
19,951,61345
19,952,61366
19,953,61396
19,954,61411
19,955,61421
19,956,61446
19,957,61520
19,958,61575
19,959,61738
19,960,61883
19,961,61919
19,962,62020
19,963,62101
19,964,62140
19,965,62150
19,966,62289
19,967,62321
19,968,62518
19,969,62586
19,970,62803
19,971,62816
19,972,62828
19,973,62836
19,974,62913
19,975,62924
19,976,63028
19,977,63085
19,978,63173
19,979,63312
19,980,63342
19,981,63366
19,982,63405
19,983,63406
19,984,63457
19,985,63468
19,986,63556
19,987,63599
19,988,63634
19,989,63756
19,990,63790
19,991,63933
19,992,64042
19,993,64076
19,994,64100
19,995,64104
19,996,64125
19,997,64135
19,998,64151
19,999,64261
19,1000,64264
19,1001,64295
19,1002,64330
19,1003,64502
19,1004,64547
19,1005,64589
19,1006,64676
19,1007,64710
19,1008,64740
19,1009,64752
19,1010,64847
19,1011,64872
19,1012,64879
19,1013,64946
19,1014,64986
19,1015,65063
19,1016,65119
19,1017,65156
19,1018,65249
19,1019,65308
19,1020,65315
19,1021,65437
19,1022,65515
19,1023,65530
20,0,17
20,1,22
20,2,29
20,3,33
20,4,171
20,5,187
20,6,208
20,7,220
20,8,324
20,9,330
20,10,409
20,11,487
20,12,494
20,13,694
20,14,731
20,15,771
20,16,776
20,17,780
20,18,922
20,19,966
20,20,1032
20,21,1256
20,22,1335
20,23,1530
20,24,1572
20,25,1598
20,26,1617
20,27,1670
20,28,1690
20,29,1695
20,30,1715
20,31,1831
20,32,2007
20,33,2211
20,34,2224
20,35,2232
20,36,2236
20,37,2271
20,38,2366
20,39,2450
20,40,2451
20,41,2504
20,42,2590
20,43,2603
20,44,2644
20,45,2650
20,46,2656
20,47,2737
20,48,2834
20,49,2857
20,50,2909
20,51,2938
20,52,3095
20,53,3108
20,54,3110
20,55,3340
20,56,3362
20,57,3625
20,58,3759
20,59,3787
20,60,3999
20,61,4003
20,62,4017
20,63,4104
20,64,4134
20,65,4175
20,66,4183
20,67,4190
20,68,4315
20,69,4468
20,70,4555
20,71,4601
20,72,4623
20,73,4656
20,74,4774
20,75,4830
20,76,4863
20,77,4877
20,78,4913
20,79,5058
20,80,5084
20,81,5087
20,82,5138
20,83,5378
20,84,5400
20,85,5437
20,86,5460
20,87,5538
20,88,5739
20,89,5917
20,90,5988
20,91,6004
20,92,6030
20,93,6067
20,94,6173
20,95,6261
20,96,6319
20,97,6350
20,98,6544
20,99,6565
20,100,6576
20,101,6822
20,102,6864
20,103,6889
20,104,6954
20,105,6986
20,106,7108
20,107,7180
20,108,7220
20,109,7349
20,110,7353
20,111,7355
20,112,7397
20,113,7432
20,114,7509
20,115,7571
20,116,7579
20,117,7849
20,118,7896
20,119,7913
20,120,7941
20,121,7943
20,122,7959
20,123,8036
20,124,8189
20,125,8239
20,126,8273
20,127,8393
20,128,8505
20,129,8528
20,130,8551
20,131,8651
20,132,8765
20,133,8820
20,134,8872
20,135,8926
20,136,9001
20,137,9015
20,138,9062
20,139,9075
20,140,9161
20,141,9174
20,142,9186
20,143,9200
20,144,9208
20,145,9220
20,146,9317
20,147,9336
20,148,9354
20,149,9376
20,150,9420
20,151,9465
20,152,9473
20,153,9607
20,154,9733
20,155,9776
20,156,9799
20,157,9808
20,158,9899
20,159,9937
20,160,9961
20,161,9984
20,162,10005
20,163,10040
20,164,10127
20,165,10170
20,166,10220
20,167,10238
20,168,10337
20,169,10381
20,170,10444
20,171,10549
20,172,10558
20,173,10622
20,174,10770
20,175,10787
20,176,10836
20,177,10843
20,178,10895
20,179,11011
20,180,11060
20,181,11148
20,182,11179
20,183,11302
20,184,11357
20,185,11466
20,186,11529
20,187,11859
20,188,11904
20,189,11949
20,190,11998
20,191,12017
20,192,12074
20,193,12080
20,194,12179
20,195,12187
20,196,12196
20,197,12347
20,198,12504
20,199,12728
20,200,12769
20,201,12842
20,202,12922
20,203,12931
20,204,12973
20,205,13006
20,206,13068
20,207,13106
20,208,13212
20,209,13227
20,210,13345
20,211,13362
20,212,13402
20,213,13570
20,214,13586
20,215,13591
20,216,13614
20,217,13653
20,218,13720
20,219,13787
20,220,13810
20,221,14075
20,222,14114
20,223,14306
20,224,14327
20,225,14332
20,226,14338
20,227,14394
20,228,14599
20,229,14647
20,230,14681
20,231,14695
20,232,14725
20,233,14813
20,234,14859
20,235,14901
20,236,14966
20,237,14981
20,238,14990
20,239,15020
20,240,15069
20,241,15071
20,242,15128
20,243,15167
20,244,15176
20,245,15323
20,246,15370
20,247,15518
20,248,15536
20,249,15539
20,250,15561
20,251,15631
20,252,15649
20,253,15682
20,254,15692
20,255,15744
20,256,15805
20,257,15887
20,258,15900
20,259,15947
20,260,16012
20,261,16335
20,262,16372
20,263,16638
20,264,16686
20,265,16694
20,266,16766
20,267,16870
20,268,16965
20,269,17071
20,270,17270
20,271,17310
20,272,17313
20,273,17484
20,274,17562
20,275,17584
20,276,17638
20,277,17652
20,278,17673
20,279,17701
20,280,17721
20,281,17771
20,282,17866
20,283,17922
20,284,17927
20,285,17939
20,286,17942
20,287,17987
20,288,18037
20,289,18258
20,290,18348
20,291,18358
20,292,18408
20,293,18426
20,294,18464
20,295,18592
20,296,18634
20,297,18635
20,298,18637
20,299,18648
20,300,18729
20,301,18809
20,302,18836
20,303,18886
20,304,18938
20,305,18960
20,306,18991
20,307,19044
20,308,19100
20,309,19294
20,310,19299
20,311,19457
20,312,19485
20,313,19583
20,314,19626
20,315,19650
20,316,19678
20,317,19727
20,318,19741
20,319,19880
20,320,19885
20,321,19888
20,322,19922
20,323,19940
20,324,19953
20,325,20129
20,326,20133
20,327,20177
20,328,20344
20,329,20369
20,330,20412
20,331,20425
20,332,20789
20,333,20847
20,334,20857
20,335,20892
20,336,20899
20,337,21071
20,338,21076
20,339,21170
20,340,21334
20,341,21425
20,342,21504
20,343,21665
20,344,21785
20,345,21813
20,346,21827
20,347,21848
20,348,21868
20,349,21874
20,350,22018
20,351,22076
20,352,22078
20,353,22131
20,354,22254
20,355,22259
20,356,22263
20,357,22277
20,358,22319
20,359,22356
20,360,22410
20,361,22525
20,362,22581
20,363,22592
20,364,22619
20,365,22634
20,366,22649
20,367,22822
20,368,22880
20,369,22885
20,370,22957
20,371,22992
20,372,23008
20,373,23078
20,374,23138
20,375,23198
20,376,23215
20,377,23274
20,378,23308
20,379,23401
20,380,23497
20,381,23520
20,382,23650
20,383,23808
20,384,23835
20,385,23839
20,386,23975
20,387,23987
20,388,23998
20,389,24044
20,390,24050
20,391,24060
20,392,24083
20,393,24127
20,394,24136
20,395,24142
20,396,24241
20,397,24248
20,398,24252
20,399,24317
20,400,24464
20,401,24478
20,402,24602
20,403,24737
20,404,24815
20,405,24832
20,406,24954
20,407,24963
20,408,24966
20,409,25031
20,410,25046
20,411,25144
20,412,25205
20,413,25250
20,414,25361
20,415,25575
20,416,25624
20,417,25640
20,418,25830
20,419,26049
20,420,26277
20,421,26291
20,422,26294
20,423,26302
20,424,26336
20,425,26358
20,426,26361
20,427,26396
20,428,26398
20,429,26434
20,430,26444
20,431,26507
20,432,26526
20,433,26565
20,434,26570
20,435,26656
20,436,26665
20,437,26763
20,438,26767
20,439,26776
20,440,26831
20,441,26849
20,442,27024
20,443,27046
20,444,27184
20,445,27186
20,446,27319
20,447,27396
20,448,27457
20,449,27918
20,450,27931
20,451,27997
20,452,28183
20,453,28225
20,454,28228
20,455,28456
20,456,28498
20,457,28621
20,458,28626
20,459,28681
20,460,28817
20,461,28840
20,462,28853
20,463,28854
20,464,28865
20,465,28954
20,466,28975
20,467,28991
20,468,29009
20,469,29152
20,470,29165
20,471,29191
20,472,29236
20,473,29299
20,474,29506
20,475,29616
20,476,29648
20,477,29883
20,478,29901
20,479,30066
20,480,30117
20,481,30130
20,482,30170
20,483,30249
20,484,30356
20,485,30622
20,486,30699
20,487,30723
20,488,30781
20,489,31006
20,490,31093
20,491,31138
20,492,31145
20,493,31337
20,494,31449
20,495,31518
20,496,31625
20,497,31666
20,498,31672
20,499,31682
20,500,31708
20,501,31728
20,502,31763
20,503,31785
20,504,31909
20,505,31948
20,506,32095
20,507,32182
20,508,32263
20,509,32282
20,510,32347
20,511,32400
20,512,32679
20,513,32738
20,514,32780
20,515,32781
20,516,32839
20,517,32842
20,518,32844
20,519,32857
20,520,32902
20,521,32945
20,522,33066
20,523,33076
20,524,33092
20,525,33174
20,526,33383
20,527,33464
20,528,33622
20,529,33695
20,530,33856
20,531,33858
20,532,33883
20,533,33992
20,534,34095
20,535,34167
20,536,34352
20,537,34365
20,538,34407
20,539,34408
20,540,34410
20,541,34443
20,542,34469
20,543,34525
20,544,34643
20,545,34739
20,546,34750
20,547,34808
20,548,34880
20,549,34910
20,550,34948
20,551,35043
20,552,35069
20,553,35076
20,554,35093
20,555,35112
20,556,35142
20,557,35256
20,558,35287
20,559,35316
20,560,35357
20,561,35386
20,562,35426
20,563,35441
20,564,35524
20,565,35535
20,566,35590
20,567,35636
20,568,35722
20,569,35767
20,570,35805
20,571,35827
20,572,35859
20,573,35909
20,574,35941
20,575,35970
20,576,35971
20,577,36074
20,578,36119
20,579,36162
20,580,36262
20,581,36347
20,582,36358
20,583,36368
20,584,36453
20,585,36562
20,586,36565
20,587,36573
20,588,36687
20,589,36688
20,590,36710
20,591,36748
20,592,36847
20,593,36899
20,594,36936
20,595,37051
20,596,37130
20,597,37230
20,598,37382
20,599,37665
20,600,37765
20,601,37818
20,602,37848
20,603,38015
20,604,38030
20,605,38091
20,606,38247
20,607,38300
20,608,38319
20,609,38320
20,610,38324
20,611,38393
20,612,38573
20,613,38639
20,614,38817
20,615,38852
20,616,38898
20,617,38930
20,618,39000
20,619,39017
20,620,39025
20,621,39206
20,622,39297
20,623,39328
20,624,39438
20,625,39525
20,626,39535
20,627,39573
20,628,39592
20,629,39610
20,630,39729
20,631,39815
20,632,39960
20,633,40002
20,634,40061
20,635,40064
20,636,40065
20,637,40168
20,638,40229
20,639,40250
20,640,40261
20,641,40275
20,642,40286
20,643,40296
20,644,40321
20,645,40496
20,646,40601
20,647,40609
20,648,40621
20,649,40635
20,650,40700
20,651,40789
20,652,40794
20,653,40982
20,654,40985
20,655,41025
20,656,41124
20,657,41192
20,658,41258
20,659,41368
20,660,41371
20,661,41426
20,662,41458
20,663,41539
20,664,41560
20,665,41658
20,666,41728
20,667,41746
20,668,41759
20,669,41817
20,670,41867
20,671,41914
20,672,41946
20,673,42012
20,674,42040
20,675,42062
20,676,42214
20,677,42223
20,678,42246
20,679,42288
20,680,42328
20,681,42451
20,682,42565
20,683,42654
20,684,42662
20,685,42676
20,686,42831
20,687,42888
20,688,42903
20,689,42981
20,690,42991
20,691,43079
20,692,43080
20,693,43283
20,694,43316
20,695,43334
20,696,43355
20,697,43363
20,698,43628
20,699,43670
20,700,43716
20,701,43763
20,702,43862
20,703,44004
20,704,44013
20,705,44030
20,706,44162
20,707,44164
20,708,44234
20,709,44248
20,710,44471
20,711,44608
20,712,44842
20,713,44857
20,714,44865
20,715,44900
20,716,44998
20,717,45053
20,718,45086
20,719,45185
20,720,45299
20,721,45359
20,722,45370
20,723,45379
20,724,45624
20,725,45695
20,726,45702
20,727,45742
20,728,45749
20,729,45792
20,730,45827
20,731,46030
20,732,46033
20,733,46106
20,734,46110
20,735,46192
20,736,46195
20,737,46197
20,738,46230
20,739,46309
20,740,46414
20,741,46578
20,742,46650
20,743,46747
20,744,46881
20,745,46970
20,746,47013
20,747,47020
20,748,47050
20,749,47114
20,750,47143
20,751,47292
20,752,47355
20,753,47378
20,754,47487
20,755,47491
20,756,47536
20,757,47537
20,758,47636
20,759,47665
20,760,47785
20,761,47924
20,762,47955
20,763,48017
20,764,48034
20,765,48057
20,766,48068
20,767,48085
20,768,48149
20,769,48207
20,770,48236
20,771,48287
20,772,48403
20,773,48549
20,774,48568
20,775,48580
20,776,48643
20,777,48655
20,778,48684
20,779,48694
20,780,48719
20,781,48767
20,782,48864
20,783,48873
20,784,49012
20,785,49016
20,786,49060
20,787,49243
20,788,49323
20,789,49485
20,790,49569
20,791,49615
20,792,49633
20,793,49650
20,794,49698
20,795,49715
20,796,49792
20,797,49833
20,798,49914
20,799,49934
20,800,49969
20,801,50007
20,802,50020
20,803,50024
20,804,50114
20,805,50473
20,806,50552
20,807,50753
20,808,50849
20,809,50929
20,810,50961
20,811,51034
20,812,51072
20,813,51097
20,814,51115
20,815,51142
20,816,51620
20,817,51621
20,818,51793
20,819,51814
20,820,51874
20,821,51907
20,822,51933
20,823,52142
20,824,52256
20,825,52371
20,826,52384
20,827,52397
20,828,52407
20,829,52591
20,830,52641
20,831,52802
20,832,52848
20,833,52889
20,834,52925
20,835,53030
20,836,53210
20,837,53283
20,838,53292
20,839,53448
20,840,53457
20,841,53552
20,842,53574
20,843,53793
20,844,53828
20,845,53869
20,846,53995
20,847,53998
20,848,54130
20,849,54138
20,850,54273
20,851,54318
20,852,54373
20,853,54525
20,854,54559
20,855,54609
20,856,54632
20,857,54705
20,858,54723
20,859,54764
20,860,54771
20,861,54851
20,862,54964
20,863,54966
20,864,54970
20,865,54983
20,866,55054
20,867,55084
20,868,55131
20,869,55207
20,870,55248
20,871,55292
20,872,55357
20,873,55448
20,874,55464
20,875,55506
20,876,55512
20,877,55514
20,878,55525
20,879,55572
20,880,55586
20,881,55603
20,882,55723
20,883,55750
20,884,55788
20,885,55836
20,886,56032
20,887,56045
20,888,56087
20,889,56108
20,890,56218
20,891,56273
20,892,56327
20,893,56403
20,894,56523
20,895,56570
20,896,56587
20,897,56616
20,898,56643
20,899,56657
20,900,56676
20,901,56677
20,902,56732
20,903,57029
20,904,57086
20,905,57133
20,906,57281
20,907,57306
20,908,57349
20,909,57366
20,910,57557
20,911,57586
20,912,57696
20,913,57813
20,914,57822
20,915,57852
20,916,58028
20,917,58154
20,918,58155
20,919,58234
20,920,58255
20,921,58256
20,922,58286
20,923,58355
20,924,58412
20,925,58443
20,926,58465
20,927,58535
20,928,58539
20,929,58602
20,930,58604
20,931,58625
20,932,58638
20,933,58665
20,934,58701
20,935,58724
20,936,58754
20,937,59274
20,938,59320
20,939,59323
20,940,59443
20,941,59594
20,942,59631
20,943,59652
20,944,59772
20,945,59879
20,946,59968
20,947,60112
20,948,60172
20,949,60260
20,950,60347
20,951,60623
20,952,60820
20,953,60891
20,954,60892
20,955,61118
20,956,61282
20,957,61316
20,958,61363
20,959,61371
20,960,61469
20,961,61653
20,962,61741
20,963,61776
20,964,61864
20,965,61998
20,966,62138
20,967,62141
20,968,62157
20,969,62223
20,970,62396
20,971,62422
20,972,62599
20,973,62679
20,974,62689
20,975,62694
20,976,62757
20,977,62793
20,978,62821
20,979,62882
20,980,62971
20,981,62972
20,982,63130
20,983,63140
20,984,63150
20,985,63153
20,986,63162
20,987,63223
20,988,63245
20,989,63286
20,990,63329
20,991,63404
20,992,63435
20,993,63480
20,994,63620
20,995,63659
20,996,63956
20,997,63964
20,998,63996
20,999,64095
20,1000,64192
20,1001,64233
20,1002,64425
20,1003,64459
20,1004,64497
20,1005,64630
20,1006,64916
20,1007,64986
20,1008,64999
20,1009,65013
20,1010,65034
20,1011,65042
20,1012,65081
20,1013,65166
20,1014,65206
20,1015,65230
20,1016,65286
20,1017,65302
20,1018,65312
20,1019,65318
20,1020,65341
20,1021,65352
20,1022,65363
20,1023,65427
21,0,115
21,1,135
21,2,234
21,3,266
21,4,338
21,5,362
21,6,466
21,7,871
21,8,915
21,9,970
21,10,1122
21,11,1147
21,12,1148
21,13,1217
21,14,1272
21,15,1305
21,16,1335
21,17,1378
21,18,1391
21,19,1419
21,20,1477
21,21,1502
21,22,1526
21,23,1569
21,24,1622
21,25,1645
21,26,1722
21,27,1724
21,28,1750
21,29,1787
21,30,1940
21,31,1941
21,32,1993
21,33,2038
21,34,2229
21,35,2237
21,36,2394
21,37,2445
21,38,2518
21,39,2533
21,40,2567
21,41,2678
21,42,2679
21,43,2927
21,44,2993
21,45,3007
21,46,3054
21,47,3085
21,48,3215
21,49,3292
21,50,3338
21,51,3467
21,52,3534
21,53,3577
21,54,3621
21,55,3661
21,56,3674
21,57,3821
21,58,3886
21,59,3905
21,60,4246
21,61,4265
21,62,4344
21,63,4496
21,64,4541
21,65,4600
21,66,4640
21,67,4643
21,68,4734
21,69,4856
21,70,4885
21,71,4991
21,72,5048
21,73,5182
21,74,5276
21,75,5280
21,76,5334
21,77,5369
21,78,5373
21,79,5437
21,80,5463
21,81,5484
21,82,5492
21,83,5507
21,84,5514
21,85,5538
21,86,5690
21,87,5717
21,88,5816
21,89,5862
21,90,6005
21,91,6013
21,92,6111
21,93,6146
21,94,6171
21,95,6242
21,96,6311
21,97,6328
21,98,6382
21,99,6402
21,100,6507
21,101,6616
21,102,6679
21,103,6789
21,104,6816
21,105,6822
21,106,6929
21,107,6954
21,108,6970
21,109,6974
21,110,7055
21,111,7065
21,112,7115
21,113,7136
21,114,7137
21,115,7306
21,116,7352
21,117,7397
21,118,7595
21,119,7649
21,120,8079
21,121,8173
21,122,8433
21,123,8483
21,124,8524
21,125,8570
21,126,8586
21,127,8627
21,128,8628
21,129,8701
21,130,8756
21,131,8813
21,132,8820
21,133,8884
21,134,9006
21,135,9050
21,136,9052
21,137,9054
21,138,9087
21,139,9112
21,140,9126
21,141,9239
21,142,9428
21,143,9480
21,144,9619
21,145,9737
21,146,9753
21,147,9826
21,148,9842
21,149,9887
21,150,9982
21,151,10135
21,152,10447
21,153,10448
21,154,10477
21,155,10576
21,156,10585
21,157,10788
21,158,10848
21,159,10849
21,160,10918
21,161,10923
21,162,10938
21,163,11036
21,164,11066
21,165,11127
21,166,11319
21,167,11351
21,168,11394
21,169,11601
21,170,11645
21,171,11724
21,172,11760
21,173,11778
21,174,11783
21,175,11810
21,176,11840
21,177,11886
21,178,11996
21,179,12079
21,180,12118
21,181,12165
21,182,12190
21,183,12216
21,184,12268
21,185,12374
21,186,12393
21,187,12500
21,188,12532
21,189,12534
21,190,12615
21,191,12712
21,192,12752
21,193,12783
21,194,12795
21,195,12826
21,196,13243
21,197,13279
21,198,13288
21,199,13503
21,200,13576
21,201,13761
21,202,13771
21,203,13793
21,204,13880
21,205,13931
21,206,13943
21,207,13966
21,208,14086
21,209,14176
21,210,14242
21,211,14263
21,212,14265
21,213,14289
21,214,14367
21,215,14401
21,216,14459
21,217,14470
21,218,14595
21,219,14637
21,220,14671
21,221,14760
21,222,14806
21,223,14844
21,224,14848
21,225,14881
21,226,14908
21,227,15068
21,228,15198
21,229,15263
21,230,15270
21,231,15287
21,232,15318
21,233,15326
21,234,15374
21,235,15447
21,236,15456
21,237,15473
21,238,15528
21,239,15540
21,240,15592
21,241,15634
21,242,15709
21,243,15714
21,244,15749
21,245,15825
21,246,15869
21,247,15888
21,248,15910
21,249,16033
21,250,16093
21,251,16201
21,252,16310
21,253,16313
21,254,16324
21,255,16354
21,256,16433
21,257,16445
21,258,16650
21,259,16670
21,260,16787
21,261,16802
21,262,16874
21,263,17027
21,264,17104
21,265,17118
21,266,17246
21,267,17282
21,268,17337
21,269,17485
21,270,17502
21,271,17596
21,272,17637
21,273,17691
21,274,17698
21,275,17733
21,276,17763
21,277,17768
21,278,17833
21,279,17878
21,280,17973
21,281,17997
21,282,18017
21,283,18088
21,284,18221
21,285,18235
21,286,18247
21,287,18334
21,288,18415
21,289,18653
21,290,18687
21,291,18737
21,292,18895
21,293,18909
21,294,18928
21,295,18971
21,296,19004
21,297,19093
21,298,19095
21,299,19113
21,300,19123
21,301,19208
21,302,19282
21,303,19298
21,304,19334
21,305,19376
21,306,19393
21,307,19433
21,308,19446
21,309,19841
21,310,19849
21,311,20081
21,312,20182
21,313,20205
21,314,20358
21,315,20426
21,316,20433
21,317,20533
21,318,20536
21,319,20557
21,320,20567
21,321,20653
21,322,20693
21,323,20718
21,324,20753
21,325,20756
21,326,20758
21,327,20769
21,328,20780
21,329,20999
21,330,21120
21,331,21178
21,332,21224
21,333,21225
21,334,21286
21,335,21313
21,336,21356
21,337,21360
21,338,21437
21,339,21455
21,340,21511
21,341,21554
21,342,21760
21,343,21766
21,344,21852
21,345,22040
21,346,22072
21,347,22074
21,348,22079
21,349,22123
21,350,22179
21,351,22190
21,352,22191
21,353,22226
21,354,22245
21,355,22345
21,356,22403
21,357,22463
21,358,22480
21,359,22498
21,360,22524
21,361,22732
21,362,22761
21,363,22994
21,364,23058
21,365,23073
21,366,23089
21,367,23091
21,368,23137
21,369,23144
21,370,23364
21,371,23375
21,372,23440
21,373,23470
21,374,23491
21,375,23533
21,376,23544
21,377,23547
21,378,23588
21,379,23711
21,380,23813
21,381,23843
21,382,23995
21,383,24220
21,384,24231
21,385,24289
21,386,24290
21,387,24330
21,388,24473
21,389,24509
21,390,24527
21,391,24616
21,392,24693
21,393,24703
21,394,24929
21,395,24979
21,396,25090
21,397,25305
21,398,25366
21,399,25392
21,400,25458
21,401,25496
21,402,25565
21,403,25685
21,404,25713
21,405,25751
21,406,25770
21,407,25816
21,408,25817
21,409,25994
21,410,26077
21,411,26327
21,412,26337
21,413,26522
21,414,26524
21,415,26727
21,416,26745
21,417,26783
21,418,26790
21,419,26797
21,420,26883
21,421,26919
21,422,26962
21,423,27007
21,424,27071
21,425,27084
21,426,27100
21,427,27129
21,428,27195
21,429,27201
21,430,27216
21,431,27285
21,432,27397
21,433,27405
21,434,27419
21,435,27528
21,436,27606
21,437,27713
21,438,27772
21,439,27782
21,440,27790
21,441,27800
21,442,27814
21,443,27832
21,444,27997
21,445,28145
21,446,28151
21,447,28207
21,448,28324
21,449,28463
21,450,28483
21,451,28515
21,452,28639
21,453,28723
21,454,28745
21,455,28915
21,456,28973
21,457,28980
21,458,28994
21,459,29248
21,460,29341
21,461,29347
21,462,29409
21,463,29416
21,464,29550
21,465,29567
21,466,29686
21,467,29713
21,468,29727
21,469,30267
21,470,30273
21,471,30316
21,472,30362
21,473,30430
21,474,30488
21,475,30524
21,476,30577
21,477,30690
21,478,30710
21,479,30740
21,480,30843
21,481,30870
21,482,30888
21,483,30969
21,484,31092
21,485,31112
21,486,31122
21,487,31156
21,488,31173
21,489,31276
21,490,31481
21,491,31493
21,492,31582
21,493,31600
21,494,31697
21,495,31704
21,496,31730
21,497,31911
21,498,31982
21,499,31998
21,500,32062
21,501,32064
21,502,32148
21,503,32391
21,504,32404
21,505,32427
21,506,32449
21,507,32496
21,508,32517
21,509,32566
21,510,32672
21,511,32721
21,512,32765
21,513,32771
21,514,32789
21,515,32843
21,516,32909
21,517,33003
21,518,33019
21,519,33058
21,520,33067
21,521,33224
21,522,33296
21,523,33322
21,524,33327
21,525,33420
21,526,33461
21,527,33513
21,528,33544
21,529,33702
21,530,33712
21,531,33714
21,532,33984
21,533,33987
21,534,34139
21,535,34419
21,536,34429
21,537,34573
21,538,34784
21,539,34786
21,540,34928
21,541,34974
21,542,34990
21,543,34992
21,544,35010
21,545,35019
21,546,35045
21,547,35057
21,548,35103
21,549,35150
21,550,35233
21,551,35307
21,552,35357
21,553,35359
21,554,35414
21,555,35440
21,556,35461
21,557,35462
21,558,35477
21,559,35522
21,560,35582
21,561,35678
21,562,35936
21,563,35962
21,564,36088
21,565,36175
21,566,36238
21,567,36397
21,568,36480
21,569,36521
21,570,36533
21,571,36569
21,572,36613
21,573,36769
21,574,36823
21,575,36830
21,576,36899
21,577,36978
21,578,37025
21,579,37178
21,580,37232
21,581,37257
21,582,37404
21,583,37457
21,584,37459
21,585,37565
21,586,37670
21,587,37750
21,588,37828
21,589,37930
21,590,37978
21,591,38046
21,592,38103
21,593,38183
21,594,38225
21,595,38248
21,596,38302
21,597,38307
21,598,38318
21,599,38359
21,600,38440
21,601,38454
21,602,38548
21,603,38588
21,604,38654
21,605,38776
21,606,38878
21,607,38951
21,608,39074
21,609,39079
21,610,39172
21,611,39242
21,612,39268
21,613,39280
21,614,39329
21,615,39330
21,616,39363
21,617,39402
21,618,39425
21,619,39445
21,620,39447
21,621,39705
21,622,39833
21,623,39934
21,624,39957
21,625,39979
21,626,40016
21,627,40035
21,628,40081
21,629,40109
21,630,40163
21,631,40176
21,632,40212
21,633,40265
21,634,40343
21,635,40354
21,636,40357
21,637,40422
21,638,40436
21,639,40443
21,640,40488
21,641,40540
21,642,40561
21,643,40633
21,644,40687
21,645,40898
21,646,40923
21,647,40935
21,648,40944
21,649,41033
21,650,41072
21,651,41101
21,652,41145
21,653,41248
21,654,41338
21,655,41458
21,656,41473
21,657,41490
21,658,41527
21,659,41574
21,660,41726
21,661,41756
21,662,41849
21,663,41899
21,664,41967
21,665,42091
21,666,42263
21,667,42285
21,668,42288
21,669,42298
21,670,42311
21,671,42320
21,672,42372
21,673,42625
21,674,42631
21,675,42677
21,676,42717
21,677,42857
21,678,43018
21,679,43268
21,680,43330
21,681,43422
21,682,43449
21,683,43485
21,684,43531
21,685,43602
21,686,43637
21,687,43650
21,688,43812
21,689,43858
21,690,43867
21,691,43898
21,692,43918
21,693,43966
21,694,43994
21,695,44038
21,696,44040
21,697,44108
21,698,44190
21,699,44204
21,700,44439
21,701,44468
21,702,44484
21,703,44562
21,704,44616
21,705,44643
21,706,44778
21,707,44824
21,708,44912
21,709,45104
21,710,45116
21,711,45237
21,712,45260
21,713,45328
21,714,45401
21,715,45435
21,716,45517
21,717,45593
21,718,45598
21,719,45621
21,720,45700
21,721,45939
21,722,46091
21,723,46204
21,724,46224
21,725,46308
21,726,46311
21,727,46331
21,728,46387
21,729,46390
21,730,46420
21,731,46499
21,732,46595
21,733,46667
21,734,46793
21,735,46923
21,736,46946
21,737,46955
21,738,46957
21,739,47003
21,740,47007
21,741,47131
21,742,47144
21,743,47172
21,744,47225
21,745,47257
21,746,47281
21,747,47315
21,748,47543
21,749,47550
21,750,47579
21,751,47625
21,752,47817
21,753,47851
21,754,47899
21,755,47903
21,756,48089
21,757,48146
21,758,48243
21,759,48265
21,760,48267
21,761,48396
21,762,48479
21,763,48495
21,764,48534
21,765,48538
21,766,48543
21,767,48566
21,768,48590
21,769,48594
21,770,48832
21,771,48896
21,772,48922
21,773,48994
21,774,49095
21,775,49194
21,776,49203
21,777,49240
21,778,49329
21,779,49349
21,780,49405
21,781,49442
21,782,49448
21,783,49514
21,784,49534
21,785,49570
21,786,49606
21,787,49659
21,788,49714
21,789,49846
21,790,49855
21,791,49864
21,792,49893
21,793,50103
21,794,50228
21,795,50236
21,796,50342
21,797,50369
21,798,50468
21,799,50534
21,800,50692
21,801,50704
21,802,50730
21,803,50795
21,804,50828
21,805,50986
21,806,51017
21,807,51166
21,808,51252
21,809,51424
21,810,51464
21,811,51522
21,812,51783
21,813,51786
21,814,51882
21,815,51964
21,816,52085
21,817,52125
21,818,52289
21,819,52394
21,820,52416
21,821,52544
21,822,52547
21,823,52645
21,824,52816
21,825,52903
21,826,52931
21,827,53052
21,828,53058
21,829,53073
21,830,53108
21,831,53174
21,832,53181
21,833,53269
21,834,53310
21,835,53332
21,836,53359
21,837,53533
21,838,53537
21,839,53757
21,840,53761
21,841,53829
21,842,53832
21,843,53846
21,844,53952
21,845,54044
21,846,54103
21,847,54109
21,848,54146
21,849,54254
21,850,54331
21,851,54350
21,852,54370
21,853,54401
21,854,54526
21,855,54554
21,856,54567
21,857,54605
21,858,54907
21,859,54914
21,860,54950
21,861,54953
21,862,55021
21,863,55060
21,864,55086
21,865,55165
21,866,55244
21,867,55269
21,868,55304
21,869,55387
21,870,55440
21,871,55474
21,872,55506
21,873,55549
21,874,55665
21,875,55675
21,876,55712
21,877,55758
21,878,55833
21,879,55910
21,880,55925
21,881,55930
21,882,55983
21,883,56055
21,884,56084
21,885,56203
21,886,56305
21,887,56378
21,888,56384
21,889,56549
21,890,56701
21,891,56813
21,892,56825
21,893,56841
21,894,56867
21,895,56907
21,896,56913
21,897,56941
21,898,56959
21,899,57014
21,900,57035
21,901,57046
21,902,57122
21,903,57125
21,904,57159
21,905,57217
21,906,57240
21,907,57258
21,908,57309
21,909,57324
21,910,57495
21,911,57527
21,912,57552
21,913,57703
21,914,57718
21,915,57745
21,916,57811
21,917,57952
21,918,58099
21,919,58131
21,920,58161
21,921,58360
21,922,58650
21,923,59030
21,924,59052
21,925,59167
21,926,59236
21,927,59239
21,928,59259
21,929,59536
21,930,59546
21,931,59615
21,932,59645
21,933,59706
21,934,59924
21,935,59934
21,936,59973
21,937,60034
21,938,60103
21,939,60205
21,940,60255
21,941,60299
21,942,60308
21,943,60309
21,944,60349
21,945,60454
21,946,60458
21,947,60486
21,948,60579
21,949,60582
21,950,60646
21,951,60705
21,952,60732
21,953,60769
21,954,60901
21,955,60970
21,956,61027
21,957,61068
21,958,61111
21,959,61119
21,960,61227
21,961,61254
21,962,61290
21,963,61297
21,964,61398
21,965,61621
21,966,61629
21,967,61705
21,968,61813
21,969,61859
21,970,61940
21,971,61947
21,972,62027
21,973,62068
21,974,62098
21,975,62122
21,976,62143
21,977,62181
21,978,62287
21,979,62310
21,980,62322
21,981,62324
21,982,62357
21,983,62455
21,984,62496
21,985,62514
21,986,62522
21,987,62638
21,988,62671
21,989,62722
21,990,62774
21,991,63011
21,992,63055
21,993,63060
21,994,63144
21,995,63312
21,996,63550
21,997,63700
21,998,63721
21,999,63740
21,1000,63764
21,1001,63861
21,1002,64039
21,1003,64043
21,1004,64090
21,1005,64118
21,1006,64380
21,1007,64417
21,1008,64424
21,1009,64479
21,1010,64647
21,1011,64674
21,1012,64801
21,1013,64826
21,1014,64842
21,1015,64846
21,1016,64905
21,1017,64938
21,1018,65095
21,1019,65136
21,1020,65287
21,1021,65324
21,1022,65432
21,1023,65448
22,0,11
22,1,115
22,2,197
22,3,333
22,4,364
22,5,384
22,6,401
22,7,437
22,8,445
22,9,512
22,10,526
22,11,557
22,12,677
22,13,704
22,14,708
22,15,720
22,16,790
22,17,999
22,18,1024
22,19,1106
22,20,1197
22,21,1218
22,22,1244
22,23,1276
22,24,1327
22,25,1372
22,26,1418
22,27,1450
22,28,1462
22,29,1489
22,30,1552
22,31,1578
22,32,1703
22,33,1715
22,34,1721
22,35,1786
22,36,1816
22,37,1856
22,38,1894
22,39,1906
22,40,2033
22,41,2060
22,42,2071
22,43,2135
22,44,2248
22,45,2257
22,46,2292
22,47,2311
22,48,2334
22,49,2357
22,50,2409
22,51,2410
22,52,2538
22,53,2625
22,54,2667
22,55,2694
22,56,2695
22,57,2751
22,58,2791
22,59,2872
22,60,2877
22,61,2881
22,62,2906
22,63,2918
22,64,2928
22,65,3049
22,66,3083
22,67,3138
22,68,3213
22,69,3239
22,70,3279
22,71,3537
22,72,3683
22,73,3746
22,74,3817
22,75,3883
22,76,3905
22,77,3914
22,78,4018
22,79,4041
22,80,4044
22,81,4065
22,82,4089
22,83,4100
22,84,4200
22,85,4272
22,86,4320
22,87,4397
22,88,4398
22,89,4436
22,90,4458
22,91,4483
22,92,4607
22,93,4687
22,94,4722
22,95,4727
22,96,4764
22,97,4785
22,98,4819
22,99,4835
22,100,4956
22,101,4992
22,102,5020
22,103,5131
22,104,5287
22,105,5479
22,106,5535
22,107,5563
22,108,5643
22,109,5697
22,110,5724
22,111,5745
22,112,5770
22,113,5798
22,114,5853
22,115,5894
22,116,5915
22,117,5954
22,118,5990
22,119,6038
22,120,6047
22,121,6407
22,122,6553
22,123,6587
22,124,6883
22,125,6922
22,126,6951
22,127,7111
22,128,7141
22,129,7162
22,130,7173
22,131,7224
22,132,7293
22,133,7309
22,134,7391
22,135,7478
22,136,7484
22,137,7622
22,138,7630
22,139,7880
22,140,7882
22,141,7907
22,142,7948
22,143,7957
22,144,8062
22,145,8075
22,146,8128
22,147,8253
22,148,8291
22,149,8365
22,150,8390
22,151,8407
22,152,8417
22,153,8511
22,154,8616
22,155,8623
22,156,8853
22,157,8906
22,158,8945
22,159,8952
22,160,9037
22,161,9043
22,162,9198
22,163,9211
22,164,9274
22,165,9348
22,166,9553
22,167,9630
22,168,9639
22,169,9732
22,170,9756
22,171,9783
22,172,9837
22,173,10002
22,174,10010
22,175,10024
22,176,10065
22,177,10131
22,178,10206
22,179,10247
22,180,10267
22,181,10288
22,182,10308
22,183,10351
22,184,10370
22,185,10404
22,186,10418
22,187,10654
22,188,10670
22,189,10690
22,190,10803
22,191,10965
22,192,10973
22,193,11090
22,194,11143
22,195,11189
22,196,11195
22,197,11228
22,198,11268
22,199,11294
22,200,11310
22,201,11314
22,202,11424
22,203,11512
22,204,11563
22,205,11731
22,206,11787
22,207,11884
22,208,11913
22,209,11961
22,210,12041
22,211,12167
22,212,12308
22,213,12445
22,214,12558
22,215,12854
22,216,12878
22,217,12920
22,218,12952
22,219,12977
22,220,13133
22,221,13145
22,222,13189
22,223,13198
22,224,13219
22,225,13327
22,226,13366
22,227,13431
22,228,13517
22,229,13547
22,230,13852
22,231,13890
22,232,14003
22,233,14046
22,234,14337
22,235,14340
22,236,14448
22,237,14459
22,238,14461
22,239,14462
22,240,14465
22,241,14480
22,242,14493
22,243,14495
22,244,14623
22,245,14663
22,246,14670
22,247,14778
22,248,14939
22,249,14948
22,250,14994
22,251,14996
22,252,15050
22,253,15441
22,254,15594
22,255,15631
22,256,15686
22,257,15776
22,258,15880
22,259,15913
22,260,16063
22,261,16092
22,262,16122
22,263,16131
22,264,16238
22,265,16285
22,266,16409
22,267,16460
22,268,16553
22,269,16588
22,270,16679
22,271,16779
22,272,16837
22,273,16882
22,274,16956
22,275,17023
22,276,17050
22,277,17053
22,278,17057
22,279,17080
22,280,17083
22,281,17156
22,282,17424
22,283,17564
22,284,17650
22,285,17769
22,286,17806
22,287,17857
22,288,17953
22,289,17980
22,290,18060
22,291,18071
22,292,18093
22,293,18189
22,294,18211
22,295,18233
22,296,18251
22,297,18275
22,298,18314
22,299,18351
22,300,18419
22,301,18464
22,302,18502
22,303,18585
22,304,18619
22,305,18636
22,306,18652
22,307,18780
22,308,18806
22,309,18844
22,310,18876
22,311,18887
22,312,18956
22,313,19009
22,314,19074
22,315,19080
22,316,19089
22,317,19363
22,318,19395
22,319,19531
22,320,19555
22,321,19558
22,322,19564
22,323,19655
22,324,19662
22,325,19682
22,326,19698
22,327,19715
22,328,19825
22,329,19888
22,330,19941
22,331,20024
22,332,20064
22,333,20195
22,334,20225
22,335,20460
22,336,20523
22,337,20677
22,338,20691
22,339,20775
22,340,20835
22,341,20863
22,342,20913
22,343,21021
22,344,21096
22,345,21162
22,346,21205
22,347,21211
22,348,21228
22,349,21306
22,350,21322
22,351,21536
22,352,21611
22,353,21673
22,354,21711
22,355,21952
22,356,22101
22,357,22170
22,358,22350
22,359,22390
22,360,22425
22,361,22462
22,362,22475
22,363,22528
22,364,22590
22,365,22644
22,366,22665
22,367,22691
22,368,22712
22,369,22887
22,370,22967
22,371,22985
22,372,22989
22,373,23080
22,374,23086
22,375,23142
22,376,23166
22,377,23174
22,378,23206
22,379,23336
22,380,23371
22,381,23405
22,382,23425
22,383,23458
22,384,23575
22,385,23607
22,386,23622
22,387,23784
22,388,23789
22,389,24005
22,390,24209
22,391,24231
22,392,24247
22,393,24253
22,394,24305
22,395,24405
22,396,24509
22,397,24532
22,398,24543
22,399,24562
22,400,24570
22,401,24606
22,402,24766
22,403,24857
22,404,24981
22,405,25080
22,406,25149
22,407,25242
22,408,25319
22,409,25343
22,410,25384
22,411,25422
22,412,25534
22,413,25551
22,414,25764
22,415,25811
22,416,25842
22,417,26060
22,418,26063
22,419,26162
22,420,26383
22,421,26414
22,422,26423
22,423,26469
22,424,26541
22,425,26590
22,426,26653
22,427,26752
22,428,26761
22,429,26773
22,430,26823
22,431,26847
22,432,26926
22,433,26933
22,434,26937
22,435,26949
22,436,27010
22,437,27114
22,438,27260
22,439,27396
22,440,27443
22,441,27494
22,442,27526
22,443,27608
22,444,27902
22,445,28084
22,446,28270
22,447,28301
22,448,28340
22,449,28355
22,450,28576
22,451,28652
22,452,28991
22,453,29004
22,454,29024
22,455,29057
22,456,29083
22,457,29106
22,458,29156
22,459,29202
22,460,29320
22,461,29332
22,462,29368
22,463,29373
22,464,29390
22,465,29493
22,466,29585
22,467,29675
22,468,29765
22,469,29807
22,470,29999
22,471,30002
22,472,30019
22,473,30046
22,474,30121
22,475,30232
22,476,30236
22,477,30311
22,478,30460
22,479,30573
22,480,30580
22,481,30600
22,482,30603
22,483,30631
22,484,30664
22,485,30681
22,486,30742
22,487,30799
22,488,30853
22,489,30904
22,490,30945
22,491,30975
22,492,31012
22,493,31076
22,494,31100
22,495,31127
22,496,31209
22,497,31230
22,498,31328
22,499,31448
22,500,31554
22,501,31557
22,502,31667
22,503,31753
22,504,31916
22,505,32007
22,506,32068
22,507,32116
22,508,32179
22,509,32276
22,510,32286
22,511,32313
22,512,32369
22,513,32385
22,514,32422
22,515,32483
22,516,32545
22,517,32805
22,518,32860
22,519,32929
22,520,32979
22,521,32990
22,522,33037
22,523,33107
22,524,33118
22,525,33141
22,526,33206
22,527,33381
22,528,33543
22,529,33561
22,530,33594
22,531,33655
22,532,33678
22,533,33864
22,534,33950
22,535,34107
22,536,34152
22,537,34164
22,538,34231
22,539,34237
22,540,34258
22,541,34260
22,542,34308
22,543,34354
22,544,34401
22,545,34412
22,546,34421
22,547,34590
22,548,34659
22,549,34720
22,550,34729
22,551,34731
22,552,34873
22,553,34940
22,554,35018
22,555,35026
22,556,35030
22,557,35045
22,558,35078
22,559,35134
22,560,35173
22,561,35198
22,562,35284
22,563,35295
22,564,35480
22,565,35548
22,566,35818
22,567,35824
22,568,35926
22,569,36450
22,570,36464
22,571,36504
22,572,36727
22,573,36863
22,574,36999
22,575,37050
22,576,37051
22,577,37191
22,578,37268
22,579,37285
22,580,37324
22,581,37346
22,582,37579
22,583,37685
22,584,37698
22,585,37750
22,586,37751
22,587,37766
22,588,37933
22,589,37944
22,590,37963
22,591,38033
22,592,38046
22,593,38273
22,594,38291
22,595,38341
22,596,38366
22,597,38385
22,598,38425
22,599,38457
22,600,38505
22,601,38532
22,602,38553
22,603,38645
22,604,38718
22,605,38723
22,606,38765
22,607,39055
22,608,39129
22,609,39202
22,610,39332
22,611,39361
22,612,39461
22,613,39532
22,614,39620
22,615,39705
22,616,39719
22,617,39887
22,618,39928
22,619,40016
22,620,40071
22,621,40117
22,622,40144
22,623,40217
22,624,40291
22,625,40341
22,626,40393
22,627,40400
22,628,40448
22,629,40451
22,630,40456
22,631,40470
22,632,40564
22,633,40639
22,634,40670
22,635,40727
22,636,40775
22,637,40957
22,638,41106
22,639,41201
22,640,41307
22,641,41312
22,642,41605
22,643,41835
22,644,42016
22,645,42028
22,646,42030
22,647,42053
22,648,42059
22,649,42088
22,650,42200
22,651,42216
22,652,42219
22,653,42245
22,654,42291
22,655,42355
22,656,42370
22,657,42479
22,658,42522
22,659,42540
22,660,42641
22,661,42647
22,662,42951
22,663,43060
22,664,43140
22,665,43169
22,666,43265
22,667,43282
22,668,43284
22,669,43340
22,670,43402
22,671,43439
22,672,43511
22,673,43709
22,674,43731
22,675,43763
22,676,43785
22,677,43863
22,678,44010
22,679,44025
22,680,44033
22,681,44065
22,682,44081
22,683,44124
22,684,44174
22,685,44276
22,686,44323
22,687,44502
22,688,44520
22,689,44560
22,690,44574
22,691,44641
22,692,44642
22,693,44677
22,694,44680
22,695,44789
22,696,44803
22,697,44975
22,698,45139
22,699,45152
22,700,45248
22,701,45263
22,702,45280
22,703,45291
22,704,45329
22,705,45333
22,706,45461
22,707,45483
22,708,45599
22,709,45682
22,710,45699
22,711,45733
22,712,45778
22,713,45785
22,714,45798
22,715,45814
22,716,45825
22,717,45833
22,718,45851
22,719,45914
22,720,45941
22,721,46217
22,722,46227
22,723,46255
22,724,46258
22,725,46300
22,726,46317
22,727,46338
22,728,46396
22,729,46434
22,730,46451
22,731,46458
22,732,46646
22,733,46711
22,734,46725
22,735,46845
22,736,46957
22,737,47038
22,738,47072
22,739,47101
22,740,47186
22,741,47251
22,742,47296
22,743,47305
22,744,47421
22,745,47447
22,746,47598
22,747,47601
22,748,47646
22,749,47713
22,750,47780
22,751,48000
22,752,48079
22,753,48081
22,754,48215
22,755,48456
22,756,48659
22,757,48664
22,758,48762
22,759,48767
22,760,48820
22,761,48866
22,762,48944
22,763,48955
22,764,48982
22,765,48984
22,766,49020
22,767,49048
22,768,49132
22,769,49193
22,770,49235
22,771,49277
22,772,49287
22,773,49329
22,774,49334
22,775,49452
22,776,49476
22,777,49517
22,778,49533
22,779,49569
22,780,49612
22,781,49639
22,782,49777
22,783,49791
22,784,49945
22,785,49975
22,786,50015
22,787,50114
22,788,50165
22,789,50239
22,790,50246
22,791,50434
22,792,50561
22,793,50591
22,794,50607
22,795,50618
22,796,50620
22,797,50864
22,798,50884
22,799,50928
22,800,51071
22,801,51096
22,802,51151
22,803,51155
22,804,51233
22,805,51266
22,806,51328
22,807,51341
22,808,51462
22,809,51498
22,810,51614
22,811,51731
22,812,51738
22,813,51754
22,814,51842
22,815,51852
22,816,51894
22,817,51900
22,818,51922
22,819,51962
22,820,52081
22,821,52158
22,822,52175
22,823,52219
22,824,52233
22,825,52303
22,826,52310
22,827,52609
22,828,52625
22,829,52702
22,830,52857
22,831,53005
22,832,53186
22,833,53249
22,834,53326
22,835,53329
22,836,53347
22,837,53354
22,838,53362
22,839,53365
22,840,53503
22,841,53535
22,842,53573
22,843,53620
22,844,53637
22,845,53745
22,846,53757
22,847,53828
22,848,53878
22,849,53963
22,850,54000
22,851,54087
22,852,54153
22,853,54182
22,854,54229
22,855,54329
22,856,54378
22,857,54483
22,858,54530
22,859,54637
22,860,54970
22,861,54980
22,862,55019
22,863,55031
22,864,55062
22,865,55179
22,866,55182
22,867,55188
22,868,55274
22,869,55285
22,870,55324
22,871,55348
22,872,55385
22,873,55458
22,874,55538
22,875,55609
22,876,55654
22,877,55678
22,878,55748
22,879,55769
22,880,55872
22,881,55903
22,882,56067
22,883,56089
22,884,56292
22,885,56317
22,886,56485
22,887,56509
22,888,56517
22,889,56680
22,890,56751
22,891,56775
22,892,56799
22,893,56862
22,894,56959
22,895,57004
22,896,57020
22,897,57028
22,898,57040
22,899,57233
22,900,57319
22,901,57340
22,902,57371
22,903,57381
22,904,57398
22,905,57454
22,906,57534
22,907,57627
22,908,57648
22,909,57654
22,910,57720
22,911,57730
22,912,57736
22,913,57825
22,914,57855
22,915,57872
22,916,58004
22,917,58012
22,918,58029
22,919,58127
22,920,58217
22,921,58222
22,922,58223
22,923,58245
22,924,58259
22,925,58502
22,926,58634
22,927,58753
22,928,58797
22,929,58818
22,930,58855
22,931,58960
22,932,58976
22,933,58986
22,934,59013
22,935,59038
22,936,59095
22,937,59097
22,938,59166
22,939,59228
22,940,59373
22,941,59408
22,942,59450
22,943,59466
22,944,59472
22,945,59483
22,946,59535
22,947,59638
22,948,59774
22,949,59787
22,950,59807
22,951,59925
22,952,60111
22,953,60155
22,954,60223
22,955,60253
22,956,60318
22,957,60471
22,958,60684
22,959,60713
22,960,60802
22,961,60847
22,962,61011
22,963,61137
22,964,61324
22,965,61556
22,966,61602
22,967,61630
22,968,61720
22,969,61731
22,970,61735
22,971,61771
22,972,61820
22,973,61879
22,974,61939
22,975,62132
22,976,62279
22,977,62396
22,978,62433
22,979,62700
22,980,62704
22,981,62892
22,982,62994
22,983,63303
22,984,63314
22,985,63362
22,986,63385
22,987,63388
22,988,63407
22,989,63440
22,990,63566
22,991,63606
22,992,63641
22,993,63714
22,994,63719
22,995,63729
22,996,63764
22,997,63937
22,998,63969
22,999,64236
22,1000,64238
22,1001,64380
22,1002,64410
22,1003,64681
22,1004,64760
22,1005,64797
22,1006,64827
22,1007,64841
22,1008,64883
22,1009,64905
22,1010,64911
22,1011,65009
22,1012,65057
22,1013,65059
22,1014,65067
22,1015,65193
22,1016,65217
22,1017,65252
22,1018,65276
22,1019,65295
22,1020,65333
22,1021,65343
22,1022,65432
22,1023,65478
23,0,30
23,1,67
23,2,102
23,3,255
23,4,440
23,5,575
23,6,593
23,7,614
23,8,720
23,9,739
23,10,910
23,11,921
23,12,948
23,13,963
23,14,999
23,15,1014
23,16,1058
23,17,1117
23,18,1122
23,19,1178
23,20,1188
23,21,1307
23,22,1313
23,23,1339
23,24,1347
23,25,1370
23,26,1426
23,27,1432
23,28,1536
23,29,1546
23,30,1610
23,31,1611
23,32,1718
23,33,1740
23,34,1882
23,35,1988
23,36,2041
23,37,2107
23,38,2188
23,39,2228
23,40,2247
23,41,2364
23,42,2386
23,43,2422
23,44,2428
23,45,2680
23,46,2695
23,47,2722
23,48,2767
23,49,2789
23,50,2809
23,51,2927
23,52,2961
23,53,2964
23,54,3085
23,55,3136
23,56,3172
23,57,3203
23,58,3255
23,59,3381
23,60,3575
23,61,3619
23,62,3739
23,63,3801
23,64,4001
23,65,4072
23,66,4261
23,67,4369
23,68,4423
23,69,4425
23,70,4574
23,71,4597
23,72,4647
23,73,4866
23,74,4887
23,75,4976
23,76,5225
23,77,5383
23,78,5384
23,79,5450
23,80,5512
23,81,5521
23,82,5534
23,83,5808
23,84,5822
23,85,5928
23,86,6136
23,87,6269
23,88,6311
23,89,6403
23,90,6581
23,91,6601
23,92,6622
23,93,6644
23,94,6652
23,95,6686
23,96,6706
23,97,6743
23,98,6805
23,99,6872
23,100,6926
23,101,6967
23,102,6984
23,103,6989
23,104,7012
23,105,7037
23,106,7062
23,107,7088
23,108,7118
23,109,7377
23,110,7392
23,111,7436
23,112,7473
23,113,7602
23,114,7616
23,115,7654
23,116,7769
23,117,7878
23,118,7984
23,119,8041
23,120,8044
23,121,8098
23,122,8121
23,123,8331
23,124,8335
23,125,8497
23,126,8505
23,127,8510
23,128,8573
23,129,8603
23,130,8755
23,131,8768
23,132,8813
23,133,8892
23,134,8956
23,135,8983
23,136,9007
23,137,9175
23,138,9195
23,139,9279
23,140,9364
23,141,9428
23,142,9464
23,143,9525
23,144,9553
23,145,9797
23,146,9853
23,147,9996
23,148,10027
23,149,10116
23,150,10346
23,151,10393
23,152,10414
23,153,10542
23,154,10583
23,155,10596
23,156,10611
23,157,10691
23,158,10697
23,159,10717
23,160,10869
23,161,10891
23,162,10981
23,163,11056
23,164,11067
23,165,11105
23,166,11224
23,167,11340
23,168,11367
23,169,11441
23,170,11470
23,171,11473
23,172,11535
23,173,11599
23,174,11629
23,175,11636
23,176,11651
23,177,11672
23,178,11685
23,179,11742
23,180,11761
23,181,11796
23,182,11929
23,183,12024
23,184,12050
23,185,12107
23,186,12138
23,187,12212
23,188,12267
23,189,12357
23,190,12438
23,191,12442
23,192,12597
23,193,12659
23,194,12966
23,195,12994
23,196,13113
23,197,13239
23,198,13270
23,199,13299
23,200,13327
23,201,13557
23,202,13699
23,203,13770
23,204,13796
23,205,13838
23,206,13970
23,207,14128
23,208,14153
23,209,14370
23,210,14526
23,211,14550
23,212,14617
23,213,14622
23,214,14692
23,215,14793
23,216,14850
23,217,14994
23,218,15203
23,219,15216
23,220,15297
23,221,15335
23,222,15374
23,223,15382
23,224,15445
23,225,15512
23,226,15635
23,227,15719
23,228,15899
23,229,15909
23,230,15918
23,231,15974
23,232,15979
23,233,16004
23,234,16067
23,235,16130
23,236,16143
23,237,16151
23,238,16197
23,239,16354
23,240,16384
23,241,16458
23,242,16496
23,243,16548
23,244,16575
23,245,16577
23,246,16626
23,247,16720
23,248,16750
23,249,16789
23,250,16821
23,251,16874
23,252,16914
23,253,16943
23,254,17022
23,255,17075
23,256,17100
23,257,17131
23,258,17136
23,259,17276
23,260,17278
23,261,17306
23,262,17312
23,263,17334
23,264,17353
23,265,17425
23,266,17484
23,267,17538
23,268,17773
23,269,17799
23,270,17835
23,271,17838
23,272,17887
23,273,18073
23,274,18120
23,275,18235
23,276,18275
23,277,18347
23,278,18375
23,279,18391
23,280,18403
23,281,18455
23,282,18471
23,283,18506
23,284,18528
23,285,18591
23,286,18643
23,287,18706
23,288,18778
23,289,18791
23,290,18854
23,291,18896
23,292,18947
23,293,19068
23,294,19177
23,295,19202
23,296,19209
23,297,19232
23,298,19237
23,299,19336
23,300,19355
23,301,19393
23,302,19478
23,303,19479
23,304,19511
23,305,19592
23,306,19604
23,307,19607
23,308,19669
23,309,19718
23,310,19773
23,311,19777
23,312,19792
23,313,19824
23,314,19843
23,315,19894
23,316,19896
23,317,19998
23,318,20028
23,319,20152
23,320,20163
23,321,20220
23,322,20237
23,323,20253
23,324,20279
23,325,20323
23,326,20342
23,327,20373
23,328,20486
23,329,20528
23,330,20586
23,331,20644
23,332,20859
23,333,20870
23,334,20885
23,335,21042
23,336,21129
23,337,21217
23,338,21379
23,339,21462
23,340,21550
23,341,21552
23,342,21557
23,343,21630
23,344,21750
23,345,21776
23,346,21790
23,347,21885
23,348,21914
23,349,22008
23,350,22098
23,351,22159
23,352,22207
23,353,22297
23,354,22314
23,355,22478
23,356,22607
23,357,22672
23,358,22716
23,359,22878
23,360,22928
23,361,22945
23,362,22954
23,363,22996
23,364,23031
23,365,23162
23,366,23174
23,367,23240
23,368,23248
23,369,23277
23,370,23312
23,371,23337
23,372,23352
23,373,23369
23,374,23375
23,375,23407
23,376,23463
23,377,23646
23,378,23656
23,379,23688
23,380,23785
23,381,23853
23,382,23910
23,383,24014
23,384,24109
23,385,24329
23,386,24367
23,387,24407
23,388,24629
23,389,24639
23,390,24740
23,391,24811
23,392,24845
23,393,24854
23,394,24907
23,395,24935
23,396,24948
23,397,24964
23,398,24977
23,399,25047
23,400,25102
23,401,25156
23,402,25294
23,403,25377
23,404,25442
23,405,25521
23,406,25550
23,407,25677
23,408,25682
23,409,25691
23,410,25736
23,411,25747
23,412,25764
23,413,25898
23,414,25972
23,415,26051
23,416,26150
23,417,26267
23,418,26282
23,419,26343
23,420,26352
23,421,26370
23,422,26452
23,423,26457
23,424,26487
23,425,26511
23,426,26528
23,427,26640
23,428,26651
23,429,26773
23,430,26779
23,431,26801
23,432,26961
23,433,27032
23,434,27143
23,435,27214
23,436,27287
23,437,27386
23,438,27466
23,439,27522
23,440,27543
23,441,27627
23,442,27635
23,443,27789
23,444,27849
23,445,27909
23,446,27978
23,447,28022
23,448,28061
23,449,28063
23,450,28431
23,451,28487
23,452,28517
23,453,28693
23,454,28828
23,455,28926
23,456,28935
23,457,28939
23,458,29177
23,459,29186
23,460,29224
23,461,29268
23,462,29593
23,463,29695
23,464,29755
23,465,29767
23,466,29790
23,467,29838
23,468,29890
23,469,29893
23,470,29912
23,471,29946
23,472,29995
23,473,29999
23,474,30007
23,475,30018
23,476,30042
23,477,30066
23,478,30087
23,479,30106
23,480,30282
23,481,30388
23,482,30481
23,483,30502
23,484,30556
23,485,30611
23,486,30717
23,487,30719
23,488,30720
23,489,30802
23,490,30924
23,491,30965
23,492,30995
23,493,31110
23,494,31124
23,495,31531
23,496,31640
23,497,31643
23,498,31673
23,499,31737
23,500,31763
23,501,31837
23,502,31897
23,503,31931
23,504,31947
23,505,31986
23,506,32051
23,507,32162
23,508,32206
23,509,32333
23,510,32411
23,511,32467
23,512,32496
23,513,32563
23,514,32641
23,515,32710
23,516,32782
23,517,33032
23,518,33113
23,519,33179
23,520,33275
23,521,33305
23,522,33314
23,523,33333
23,524,33395
23,525,33440
23,526,33446
23,527,33450
23,528,33509
23,529,33528
23,530,33549
23,531,33566
23,532,33610
23,533,33733
23,534,33905
23,535,33990
23,536,34213
23,537,34285
23,538,34346
23,539,34426
23,540,34479
23,541,34498
23,542,34547
23,543,34568
23,544,34743
23,545,34804
23,546,34813
23,547,34896
23,548,34910
23,549,34940
23,550,34960
23,551,35045
23,552,35133
23,553,35215
23,554,35218
23,555,35271
23,556,35273
23,557,35315
23,558,35384
23,559,35656
23,560,35772
23,561,35803
23,562,35908
23,563,35929
23,564,35969
23,565,35981
23,566,36027
23,567,36095
23,568,36320
23,569,36406
23,570,36416
23,571,36463
23,572,36692
23,573,36716
23,574,36804
23,575,36930
23,576,36952
23,577,36996
23,578,37112
23,579,37115
23,580,37117
23,581,37118
23,582,37186
23,583,37286
23,584,37351
23,585,37484
23,586,37489
23,587,37620
23,588,37721
23,589,37732
23,590,37814
23,591,37996
23,592,38274
23,593,38298
23,594,38311
23,595,38421
23,596,38477
23,597,38513
23,598,38596
23,599,38716
23,600,38851
23,601,38889
23,602,38938
23,603,38941
23,604,39068
23,605,39106
23,606,39253
23,607,39277
23,608,39341
23,609,39491
23,610,39554
23,611,39561
23,612,39562
23,613,39565
23,614,39570
23,615,39589
23,616,39619
23,617,39673
23,618,39680
23,619,39785
23,620,39810
23,621,39862
23,622,39915
23,623,39924
23,624,39925
23,625,40029
23,626,40080
23,627,40135
23,628,40196
23,629,40232
23,630,40249
23,631,40393
23,632,40470
23,633,40506
23,634,40629
23,635,40641
23,636,40701
23,637,40712
23,638,40718
23,639,40799
23,640,40856
23,641,40928
23,642,40936
23,643,41005
23,644,41047
23,645,41164
23,646,41168
23,647,41178
23,648,41314
23,649,41371
23,650,41384
23,651,41409
23,652,41433
23,653,41588
23,654,41712
23,655,41718
23,656,41736
23,657,41764
23,658,41825
23,659,41852
23,660,41853
23,661,41867
23,662,41927
23,663,42067
23,664,42247
23,665,42570
23,666,42588
23,667,42628
23,668,42708
23,669,42870
23,670,42900
23,671,42922
23,672,42942
23,673,43032
23,674,43047
23,675,43070
23,676,43146
23,677,43311
23,678,43402
23,679,43420
23,680,43625
23,681,43706
23,682,43771
23,683,43829
23,684,43838
23,685,43947
23,686,43973
23,687,44008
23,688,44063
23,689,44086
23,690,44182
23,691,44204
23,692,44205
23,693,44297
23,694,44317
23,695,44342
23,696,44404
23,697,44424
23,698,44454
23,699,44465
23,700,44482
23,701,44605
23,702,44606
23,703,44621
23,704,44681
23,705,44752
23,706,44924
23,707,44937
23,708,44991
23,709,45047
23,710,45055
23,711,45115
23,712,45175
23,713,45273
23,714,45305
23,715,45325
23,716,45326
23,717,45360
23,718,45362
23,719,45410
23,720,45493
23,721,45562
23,722,45583
23,723,45600
23,724,45613
23,725,45656
23,726,45761
23,727,45865
23,728,45950
23,729,46130
23,730,46157
23,731,46181
23,732,46466
23,733,46616
23,734,46621
23,735,46626
23,736,46702
23,737,46738
23,738,46866
23,739,46881
23,740,46898
23,741,46971
23,742,47039
23,743,47069
23,744,47190
23,745,47217
23,746,47306
23,747,47346
23,748,47512
23,749,47532
23,750,47542
23,751,47557
23,752,47583
23,753,47719
23,754,47878
23,755,47882
23,756,47924
23,757,48008
23,758,48164
23,759,48178
23,760,48182
23,761,48259
23,762,48309
23,763,48390
23,764,48540
23,765,48671
23,766,48674
23,767,48684
23,768,48698
23,769,48715
23,770,48743
23,771,48749
23,772,48772
23,773,48857
23,774,48899
23,775,48956
23,776,49022
23,777,49173
23,778,49200
23,779,49222
23,780,49416
23,781,49435
23,782,49522
23,783,49529
23,784,49587
23,785,49664
23,786,49783
23,787,49891
23,788,50125
23,789,50477
23,790,50667
23,791,50749
23,792,50862
23,793,50900
23,794,50940
23,795,50990
23,796,51150
23,797,51192
23,798,51211
23,799,51289
23,800,51350
23,801,51352
23,802,51359
23,803,51361
23,804,51362
23,805,51369
23,806,51371
23,807,51429
23,808,51502
23,809,51521
23,810,51543
23,811,51663
23,812,51675
23,813,51697
23,814,51719
23,815,51961
23,816,52068
23,817,52267
23,818,52272
23,819,52439
23,820,52492
23,821,52618
23,822,52787
23,823,52897
23,824,52914
23,825,52923
23,826,52955
23,827,52958
23,828,52966
23,829,53131
23,830,53180
23,831,53216
23,832,53225
23,833,53332
23,834,53375
23,835,53390
23,836,53398
23,837,53504
23,838,53648
23,839,53680
23,840,53695
23,841,53774
23,842,53780
23,843,53793
23,844,53908
23,845,53911
23,846,53936
23,847,54078
23,848,54164
23,849,54233
23,850,54301
23,851,54392
23,852,54396
23,853,54419
23,854,54462
23,855,54491
23,856,54499
23,857,54511
23,858,54844
23,859,54972
23,860,55032
23,861,55045
23,862,55090
23,863,55184
23,864,55272
23,865,55351
23,866,55392
23,867,55449
23,868,55464
23,869,55540
23,870,55566
23,871,55668
23,872,55676
23,873,55797
23,874,55836
23,875,55929
23,876,55951
23,877,56007
23,878,56011
23,879,56012
23,880,56038
23,881,56055
23,882,56058
23,883,56260
23,884,56310
23,885,56322
23,886,56328
23,887,56345
23,888,56429
23,889,56543
23,890,56756
23,891,56762
23,892,56767
23,893,56828
23,894,56851
23,895,56885
23,896,57014
23,897,57124
23,898,57333
23,899,57360
23,900,57361
23,901,57490
23,902,57493
23,903,57603
23,904,57624
23,905,57643
23,906,57660
23,907,57802
23,908,57832
23,909,57880
23,910,57919
23,911,57964
23,912,58094
23,913,58095
23,914,58113
23,915,58122
23,916,58226
23,917,58250
23,918,58264
23,919,58296
23,920,58328
23,921,58344
23,922,58410
23,923,58448
23,924,58496
23,925,58506
23,926,58533
23,927,58548
23,928,58627
23,929,58672
23,930,58686
23,931,58743
23,932,58874
23,933,58891
23,934,58911
23,935,59029
23,936,59070
23,937,59115
23,938,59186
23,939,59212
23,940,59222
23,941,59231
23,942,59232
23,943,59265
23,944,59509
23,945,59614
23,946,59629
23,947,59647
23,948,59691
23,949,59947
23,950,59986
23,951,60185
23,952,60211
23,953,60275
23,954,60420
23,955,60436
23,956,60496
23,957,60504
23,958,60755
23,959,60813
23,960,60878
23,961,60991
23,962,61062
23,963,61098
23,964,61158
23,965,61201
23,966,61248
23,967,61278
23,968,61375
23,969,61509
23,970,61534
23,971,61618
23,972,61732
23,973,61837
23,974,61845
23,975,62044
23,976,62102
23,977,62195
23,978,62348
23,979,62652
23,980,62838
23,981,62864
23,982,62901
23,983,62923
23,984,62957
23,985,63027
23,986,63031
23,987,63046
23,988,63066
23,989,63143
23,990,63145
23,991,63300
23,992,63362
23,993,63454
23,994,63497
23,995,63531
23,996,63558
23,997,63753
23,998,63845
23,999,64058
23,1000,64276
23,1001,64374
23,1002,64427
23,1003,64448
23,1004,64455
23,1005,64457
23,1006,64514
23,1007,64523
23,1008,64529
23,1009,64576
23,1010,64653
23,1011,64659
23,1012,64839
23,1013,64845
23,1014,64847
23,1015,65009
23,1016,65142
23,1017,65169
23,1018,65247
23,1019,65250
23,1020,65367
23,1021,65477
23,1022,65484
23,1023,65503
24,0,111
24,1,147
24,2,204
24,3,220
24,4,308
24,5,476
24,6,525
24,7,621
24,8,625
24,9,626
24,10,703
24,11,747
24,12,801
24,13,840
24,14,885
24,15,1050
24,16,1053
24,17,1094
24,18,1122
24,19,1238
24,20,1327
24,21,1468
24,22,1507
24,23,1519
24,24,1578
24,25,1596
24,26,1720
24,27,1915
24,28,2019
24,29,2030
24,30,2050
24,31,2198
24,32,2260
24,33,2277
24,34,2290
24,35,2304
24,36,2317
24,37,2478
24,38,2492
24,39,2506
24,40,2534
24,41,2537
24,42,2680
24,43,2746
24,44,2810
24,45,2832
24,46,2991
24,47,3052
24,48,3108
24,49,3294
24,50,3339
24,51,3498
24,52,3512
24,53,3519
24,54,3574
24,55,3581
24,56,3601
24,57,3736
24,58,3853
24,59,3908
24,60,4017
24,61,4019
24,62,4050
24,63,4125
24,64,4245
24,65,4287
24,66,4340
24,67,4363
24,68,4378
24,69,4578
24,70,4596
24,71,4632
24,72,4657
24,73,4684
24,74,4692
24,75,4786
24,76,4828
24,77,4932
24,78,5014
24,79,5027
24,80,5076
24,81,5144
24,82,5273
24,83,5297
24,84,5324
24,85,5341
24,86,5400
24,87,5426
24,88,5592
24,89,5667
24,90,5717
24,91,5829
24,92,5880
24,93,5903
24,94,5984
24,95,6137
24,96,6178
24,97,6231
24,98,6257
24,99,6318
24,100,6333
24,101,6393
24,102,6523
24,103,6613
24,104,6752
24,105,6790
24,106,6803
24,107,6901
24,108,6971
24,109,6999
24,110,7032
24,111,7078
24,112,7175
24,113,7258
24,114,7312
24,115,7340
24,116,7402
24,117,7568
24,118,7595
24,119,7655
24,120,7676
24,121,7710
24,122,7725
24,123,7740
24,124,7797
24,125,7853
24,126,7944
24,127,8022
24,128,8044
24,129,8063
24,130,8229
24,131,8255
24,132,8266
24,133,8310
24,134,8360
24,135,8500
24,136,8761
24,137,8793
24,138,8838
24,139,8921
24,140,8942
24,141,8989
24,142,9040
24,143,9060
24,144,9091
24,145,9140
24,146,9147
24,147,9214
24,148,9251
24,149,9302
24,150,9546
24,151,9562
24,152,9612
24,153,9627
24,154,9648
24,155,9776
24,156,9813
24,157,9888
24,158,9948
24,159,10058
24,160,10067
24,161,10087
24,162,10119
24,163,10127
24,164,10135
24,165,10193
24,166,10282
24,167,10361
24,168,10379
24,169,10436
24,170,10438
24,171,10575
24,172,10656
24,173,10658
24,174,10742
24,175,10894
24,176,10938
24,177,10946
24,178,11048
24,179,11061
24,180,11065
24,181,11088
24,182,11194
24,183,11321
24,184,11447
24,185,11607
24,186,11668
24,187,11967
24,188,12007
24,189,12271
24,190,12290
24,191,12322
24,192,12330
24,193,12442
24,194,12576
24,195,12602
24,196,12698
24,197,12790
24,198,12893
24,199,12923
24,200,13035
24,201,13118
24,202,13175
24,203,13215
24,204,13217
24,205,13263
24,206,13296
24,207,13348
24,208,13540
24,209,13568
24,210,13606
24,211,13703
24,212,13708
24,213,13724
24,214,13730
24,215,13835
24,216,13862
24,217,13974
24,218,14159
24,219,14197
24,220,14222
24,221,14271
24,222,14287
24,223,14334
24,224,14379
24,225,14460
24,226,14461
24,227,14664
24,228,14726
24,229,14757
24,230,14791
24,231,14811
24,232,14906
24,233,14946
24,234,15023
24,235,15038
24,236,15271
24,237,15290
24,238,15374
24,239,15420
24,240,15459
24,241,15460
24,242,15538
24,243,15683
24,244,15820
24,245,15857
24,246,15977
24,247,15978
24,248,16051
24,249,16063
24,250,16103
24,251,16113
24,252,16337
24,253,16373
24,254,16398
24,255,16459
24,256,16498
24,257,16564
24,258,16606
24,259,16634
24,260,16705
24,261,16733
24,262,16836
24,263,16912
24,264,16971
24,265,16976
24,266,17077
24,267,17092
24,268,17143
24,269,17226
24,270,17282
24,271,17319
24,272,17351
24,273,17354
24,274,17476
24,275,17555
24,276,17581
24,277,17680
24,278,17702
24,279,17748
24,280,17874
24,281,17903
24,282,17971
24,283,17972
24,284,18099
24,285,18117
24,286,18134
24,287,18304
24,288,18313
24,289,18329
24,290,18358
24,291,18437
24,292,18585
24,293,18716
24,294,18719
24,295,18776
24,296,18800
24,297,18917
24,298,18918
24,299,18952
24,300,18980
24,301,19011
24,302,19179
24,303,19200
24,304,19294
24,305,19343
24,306,19405
24,307,19521
24,308,19533
24,309,19543
24,310,19546
24,311,19675
24,312,19742
24,313,19809
24,314,19815
24,315,19854
24,316,19864
24,317,19892
24,318,19909
24,319,19998
24,320,20098
24,321,20118
24,322,20157
24,323,20282
24,324,20283
24,325,20470
24,326,20683
24,327,20710
24,328,20722
24,329,20932
24,330,21006
24,331,21222
24,332,21318
24,333,21323
24,334,21491
24,335,21497
24,336,21554
24,337,21578
24,338,21720
24,339,21726
24,340,21753
24,341,21773
24,342,21867
24,343,21869
24,344,21986
24,345,22096
24,346,22110
24,347,22123
24,348,22200
24,349,22247
24,350,22305
24,351,22342
24,352,22417
24,353,22460
24,354,22502
24,355,22540
24,356,22707
24,357,22722
24,358,22803
24,359,22808
24,360,22826
24,361,22876
24,362,22887
24,363,22900
24,364,23101
24,365,23188
24,366,23217
24,367,23394
24,368,23484
24,369,23601
24,370,23751
24,371,23912
24,372,24026
24,373,24037
24,374,24043
24,375,24138
24,376,24141
24,377,24354
24,378,24422
24,379,24456
24,380,24480
24,381,24528
24,382,24553
24,383,24585
24,384,24586
24,385,24611
24,386,24686
24,387,24762
24,388,24815
24,389,24957
24,390,24991
24,391,25082
24,392,25085
24,393,25100
24,394,25109
24,395,25141
24,396,25172
24,397,25205
24,398,25264
24,399,25321
24,400,25332
24,401,25382
24,402,25547
24,403,25550
24,404,25766
24,405,25809
24,406,25820
24,407,25836
24,408,25844
24,409,25976
24,410,26129
24,411,26151
24,412,26171
24,413,26462
24,414,26464
24,415,26512
24,416,26533
24,417,26673
24,418,26754
24,419,26805
24,420,26915
24,421,26985
24,422,27180
24,423,27211
24,424,27468
24,425,27484
24,426,27510
24,427,27554
24,428,27669
24,429,27732
24,430,27751
24,431,27758
24,432,27823
24,433,27859
24,434,27876
24,435,27911
24,436,28093
24,437,28271
24,438,28309
24,439,28380
24,440,28412
24,441,28607
24,442,28634
24,443,28731
24,444,28769
24,445,28797
24,446,28835
24,447,28849
24,448,28909
24,449,28931
24,450,28995
24,451,29107
24,452,29137
24,453,29199
24,454,29307
24,455,29345
24,456,29399
24,457,29457
24,458,29493
24,459,29595
24,460,29641
24,461,29760
24,462,29801
24,463,29819
24,464,29846
24,465,29910
24,466,30010
24,467,30125
24,468,30160
24,469,30288
24,470,30344
24,471,30408
24,472,30443
24,473,30476
24,474,30559
24,475,30673
24,476,30754
24,477,30767
24,478,30872
24,479,30881
24,480,30951
24,481,30970
24,482,30975
24,483,31084
24,484,31113
24,485,31131
24,486,31216
24,487,31243
24,488,31290
24,489,31336
24,490,31517
24,491,31545
24,492,31718
24,493,31781
24,494,31840
24,495,31926
24,496,32222
24,497,32394
24,498,32402
24,499,32424
24,500,32464
24,501,32543
24,502,32659
24,503,32665
24,504,32675
24,505,32716
24,506,32726
24,507,32747
24,508,32754
24,509,32781
24,510,32876
24,511,32933
24,512,33029
24,513,33088
24,514,33285
24,515,33362
24,516,33368
24,517,33397
24,518,33424
24,519,33457
24,520,33489
24,521,33499
24,522,33604
24,523,33667
24,524,33691
24,525,33776
24,526,33837
24,527,33894
24,528,33931
24,529,34083
24,530,34099
24,531,34104
24,532,34127
24,533,34142
24,534,34184
24,535,34219
24,536,34372
24,537,34470
24,538,34478
24,539,34596
24,540,34659
24,541,34699
24,542,34744
24,543,34798
24,544,34959
24,545,34977
24,546,35005
24,547,35070
24,548,35123
24,549,35203
24,550,35207
24,551,35236
24,552,35286
24,553,35298
24,554,35385
24,555,35392
24,556,35425
24,557,35461
24,558,35483
24,559,35510
24,560,35541
24,561,35564
24,562,35645
24,563,35656
24,564,35689
24,565,35720
24,566,35789
24,567,35805
24,568,35833
24,569,35897
24,570,35902
24,571,35933
24,572,36127
24,573,36141
24,574,36315
24,575,36377
24,576,36386
24,577,36624
24,578,36848
24,579,36882
24,580,36883
24,581,36997
24,582,37037
24,583,37227
24,584,37420
24,585,37507
24,586,37536
24,587,37797
24,588,37872
24,589,37957
24,590,38151
24,591,38193
24,592,38339
24,593,38663
24,594,38668
24,595,38775
24,596,38834
24,597,38847
24,598,38862
24,599,38903
24,600,38956
24,601,39008
24,602,39068
24,603,39177
24,604,39308
24,605,39312
24,606,39637
24,607,39672
24,608,39691
24,609,39723
24,610,39797
24,611,39895
24,612,39954
24,613,39965
24,614,40086
24,615,40230
24,616,40235
24,617,40301
24,618,40378
24,619,40383
24,620,40455
24,621,40502
24,622,40663
24,623,40685
24,624,40743
24,625,40759
24,626,40777
24,627,40813
24,628,40826
24,629,41083
24,630,41161
24,631,41195
24,632,41305
24,633,41312
24,634,41344
24,635,41359
24,636,41379
24,637,41416
24,638,41495
24,639,41505
24,640,41521
24,641,41567
24,642,41641
24,643,41750
24,644,41837
24,645,42091
24,646,42127
24,647,42151
24,648,42176
24,649,42269
24,650,42342
24,651,42347
24,652,42371
24,653,42441
24,654,42456
24,655,42459
24,656,42495
24,657,42564
24,658,42568
24,659,42656
24,660,42677
24,661,42696
24,662,42769
24,663,42865
24,664,42958
24,665,42966
24,666,43024
24,667,43185
24,668,43210
24,669,43282
24,670,43346
24,671,43375
24,672,43682
24,673,43691
24,674,43741
24,675,43772
24,676,43903
24,677,43951
24,678,44073
24,679,44094
24,680,44097
24,681,44102
24,682,44147
24,683,44158
24,684,44165
24,685,44271
24,686,44505
24,687,44562
24,688,44569
24,689,44640
24,690,44655
24,691,44745
24,692,44751
24,693,44758
24,694,44954
24,695,45122
24,696,45253
24,697,45313
24,698,45455
24,699,45496
24,700,45595
24,701,45601
24,702,45673
24,703,45699
24,704,45704
24,705,45719
24,706,45725
24,707,45914
24,708,45923
24,709,46038
24,710,46109
24,711,46168
24,712,46278
24,713,46293
24,714,46363
24,715,46379
24,716,46427
24,717,46442
24,718,46509
24,719,46524
24,720,46581
24,721,46610
24,722,46622
24,723,46623
24,724,46735
24,725,46810
24,726,46849
24,727,46864
24,728,46923
24,729,46974
24,730,46987
24,731,47127
24,732,47153
24,733,47205
24,734,47293
24,735,47336
24,736,47364
24,737,47378
24,738,47408
24,739,47578
24,740,47651
24,741,47662
24,742,47797
24,743,47908
24,744,48092
24,745,48153
24,746,48159
24,747,48196
24,748,48207
24,749,48294
24,750,48297
24,751,48344
24,752,48390
24,753,48428
24,754,48502
24,755,48538
24,756,48701
24,757,48709
24,758,48713
24,759,48750
24,760,48917
24,761,49057
24,762,49065
24,763,49078
24,764,49083
24,765,49141
24,766,49199
24,767,49568
24,768,49652
24,769,49663
24,770,49668
24,771,49823
24,772,49838
24,773,49914
24,774,49997
24,775,50021
24,776,50073
24,777,50093
24,778,50184
24,779,50200
24,780,50213
24,781,50219
24,782,50441
24,783,50450
24,784,50508
24,785,50543
24,786,50717
24,787,50725
24,788,50744
24,789,50770
24,790,50875
24,791,50917
24,792,50992
24,793,51106
24,794,51117
24,795,51168
24,796,51287
24,797,51312
24,798,51324
24,799,51536
24,800,51576
24,801,51622
24,802,51651
24,803,51662
24,804,51682
24,805,51849
24,806,51864
24,807,52010
24,808,52078
24,809,52102
24,810,52119
24,811,52198
24,812,52200
24,813,52521
24,814,52556
24,815,52684
24,816,52865
24,817,52986
24,818,53081
24,819,53137
24,820,53199
24,821,53303
24,822,53338
24,823,53437
24,824,53504
24,825,53639
24,826,53764
24,827,53802
24,828,53819
24,829,53842
24,830,53860
24,831,53937
24,832,53960
24,833,54012
24,834,54154
24,835,54217
24,836,54334
24,837,54344
24,838,54354
24,839,54379
24,840,54486
24,841,54503
24,842,54683
24,843,54761
24,844,54826
24,845,54855
24,846,54887
24,847,54945
24,848,54960
24,849,54993
24,850,55175
24,851,55270
24,852,55309
24,853,55311
24,854,55312
24,855,55347
24,856,55353
24,857,55449
24,858,55459
24,859,55505
24,860,55620
24,861,55775
24,862,55779
24,863,55871
24,864,55888
24,865,55918
24,866,55925
24,867,55936
24,868,56037
24,869,56072
24,870,56093
24,871,56124
24,872,56207
24,873,56282
24,874,56382
24,875,56510
24,876,56540
24,877,56614
24,878,56716
24,879,56762
24,880,56824
24,881,56976
24,882,56981
24,883,57063
24,884,57093
24,885,57174
24,886,57266
24,887,57315
24,888,57377
24,889,57380
24,890,57442
24,891,57452
24,892,57518
24,893,57523
24,894,57527
24,895,57562
24,896,57603
24,897,57609
24,898,57626
24,899,57659
24,900,57767
24,901,57781
24,902,57804
24,903,57858
24,904,57995
24,905,58014
24,906,58034
24,907,58092
24,908,58337
24,909,58451
24,910,58578
24,911,58609
24,912,58671
24,913,58781
24,914,58904
24,915,58931
24,916,58988
24,917,59064
24,918,59100
24,919,59102
24,920,59105
24,921,59152
24,922,59170
24,923,59175
24,924,59231
24,925,59308
24,926,59363
24,927,59420
24,928,59448
24,929,59489
24,930,59512
24,931,59518
24,932,59540
24,933,59578
24,934,59627
24,935,59651
24,936,59653
24,937,59735
24,938,59832
24,939,59835
24,940,59918
24,941,59945
24,942,59966
24,943,59983
24,944,60031
24,945,60067
24,946,60088
24,947,60123
24,948,60149
24,949,60186
24,950,60272
24,951,60324
24,952,60476
24,953,60482
24,954,60680
24,955,60812
24,956,60969
24,957,61388
24,958,61575
24,959,61583
24,960,61607
24,961,61670
24,962,61687
24,963,61831
24,964,61834
24,965,61838
24,966,61840
24,967,61984
24,968,62028
24,969,62050
24,970,62117
24,971,62291
24,972,62433
24,973,62444
24,974,62509
24,975,62636
24,976,62666
24,977,62671
24,978,62695
24,979,62701
24,980,62979
24,981,63047
24,982,63109
24,983,63265
24,984,63285
24,985,63390
24,986,63392
24,987,63424
24,988,63459
24,989,63470
24,990,63488
24,991,63534
24,992,63617
24,993,63671
24,994,63698
24,995,63766
24,996,63775
24,997,63865
24,998,63926
24,999,64042
24,1000,64047
24,1001,64060
24,1002,64062
24,1003,64140
24,1004,64146
24,1005,64169
24,1006,64218
24,1007,64275
24,1008,64295
24,1009,64333
24,1010,64371
24,1011,64600
24,1012,64682
24,1013,64797
24,1014,64866
24,1015,64887
24,1016,64985
24,1017,65089
24,1018,65104
24,1019,65261
24,1020,65310
24,1021,65339
24,1022,65476
24,1023,65510
25,0,193
25,1,293
25,2,302
25,3,382
25,4,395
25,5,508
25,6,545
25,7,552
25,8,559
25,9,717
25,10,781
25,11,874
25,12,953
25,13,1009
25,14,1030
25,15,1160
25,16,1214
25,17,1321
25,18,1327
25,19,1346
25,20,1384
25,21,1399
25,22,1564
25,23,1606
25,24,1697
25,25,1703
25,26,1762
25,27,1829
25,28,1864
25,29,1903
25,30,1927
25,31,1984
25,32,2003
25,33,2187
25,34,2251
25,35,2282
25,36,2295
25,37,2352
25,38,2378
25,39,2438
25,40,2443
25,41,2587
25,42,2608
25,43,2669
25,44,2699
25,45,2740
25,46,2856
25,47,2902
25,48,2936
25,49,2965
25,50,3001
25,51,3010
25,52,3098
25,53,3111
25,54,3211
25,55,3367
25,56,3493
25,57,3593
25,58,3800
25,59,4080
25,60,4150
25,61,4167
25,62,4264
25,63,4298
25,64,4334
25,65,4374
25,66,4493
25,67,4495
25,68,4507
25,69,4593
25,70,4611
25,71,4739
25,72,4745
25,73,4824
25,74,4844
25,75,4848
25,76,4945
25,77,4959
25,78,5071
25,79,5084
25,80,5116
25,81,5120
25,82,5168
25,83,5267
25,84,5340
25,85,5352
25,86,5751
25,87,5800
25,88,5824
25,89,5831
25,90,5902
25,91,5915
25,92,5920
25,93,5970
25,94,6029
25,95,6035
25,96,6078
25,97,6135
25,98,6189
25,99,6374
25,100,6427
25,101,6533
25,102,6557
25,103,6568
25,104,6592
25,105,6619
25,106,6641
25,107,6643
25,108,6706
25,109,6744
25,110,6835
25,111,6843
25,112,6887
25,113,6998
25,114,7008
25,115,7020
25,116,7101
25,117,7182
25,118,7374
25,119,7453
25,120,7482
25,121,7488
25,122,7546
25,123,7593
25,124,7706
25,125,7719
25,126,7833
25,127,7862
25,128,7949
25,129,8122
25,130,8166
25,131,8180
25,132,8224
25,133,8290
25,134,8399
25,135,8405
25,136,8455
25,137,8481
25,138,8596
25,139,8611
25,140,8670
25,141,8718
25,142,8844
25,143,8849
25,144,8964
25,145,9165
25,146,9182
25,147,9377
25,148,9416
25,149,9449
25,150,9613
25,151,9719
25,152,9860
25,153,9917
25,154,10061
25,155,10063
25,156,10076
25,157,10114
25,158,10127
25,159,10162
25,160,10193
25,161,10201
25,162,10226
25,163,10239
25,164,10408
25,165,10494
25,166,10569
25,167,10588
25,168,10604
25,169,10780
25,170,10850
25,171,10863
25,172,10872
25,173,11007
25,174,11009
25,175,11048
25,176,11076
25,177,11324
25,178,11453
25,179,11532
25,180,11601
25,181,11635
25,182,11813
25,183,11908
25,184,11986
25,185,12166
25,186,12227
25,187,12336
25,188,12366
25,189,12381
25,190,12548
25,191,12580
25,192,12589
25,193,12616
25,194,12684
25,195,12792
25,196,12841
25,197,12905
25,198,13048
25,199,13077
25,200,13205
25,201,13210
25,202,13222
25,203,13301
25,204,13418
25,205,13464
25,206,13477
25,207,13568
25,208,13604
25,209,13682
25,210,13687
25,211,13713
25,212,13990
25,213,14009
25,214,14209
25,215,14273
25,216,14279
25,217,14350
25,218,14533
25,219,14595
25,220,14652
25,221,14766
25,222,14904
25,223,14944
25,224,14971
25,225,15006
25,226,15080
25,227,15102
25,228,15127
25,229,15157
25,230,15293
25,231,15401
25,232,15446
25,233,15498
25,234,15577
25,235,15615
25,236,15975
25,237,15980
25,238,16061
25,239,16090
25,240,16241
25,241,16302
25,242,16349
25,243,16410
25,244,16444
25,245,16463
25,246,16473
25,247,16547
25,248,16682
25,249,16774
25,250,16852
25,251,16896
25,252,16945
25,253,16963
25,254,17017
25,255,17097
25,256,17133
25,257,17138
25,258,17145
25,259,17196
25,260,17417
25,261,17456
25,262,17463
25,263,17499
25,264,17513
25,265,17694
25,266,17848
25,267,17861
25,268,17880
25,269,17956
25,270,18113
25,271,18138
25,272,18192
25,273,18236
25,274,18363
25,275,18370
25,276,18394
25,277,18432
25,278,18460
25,279,18504
25,280,18550
25,281,18574
25,282,18637
25,283,18900
25,284,18932
25,285,18959
25,286,18963
25,287,18975
25,288,18987
25,289,19178
25,290,19190
25,291,19397
25,292,19480
25,293,19666
25,294,19744
25,295,19786
25,296,19807
25,297,19871
25,298,19952
25,299,19994
25,300,20013
25,301,20016
25,302,20198
25,303,20202
25,304,20282
25,305,20291
25,306,20297
25,307,20410
25,308,20467
25,309,20476
25,310,20534
25,311,20537
25,312,20638
25,313,20660
25,314,20683
25,315,20704
25,316,20748
25,317,20790
25,318,20870
25,319,20918
25,320,20939
25,321,21045
25,322,21198
25,323,21221
25,324,21253
25,325,21326
25,326,21491
25,327,21547
25,328,21617
25,329,21846
25,330,21869
25,331,21893
25,332,22267
25,333,22534
25,334,22563
25,335,22662
25,336,22671
25,337,22710
25,338,22742
25,339,22774
25,340,22810
25,341,22893
25,342,22920
25,343,22983
25,344,23018
25,345,23112
25,346,23164
25,347,23183
25,348,23258
25,349,23354
25,350,23357
25,351,23487
25,352,23519
25,353,23684
25,354,23742
25,355,23750
25,356,23763
25,357,23789
25,358,23819
25,359,23846
25,360,23925
25,361,23937
25,362,23957
25,363,24111
25,364,24139
25,365,24759
25,366,24814
25,367,24859
25,368,24894
25,369,24911
25,370,24936
25,371,24966
25,372,25061
25,373,25108
25,374,25128
25,375,25173
25,376,25288
25,377,25291
25,378,25366
25,379,25405
25,380,25494
25,381,25528
25,382,25607
25,383,25620
25,384,25708
25,385,25728
25,386,25743
25,387,25755
25,388,25902
25,389,25910
25,390,25919
25,391,25929
25,392,25992
25,393,26095
25,394,26111
25,395,26166
25,396,26223
25,397,26274
25,398,26356
25,399,26379
25,400,26499
25,401,26593
25,402,26722
25,403,26732
25,404,26807
25,405,26858
25,406,26890
25,407,26983
25,408,27011
25,409,27298
25,410,27354
25,411,27373
25,412,27383
25,413,27507
25,414,27698
25,415,27801
25,416,27864
25,417,27966
25,418,27970
25,419,28022
25,420,28102
25,421,28117
25,422,28164
25,423,28209
25,424,28341
25,425,28347
25,426,28363
25,427,28391
25,428,28531
25,429,28674
25,430,28823
25,431,29031
25,432,29085
25,433,29146
25,434,29172
25,435,29244
25,436,29304
25,437,29353
25,438,29385
25,439,29397
25,440,29548
25,441,29580
25,442,29581
25,443,29610
25,444,29668
25,445,29847
25,446,29865
25,447,29866
25,448,29901
25,449,29954
25,450,30032
25,451,30036
25,452,30053
25,453,30127
25,454,30293
25,455,30361
25,456,30369
25,457,30418
25,458,30545
25,459,30571
25,460,30600
25,461,30706
25,462,30851
25,463,30942
25,464,30990
25,465,31034
25,466,31160
25,467,31180
25,468,31197
25,469,31272
25,470,31322
25,471,31412
25,472,31443
25,473,31592
25,474,31640
25,475,31643
25,476,31781
25,477,31856
25,478,31906
25,479,31923
25,480,32059
25,481,32116
25,482,32177
25,483,32183
25,484,32246
25,485,32269
25,486,32441
25,487,32484
25,488,32508
25,489,32522
25,490,32533
25,491,32566
25,492,32656
25,493,32673
25,494,32723
25,495,32725
25,496,32751
25,497,32794
25,498,32853
25,499,32978
25,500,32994
25,501,33047
25,502,33134
25,503,33165
25,504,33206
25,505,33351
25,506,33482
25,507,33554
25,508,33603
25,509,33618
25,510,33627
25,511,33650
25,512,33674
25,513,33773
25,514,33796
25,515,33853
25,516,33887
25,517,33935
25,518,33976
25,519,33978
25,520,33980
25,521,33988
25,522,34090
25,523,34123
25,524,34164
25,525,34166
25,526,34310
25,527,34365
25,528,34457
25,529,34570
25,530,34598
25,531,34674
25,532,34696
25,533,34931
25,534,35207
25,535,35227
25,536,35303
25,537,35421
25,538,35441
25,539,35568
25,540,35573
25,541,35604
25,542,35651
25,543,35665
25,544,35672
25,545,35707
25,546,35754
25,547,35804
25,548,35856
25,549,35860
25,550,35941
25,551,35942
25,552,35948
25,553,35986
25,554,36035
25,555,36054
25,556,36259
25,557,36278
25,558,36382
25,559,36385
25,560,36388
25,561,36391
25,562,36432
25,563,36465
25,564,36574
25,565,36592
25,566,36931
25,567,36934
25,568,37048
25,569,37085
25,570,37155
25,571,37180
25,572,37188
25,573,37192
25,574,37254
25,575,37267
25,576,37358
25,577,37382
25,578,37455
25,579,37532
25,580,37574
25,581,37592
25,582,37672
25,583,37679
25,584,37795
25,585,37818
25,586,37834
25,587,37852
25,588,37958
25,589,37966
25,590,38284
25,591,38289
25,592,38352
25,593,38372
25,594,38422
25,595,38493
25,596,38675
25,597,38821
25,598,38830
25,599,38839
25,600,38874
25,601,38895
25,602,39263
25,603,39266
25,604,39273
25,605,39382
25,606,39423
25,607,39436
25,608,39454
25,609,39517
25,610,39715
25,611,39721
25,612,39819
25,613,39971
25,614,40014
25,615,40148
25,616,40357
25,617,40370
25,618,40392
25,619,40439
25,620,40495
25,621,40578
25,622,40631
25,623,40669
25,624,40730
25,625,40758
25,626,40888
25,627,40985
25,628,41046
25,629,41097
25,630,41178
25,631,41187
25,632,41250
25,633,41388
25,634,41456
25,635,41485
25,636,41631
25,637,41657
25,638,41732
25,639,41857
25,640,42065
25,641,42080
25,642,42209
25,643,42279
25,644,42438
25,645,42501
25,646,42585
25,647,42642
25,648,42679
25,649,42748
25,650,42814
25,651,42827
25,652,42858
25,653,42859
25,654,42956
25,655,43025
25,656,43101
25,657,43109
25,658,43110
25,659,43131
25,660,43163
25,661,43213
25,662,43230
25,663,43294
25,664,43312
25,665,43326
25,666,43374
25,667,43377
25,668,43456
25,669,43463
25,670,43509
25,671,43540
25,672,43561
25,673,43629
25,674,43811
25,675,43830
25,676,43847
25,677,43919
25,678,43945
25,679,44141
25,680,44148
25,681,44180
25,682,44191
25,683,44260
25,684,44264
25,685,44311
25,686,44390
25,687,44410
25,688,44425
25,689,44478
25,690,44595
25,691,44690
25,692,44701
25,693,44798
25,694,44817
25,695,45034
25,696,45156
25,697,45157
25,698,45234
25,699,45251
25,700,45323
25,701,45335
25,702,45354
25,703,45466
25,704,45523
25,705,45650
25,706,45698
25,707,45842
25,708,45911
25,709,45997
25,710,46136
25,711,46165
25,712,46209
25,713,46378
25,714,46385
25,715,46407
25,716,46427
25,717,46545
25,718,46572
25,719,46639
25,720,46684
25,721,46834
25,722,46883
25,723,46897
25,724,46901
25,725,46945
25,726,47070
25,727,47128
25,728,47190
25,729,47283
25,730,47339
25,731,47385
25,732,47437
25,733,47465
25,734,47513
25,735,47613
25,736,47694
25,737,47776
25,738,47902
25,739,47905
25,740,47918
25,741,48085
25,742,48250
25,743,48383
25,744,48429
25,745,48454
25,746,48460
25,747,48465
25,748,48603
25,749,48666
25,750,48811
25,751,48825
25,752,48912
25,753,48970
25,754,48971
25,755,48975
25,756,48982
25,757,49004
25,758,49005
25,759,49170
25,760,49314
25,761,49391
25,762,49407
25,763,49532
25,764,49610
25,765,49631
25,766,49800
25,767,49844
25,768,49874
25,769,49879
25,770,49982
25,771,49989
25,772,50044
25,773,50192
25,774,50368
25,775,50423
25,776,50590
25,777,50592
25,778,50605
25,779,50927
25,780,50928
25,781,50987
25,782,51041
25,783,51081
25,784,51174
25,785,51185
25,786,51195
25,787,51277
25,788,51382
25,789,51414
25,790,51453
25,791,51572
25,792,51704
25,793,51818
25,794,51897
25,795,51902
25,796,51953
25,797,51976
25,798,52027
25,799,52060
25,800,52103
25,801,52211
25,802,52376
25,803,52398
25,804,52400
25,805,52411
25,806,52503
25,807,52505
25,808,52512
25,809,52657
25,810,52715
25,811,52816
25,812,53002
25,813,53057
25,814,53156
25,815,53197
25,816,53246
25,817,53252
25,818,53255
25,819,53256
25,820,53296
25,821,53323
25,822,53445
25,823,53459
25,824,53505
25,825,53594
25,826,53601
25,827,53642
25,828,53840
25,829,53897
25,830,53955
25,831,54182
25,832,54198
25,833,54258
25,834,54417
25,835,54433
25,836,54459
25,837,54534
25,838,54561
25,839,54611
25,840,54746
25,841,54834
25,842,54860
25,843,54898
25,844,54926
25,845,54996
25,846,55010
25,847,55081
25,848,55085
25,849,55105
25,850,55226
25,851,55283
25,852,55296
25,853,55609
25,854,55672
25,855,55737
25,856,55799
25,857,55850
25,858,55963
25,859,56086
25,860,56127
25,861,56216
25,862,56326
25,863,56354
25,864,56378
25,865,56447
25,866,56448
25,867,56457
25,868,56501
25,869,56517
25,870,56521
25,871,56536
25,872,56565
25,873,56607
25,874,56612
25,875,56613
25,876,56725
25,877,56768
25,878,56814
25,879,56848
25,880,56863
25,881,56865
25,882,56920
25,883,57189
25,884,57233
25,885,57475
25,886,57546
25,887,57571
25,888,57577
25,889,57580
25,890,57605
25,891,57657
25,892,57726
25,893,57834
25,894,58073
25,895,58203
25,896,58241
25,897,58267
25,898,58274
25,899,58281
25,900,58329
25,901,58386
25,902,58388
25,903,58707
25,904,58721
25,905,58788
25,906,58795
25,907,58827
25,908,58859
25,909,58925
25,910,59030
25,911,59060
25,912,59143
25,913,59209
25,914,59322
25,915,59382
25,916,59557
25,917,59591
25,918,59598
25,919,59690
25,920,59705
25,921,59706
25,922,59743
25,923,59810
25,924,59812
25,925,59824
25,926,59847
25,927,59925
25,928,60002
25,929,60018
25,930,60024
25,931,60034
25,932,60046
25,933,60134
25,934,60135
25,935,60237
25,936,60258
25,937,60304
25,938,60416
25,939,60524
25,940,60783
25,941,60805
25,942,60835
25,943,60915
25,944,60947
25,945,60955
25,946,60987
25,947,61135
25,948,61140
25,949,61212
25,950,61402
25,951,61450
25,952,61526
25,953,61582
25,954,61717
25,955,61726
25,956,61783
25,957,61792
25,958,61830
25,959,62016
25,960,62049
25,961,62053
25,962,62060
25,963,62225
25,964,62310
25,965,62317
25,966,62367
25,967,62409
25,968,62423
25,969,62425
25,970,62523
25,971,62560
25,972,62611
25,973,62632
25,974,62641
25,975,62669
25,976,62715
25,977,62776
25,978,62815
25,979,62822
25,980,62892
25,981,62909
25,982,62980
25,983,62986
25,984,63003
25,985,63077
25,986,63132
25,987,63149
25,988,63311
25,989,63349
25,990,63371
25,991,63380
25,992,63388
25,993,63491
25,994,63503
25,995,63537
25,996,63899
25,997,63910
25,998,63965
25,999,64009
25,1000,64012
25,1001,64043
25,1002,64099
25,1003,64140
25,1004,64365
25,1005,64418
25,1006,64426
25,1007,64597
25,1008,64691
25,1009,64769
25,1010,64826
25,1011,64849
25,1012,64923
25,1013,64986
25,1014,65062
25,1015,65110
25,1016,65163
25,1017,65195
25,1018,65225
25,1019,65279
25,1020,65287
25,1021,65362
25,1022,65430
25,1023,65441
26,0,20
26,1,56
26,2,82
26,3,98
26,4,274
26,5,376
26,6,504
26,7,518
26,8,528
26,9,531
26,10,593
26,11,639
26,12,644
26,13,670
26,14,754
26,15,920
26,16,994
26,17,1015
26,18,1058
26,19,1082
26,20,1140
26,21,1143
26,22,1267
26,23,1316
26,24,1372
26,25,1417
26,26,1491
26,27,1587
26,28,1637
26,29,1655
26,30,1693
26,31,1697
26,32,1711
26,33,1912
26,34,1944
26,35,2021
26,36,2031
26,37,2092
26,38,2177
26,39,2202
26,40,2233
26,41,2312
26,42,2320
26,43,2407
26,44,2496
26,45,2505
26,46,2525
26,47,2546
26,48,2606
26,49,2643
26,50,2656
26,51,2724
26,52,2907
26,53,3003
26,54,3023
26,55,3065
26,56,3421
26,57,3435
26,58,3441
26,59,3465
26,60,3493
26,61,3594
26,62,3608
26,63,3775
26,64,3798
26,65,3897
26,66,3976
26,67,3983
26,68,4014
26,69,4085
26,70,4196
26,71,4236
26,72,4266
26,73,4333
26,74,4419
26,75,4451
26,76,4483
26,77,4484
26,78,4558
26,79,4669
26,80,4700
26,81,4729
26,82,4759
26,83,4773
26,84,4855
26,85,4879
26,86,4906
26,87,5021
26,88,5026
26,89,5030
26,90,5198
26,91,5352
26,92,5382
26,93,5465
26,94,5495
26,95,5632
26,96,5722
26,97,5738
26,98,5811
26,99,5825
26,100,5931
26,101,5969
26,102,6109
26,103,6196
26,104,6240
26,105,6243
26,106,6349
26,107,6499
26,108,6549
26,109,6560
26,110,6622
26,111,6799
26,112,6834
26,113,6942
26,114,6993
26,115,7013
26,116,7147
26,117,7429
26,118,7487
26,119,7550
26,120,7700
26,121,7759
26,122,7926
26,123,8006
26,124,8082
26,125,8161
26,126,8262
26,127,8292
26,128,8313
26,129,8385
26,130,8402
26,131,8524
26,132,8538
26,133,8553
26,134,8827
26,135,8990
26,136,9136
26,137,9145
26,138,9180
26,139,9291
26,140,9323
26,141,9366
26,142,9410
26,143,9537
26,144,9573
26,145,9634
26,146,9717
26,147,9762
26,148,9786
26,149,9865
26,150,9881
26,151,10089
26,152,10113
26,153,10157
26,154,10198
26,155,10295
26,156,10297
26,157,10308
26,158,10375
26,159,10440
26,160,10458
26,161,10666
26,162,10732
26,163,10819
26,164,10866
26,165,10890
26,166,10921
26,167,10937
26,168,11024
26,169,11074
26,170,11120
26,171,11476
26,172,11482
26,173,11485
26,174,11653
26,175,11770
26,176,11812
26,177,12013
26,178,12117
26,179,12123
26,180,12473
26,181,12490
26,182,12622
26,183,12628
26,184,12654
26,185,12694
26,186,12741
26,187,12750
26,188,12957
26,189,13011
26,190,13203
26,191,13219
26,192,13262
26,193,13263
26,194,13391
26,195,13615
26,196,13628
26,197,13657
26,198,13741
26,199,13927
26,200,13954
26,201,14000
26,202,14032
26,203,14040
26,204,14169
26,205,14205
26,206,14213
26,207,14262
26,208,14391
26,209,14414
26,210,14438
26,211,14523
26,212,14649
26,213,14931
26,214,14956
26,215,14967
26,216,15023
26,217,15043
26,218,15056
26,219,15104
26,220,15301
26,221,15308
26,222,15617
26,223,15687
26,224,15705
26,225,15812
26,226,15813
26,227,15859
26,228,15897
26,229,15966
26,230,16061
26,231,16140
26,232,16228
26,233,16293
26,234,16392
26,235,16485
26,236,16494
26,237,16526
26,238,16669
26,239,16670
26,240,16835
26,241,16889
26,242,16928
26,243,17138
26,244,17142
26,245,17227
26,246,17372
26,247,17500
26,248,17519
26,249,17657
26,250,17842
26,251,17965
26,252,17978
26,253,17989
26,254,18202
26,255,18229
26,256,18253
26,257,18283
26,258,18400
26,259,18403
26,260,18562
26,261,18632
26,262,18697
26,263,18833
26,264,18913
26,265,18983
26,266,18987
26,267,19065
26,268,19085
26,269,19097
26,270,19107
26,271,19114
26,272,19132
26,273,19179
26,274,19332
26,275,19604
26,276,19741
26,277,19847
26,278,19927
26,279,19932
26,280,19940
26,281,19941
26,282,19954
26,283,20016
26,284,20118
26,285,20213
26,286,20223
26,287,20268
26,288,20425
26,289,20450
26,290,20467
26,291,20546
26,292,20577
26,293,20615
26,294,20621
26,295,20664
26,296,20670
26,297,20707
26,298,20748
26,299,20794
26,300,20797
26,301,20850
26,302,20856
26,303,20941
26,304,21191
26,305,21241
26,306,21279
26,307,21337
26,308,21401
26,309,21462
26,310,21548
26,311,21637
26,312,21715
26,313,21739
26,314,21962
26,315,21966
26,316,22091
26,317,22146
26,318,22151
26,319,22195
26,320,22259
26,321,22270
26,322,22318
26,323,22438
26,324,22475
26,325,22535
26,326,22556
26,327,22586
26,328,22621
26,329,22622
26,330,22635
26,331,22657
26,332,22747
26,333,22750
26,334,22762
26,335,22809
26,336,22813
26,337,22837
26,338,22842
26,339,22864
26,340,22887
26,341,22939
26,342,23017
26,343,23257
26,344,23512
26,345,23547
26,346,23575
26,347,23685
26,348,23770
26,349,23807
26,350,23937
26,351,24036
26,352,24104
26,353,24157
26,354,24297
26,355,24307
26,356,24320
26,357,24347
26,358,24358
26,359,24468
26,360,24547
26,361,24607
26,362,24645
26,363,24781
26,364,24853
26,365,24861
26,366,24864
26,367,24875
26,368,24949
26,369,24986
26,370,25049
26,371,25169
26,372,25214
26,373,25298
26,374,25398
26,375,25461
26,376,25573
26,377,25577
26,378,25687
26,379,25699
26,380,25718
26,381,25836
26,382,25844
26,383,25851
26,384,25879
26,385,25887
26,386,25903
26,387,25943
26,388,26032
26,389,26046
26,390,26095
26,391,26136
26,392,26204
26,393,26205
26,394,26280
26,395,26344
26,396,26357
26,397,26382
26,398,26433
26,399,26485
26,400,26573
26,401,26596
26,402,26602
26,403,26642
26,404,26748
26,405,26824
26,406,26828
26,407,26877
26,408,27023
26,409,27060
26,410,27067
26,411,27209
26,412,27211
26,413,27297
26,414,27323
26,415,27362
26,416,27502
26,417,27537
26,418,27615
26,419,27666
26,420,27697
26,421,27827
26,422,27885
26,423,27949
26,424,27998
26,425,28034
26,426,28100
26,427,28150
26,428,28301
26,429,28335
26,430,28383
26,431,28401
26,432,28410
26,433,28629
26,434,28635
26,435,28712
26,436,28751
26,437,28787
26,438,28821
26,439,28822
26,440,28835
26,441,28986
26,442,29009
26,443,29054
26,444,29114
26,445,29311
26,446,29330
26,447,29425
26,448,29440
26,449,29576
26,450,29611
26,451,29614
26,452,29675
26,453,29822
26,454,29885
26,455,29921
26,456,29943
26,457,29985
26,458,30003
26,459,30056
26,460,30057
26,461,30128
26,462,30182
26,463,30318
26,464,30422
26,465,30471
26,466,30488
26,467,30495
26,468,30525
26,469,30590
26,470,30614
26,471,30717
26,472,30818
26,473,30913
26,474,30927
26,475,31008
26,476,31032
26,477,31050
26,478,31072
26,479,31240
26,480,31242
26,481,31256
26,482,31302
26,483,31322
26,484,31428
26,485,31439
26,486,31443
26,487,31503
26,488,31557
26,489,31579
26,490,31688
26,491,31793
26,492,31801
26,493,31834
26,494,31853
26,495,32022
26,496,32113
26,497,32116
26,498,32135
26,499,32230
26,500,32279
26,501,32400
26,502,32418
26,503,32495
26,504,32712
26,505,32750
26,506,32766
26,507,32846
26,508,32868
26,509,33054
26,510,33097
26,511,33311
26,512,33399
26,513,33403
26,514,33425
26,515,33431
26,516,33451
26,517,33572
26,518,33609
26,519,33657
26,520,33683
26,521,33831
26,522,33938
26,523,33947
26,524,33992
26,525,34124
26,526,34239
26,527,34293
26,528,34299
26,529,34397
26,530,34453
26,531,34462
26,532,34565
26,533,34575
26,534,34630
26,535,34634
26,536,34732
26,537,34754
26,538,34756
26,539,34826
26,540,34831
26,541,34927
26,542,34953
26,543,35146
26,544,35165
26,545,35182
26,546,35208
26,547,35218
26,548,35278
26,549,35280
26,550,35306
26,551,35320
26,552,35341
26,553,35357
26,554,35466
26,555,35522
26,556,35523
26,557,35737
26,558,35862
26,559,35924
26,560,35939
26,561,36021
26,562,36078
26,563,36705
26,564,36712
26,565,36731
26,566,36787
26,567,36799
26,568,36963
26,569,36968
26,570,37040
26,571,37329
26,572,37357
26,573,37402
26,574,37430
26,575,37469
26,576,37635
26,577,37636
26,578,37680
26,579,37735
26,580,37927
26,581,38025
26,582,38191
26,583,38204
26,584,38222
26,585,38237
26,586,38244
26,587,38333
26,588,38382
26,589,38398
26,590,38447
26,591,38458
26,592,38613
26,593,38745
26,594,38748
26,595,38776
26,596,38846
26,597,38931
26,598,38940
26,599,38976
26,600,38982
26,601,39088
26,602,39156
26,603,39180
26,604,39223
26,605,39280
26,606,39443
26,607,39452
26,608,39479
26,609,39505
26,610,39619
26,611,39622
26,612,39683
26,613,39833
26,614,39843
26,615,39902
26,616,39912
26,617,39921
26,618,39966
26,619,39994
26,620,40007
26,621,40019
26,622,40025
26,623,40030
26,624,40177
26,625,40263
26,626,40298
26,627,40347
26,628,40392
26,629,40575
26,630,40585
26,631,40781
26,632,40861
26,633,41006
26,634,41011
26,635,41177
26,636,41216
26,637,41288
26,638,41308
26,639,41384
26,640,41424
26,641,41535
26,642,41615
26,643,41625
26,644,41696
26,645,41739
26,646,41928
26,647,42000
26,648,42031
26,649,42083
26,650,42085
26,651,42127
26,652,42195
26,653,42438
26,654,42514
26,655,42578
26,656,42607
26,657,42627
26,658,42663
26,659,42769
26,660,42929
26,661,42941
26,662,42962
26,663,42980
26,664,43112
26,665,43140
26,666,43205
26,667,43285
26,668,43452
26,669,43516
26,670,43562
26,671,43653
26,672,43736
26,673,43769
26,674,43842
26,675,43948
26,676,43996
26,677,43998
26,678,44085
26,679,44204
26,680,44221
26,681,44313
26,682,44345
26,683,44357
26,684,44425
26,685,44506
26,686,44574
26,687,44643
26,688,44645
26,689,44660
26,690,44769
26,691,44923
26,692,44961
26,693,44972
26,694,45060
26,695,45125
26,696,45217
26,697,45222
26,698,45230
26,699,45283
26,700,45363
26,701,45416
26,702,45417
26,703,45428
26,704,45461
26,705,45467
26,706,45608
26,707,45750
26,708,45765
26,709,45852
26,710,45940
26,711,45968
26,712,45973
26,713,46009
26,714,46037
26,715,46038
26,716,46071
26,717,46095
26,718,46137
26,719,46151
26,720,46231
26,721,46241
26,722,46280
26,723,46291
26,724,46325
26,725,46385
26,726,46390
26,727,46611
26,728,46673
26,729,46695
26,730,46732
26,731,46767
26,732,46851
26,733,46970
26,734,46972
26,735,47088
26,736,47137
26,737,47219
26,738,47237
26,739,47269
26,740,47334
26,741,47426
26,742,47598
26,743,47645
26,744,47682
26,745,47742
26,746,47808
26,747,47851
26,748,47867
26,749,47925
26,750,48107
26,751,48151
26,752,48181
26,753,48247
26,754,48249
26,755,48356
26,756,48357
26,757,48380
26,758,48580
26,759,48644
26,760,48651
26,761,48699
26,762,48708
26,763,48709
26,764,48765
26,765,48859
26,766,48952
26,767,48957
26,768,49009
26,769,49010
26,770,49181
26,771,49199
26,772,49499
26,773,49502
26,774,49515
26,775,49575
26,776,49592
26,777,49657
26,778,49769
26,779,49772
26,780,49805
26,781,49812
26,782,49824
26,783,49859
26,784,49864
26,785,49948
26,786,49997
26,787,49998
26,788,50051
26,789,50079
26,790,50107
26,791,50171
26,792,50186
26,793,50223
26,794,50228
26,795,50400
26,796,50480
26,797,50489
26,798,50527
26,799,50577
26,800,50650
26,801,50719
26,802,50727
26,803,50796
26,804,50864
26,805,50912
26,806,51033
26,807,51045
26,808,51081
26,809,51427
26,810,51439
26,811,51463
26,812,51536
26,813,51616
26,814,51777
26,815,51954
26,816,51989
26,817,52015
26,818,52054
26,819,52217
26,820,52418
26,821,52429
26,822,52517
26,823,52533
26,824,52575
26,825,52593
26,826,52618
26,827,52657
26,828,52875
26,829,52898
26,830,53101
26,831,53128
26,832,53164
26,833,53271
26,834,53288
26,835,53399
26,836,53497
26,837,53508
26,838,53515
26,839,53548
26,840,53644
26,841,53645
26,842,53669
26,843,53671
26,844,53686
26,845,53699
26,846,53722
26,847,53775
26,848,53820
26,849,53984
26,850,54160
26,851,54207
26,852,54323
26,853,54370
26,854,54469
26,855,54509
26,856,54549
26,857,54589
26,858,54709
26,859,54775
26,860,54808
26,861,54820
26,862,54840
26,863,55043
26,864,55145
26,865,55151
26,866,55173
26,867,55229
26,868,55261
26,869,55280
26,870,55293
26,871,55376
26,872,55415
26,873,55461
26,874,55511
26,875,55621
26,876,55717
26,877,55750
26,878,55753
26,879,55767
26,880,55872
26,881,56068
26,882,56169
26,883,56394
26,884,56496
26,885,56538
26,886,56603
26,887,56684
26,888,56707
26,889,56716
26,890,56738
26,891,56871
26,892,56883
26,893,56903
26,894,57052
26,895,57151
26,896,57252
26,897,57478
26,898,57523
26,899,57528
26,900,57575
26,901,57577
26,902,57581
26,903,57628
26,904,57666
26,905,57670
26,906,57905
26,907,57966
26,908,58018
26,909,58022
26,910,58130
26,911,58248
26,912,58310
26,913,58337
26,914,58385
26,915,58442
26,916,58496
26,917,58517
26,918,58543
26,919,58555
26,920,58606
26,921,58626
26,922,58655
26,923,58737
26,924,58741
26,925,58866
26,926,58923
26,927,58938
26,928,59050
26,929,59061
26,930,59234
26,931,59389
26,932,59411
26,933,59425
26,934,59438
26,935,59510
26,936,59589
26,937,59618
26,938,59659
26,939,59944
26,940,59958
26,941,60033
26,942,60115
26,943,60127
26,944,60132
26,945,60180
26,946,60208
26,947,60371
26,948,60388
26,949,60425
26,950,60446
26,951,60456
26,952,60487
26,953,60562
26,954,60625
26,955,60690
26,956,60718
26,957,60781
26,958,60851
26,959,60977
26,960,61100
26,961,61158
26,962,61164
26,963,61253
26,964,61260
26,965,61270
26,966,61346
26,967,61555
26,968,61557
26,969,61569
26,970,61574
26,971,61627
26,972,61644
26,973,61653
26,974,61720
26,975,61724
26,976,61866
26,977,61934
26,978,61940
26,979,62162
26,980,62168
26,981,62194
26,982,62243
26,983,62389
26,984,62496
26,985,62573
26,986,62618
26,987,62630
26,988,62794
26,989,62897
26,990,63052
26,991,63453
26,992,63481
26,993,63584
26,994,63705
26,995,63792
26,996,63816
26,997,63851
26,998,63863
26,999,63963
26,1000,64068
26,1001,64070
26,1002,64092
26,1003,64099
26,1004,64155
26,1005,64232
26,1006,64241
26,1007,64247
26,1008,64267
26,1009,64289
26,1010,64370
26,1011,64397
26,1012,64481
26,1013,64506
26,1014,64773
26,1015,64778
26,1016,64813
26,1017,64865
26,1018,65181
26,1019,65288
26,1020,65331
26,1021,65381
26,1022,65404
26,1023,65405
27,0,74
27,1,140
27,2,171
27,3,266
27,4,312
27,5,332
27,6,351
27,7,557
27,8,598
27,9,698
27,10,764
27,11,782
27,12,807
27,13,816
27,14,842
27,15,935
27,16,1210
27,17,1246
27,18,1267
27,19,1358
27,20,1436
27,21,1468
27,22,1481
27,23,1552
27,24,1588
27,25,1617
27,26,1652
27,27,1778
27,28,1839
27,29,2062
27,30,2121
27,31,2161
27,32,2189
27,33,2197
27,34,2262
27,35,2512
27,36,2596
27,37,2635
27,38,2775
27,39,2799
27,40,2817
27,41,2857
27,42,2989
27,43,3016
27,44,3162
27,45,3250
27,46,3438
27,47,3451
27,48,3455
27,49,3775
27,50,3809
27,51,3830
27,52,3949
27,53,3962
27,54,3965
27,55,3990
27,56,3998
27,57,4000
27,58,4042
27,59,4105
27,60,4135
27,61,4146
27,62,4178
27,63,4200
27,64,4201
27,65,4436
27,66,4561
27,67,4654
27,68,4657
27,69,4665
27,70,4676
27,71,4682
27,72,4832
27,73,4873
27,74,4924
27,75,4985
27,76,5046
27,77,5103
27,78,5237
27,79,5255
27,80,5289
27,81,5303
27,82,5320
27,83,5368
27,84,5378
27,85,5481
27,86,5537
27,87,5711
27,88,5742
27,89,5815
27,90,5895
27,91,6165
27,92,6192
27,93,6215
27,94,6627
27,95,6664
27,96,6686
27,97,6764
27,98,6862
27,99,6889
27,100,6906
27,101,6996
27,102,7065
27,103,7068
27,104,7113
27,105,7196
27,106,7392
27,107,7506
27,108,7510
27,109,7553
27,110,7658
27,111,7711
27,112,7716
27,113,7837
27,114,7999
27,115,8001
27,116,8024
27,117,8060
27,118,8130
27,119,8175
27,120,8265
27,121,8275
27,122,8414
27,123,8428
27,124,8491
27,125,8512
27,126,8599
27,127,8600
27,128,8646
27,129,8685
27,130,8770
27,131,8914
27,132,8929
27,133,8961
27,134,8962
27,135,9182
27,136,9238
27,137,9243
27,138,9269
27,139,9388
27,140,9406
27,141,9497
27,142,9549
27,143,9582
27,144,9827
27,145,9945
27,146,10015
27,147,10051
27,148,10073
27,149,10136
27,150,10219
27,151,10374
27,152,10375
27,153,10563
27,154,10589
27,155,10623
27,156,10647
27,157,10705
27,158,10834
27,159,11040
27,160,11065
27,161,11227
27,162,11304
27,163,11334
27,164,11354
27,165,11444
27,166,11490
27,167,11502
27,168,11565
27,169,11736
27,170,11856
27,171,11910
27,172,11918
27,173,11942
27,174,12001
27,175,12049
27,176,12091
27,177,12101
27,178,12131
27,179,12170
27,180,12232
27,181,12262
27,182,12358
27,183,12364
27,184,12536
27,185,12583
27,186,12603
27,187,12635
27,188,12806
27,189,12861
27,190,12872
27,191,12979
27,192,13004
27,193,13095
27,194,13147
27,195,13177
27,196,13188
27,197,13291
27,198,13324
27,199,13405
27,200,13420
27,201,13426
27,202,13446
27,203,13499
27,204,13554
27,205,13577
27,206,13691
27,207,13749
27,208,13753
27,209,13784
27,210,13862
27,211,13909
27,212,13935
27,213,13941
27,214,13958
27,215,14063
27,216,14077
27,217,14191
27,218,14239
27,219,14329
27,220,14332
27,221,14343
27,222,14356
27,223,14425
27,224,14426
27,225,14455
27,226,14471
27,227,14637
27,228,14643
27,229,14745
27,230,14966
27,231,14997
27,232,15084
27,233,15214
27,234,15255
27,235,15389
27,236,15432
27,237,15448
27,238,15650
27,239,15725
27,240,15754
27,241,15760
27,242,15841
27,243,15860
27,244,15873
27,245,15906
27,246,16041
27,247,16058
27,248,16151
27,249,16181
27,250,16236
27,251,16251
27,252,16289
27,253,16305
27,254,16337
27,255,16398
27,256,16419
27,257,16433
27,258,16536
27,259,16584
27,260,16607
27,261,16636
27,262,16706
27,263,16840
27,264,16848
27,265,16958
27,266,16978
27,267,16994
27,268,17019
27,269,17062
27,270,17142
27,271,17164
27,272,17224
27,273,17283
27,274,17401
27,275,17425
27,276,17492
27,277,17526
27,278,17534
27,279,17539
27,280,17558
27,281,17666
27,282,17667
27,283,17676
27,284,17802
27,285,17818
27,286,17870
27,287,17914
27,288,17942
27,289,18033
27,290,18062
27,291,18140
27,292,18241
27,293,18280
27,294,18301
27,295,18313
27,296,18350
27,297,18395
27,298,18433
27,299,18454
27,300,18499
27,301,18505
27,302,18578
27,303,18739
27,304,18886
27,305,19029
27,306,19106
27,307,19114
27,308,19130
27,309,19364
27,310,19417
27,311,19596
27,312,19606
27,313,19696
27,314,19773
27,315,19831
27,316,19875
27,317,20050
27,318,20225
27,319,20254
27,320,20316
27,321,20404
27,322,20418
27,323,20431
27,324,20477
27,325,20513
27,326,20606
27,327,20612
27,328,20617
27,329,20912
27,330,20919
27,331,21154
27,332,21180
27,333,21185
27,334,21235
27,335,21281
27,336,21376
27,337,21406
27,338,21469
27,339,21513
27,340,21539
27,341,21541
27,342,21548
27,343,21596
27,344,21649
27,345,21654
27,346,21837
27,347,21948
27,348,21973
27,349,22037
27,350,22041
27,351,22072
27,352,22135
27,353,22138
27,354,22174
27,355,22377
27,356,22427
27,357,22524
27,358,22542
27,359,22612
27,360,22718
27,361,22751
27,362,22901
27,363,22927
27,364,22936
27,365,23022
27,366,23187
27,367,23202
27,368,23278
27,369,23291
27,370,23395
27,371,23410
27,372,23552
27,373,23581
27,374,23662
27,375,23668
27,376,23688
27,377,23719
27,378,23760
27,379,23771
27,380,23989
27,381,23993
27,382,24026
27,383,24044
27,384,24062
27,385,24149
27,386,24166
27,387,24496
27,388,24512
27,389,24535
27,390,24627
27,391,24932
27,392,24973
27,393,25015
27,394,25043
27,395,25070
27,396,25206
27,397,25259
27,398,25265
27,399,25304
27,400,25422
27,401,25479
27,402,25494
27,403,25504
27,404,25563
27,405,25771
27,406,25793
27,407,25868
27,408,25873
27,409,26010
27,410,26047
27,411,26160
27,412,26222
27,413,26233
27,414,26420
27,415,26427
27,416,26435
27,417,26474
27,418,26490
27,419,26517
27,420,26594
27,421,26692
27,422,26766
27,423,26852
27,424,26900
27,425,27008
27,426,27030
27,427,27071
27,428,27121
27,429,27335
27,430,27348
27,431,27354
27,432,27402
27,433,27422
27,434,27432
27,435,27438
27,436,27448
27,437,27469
27,438,27588
27,439,27604
27,440,27650
27,441,27687
27,442,27709
27,443,27750
27,444,27762
27,445,27765
27,446,27779
27,447,27787
27,448,27849
27,449,27855
27,450,27996
27,451,28124
27,452,28134
27,453,28170
27,454,28191
27,455,28249
27,456,28277
27,457,28300
27,458,28468
27,459,28601
27,460,28661
27,461,28710
27,462,28905
27,463,28989
27,464,29264
27,465,29290
27,466,29419
27,467,29468
27,468,29634
27,469,29647
27,470,29885
27,471,29906
27,472,29989
27,473,30013
27,474,30104
27,475,30250
27,476,30405
27,477,30411
27,478,30488
27,479,30494
27,480,30527
27,481,30528
27,482,30637
27,483,30669
27,484,30690
27,485,30714
27,486,30812
27,487,30854
27,488,30929
27,489,31023
27,490,31040
27,491,31107
27,492,31250
27,493,31251
27,494,31318
27,495,31325
27,496,31490
27,497,31572
27,498,31649
27,499,31660
27,500,31709
27,501,31759
27,502,31980
27,503,32045
27,504,32138
27,505,32174
27,506,32197
27,507,32237
27,508,32273
27,509,32307
27,510,32346
27,511,32363
27,512,32433
27,513,32514
27,514,32563
27,515,32677
27,516,32763
27,517,32809
27,518,32858
27,519,32914
27,520,33048
27,521,33226
27,522,33267
27,523,33582
27,524,33622
27,525,33637
27,526,33760
27,527,33770
27,528,33833
27,529,33842
27,530,33871
27,531,33914
27,532,33985
27,533,34043
27,534,34069
27,535,34072
27,536,34222
27,537,34497
27,538,34562
27,539,34628
27,540,34849
27,541,34956
27,542,35051
27,543,35171
27,544,35307
27,545,35378
27,546,35462
27,547,35479
27,548,35564
27,549,35584
27,550,35605
27,551,35641
27,552,35652
27,553,35674
27,554,35820
27,555,35822
27,556,35835
27,557,35857
27,558,35871
27,559,36142
27,560,36203
27,561,36216
27,562,36257
27,563,36275
27,564,36299
27,565,36312
27,566,36393
27,567,36421
27,568,36483
27,569,36489
27,570,36665
27,571,36736
27,572,36782
27,573,36853
27,574,36859
27,575,36861
27,576,37118
27,577,37221
27,578,37246
27,579,37297
27,580,37390
27,581,37652
27,582,37687
27,583,37816
27,584,37817
27,585,37872
27,586,38101
27,587,38115
27,588,38170
27,589,38205
27,590,38269
27,591,38302
27,592,38408
27,593,38494
27,594,38523
27,595,38563
27,596,38600
27,597,38632
27,598,38692
27,599,38744
27,600,38761
27,601,38788
27,602,38831
27,603,39059
27,604,39238
27,605,39297
27,606,39464
27,607,39502
27,608,39577
27,609,39583
27,610,39586
27,611,39636
27,612,39650
27,613,39734
27,614,39814
27,615,39845
27,616,40001
27,617,40079
27,618,40082
27,619,40281
27,620,40331
27,621,40633
27,622,40646
27,623,40693
27,624,40845
27,625,40846
27,626,40899
27,627,40925
27,628,41005
27,629,41290
27,630,41306
27,631,41309
27,632,41369
27,633,41386
27,634,41398
27,635,41461
27,636,41487
27,637,41545
27,638,41593
27,639,41597
27,640,41639
27,641,41664
27,642,41667
27,643,41734
27,644,41735
27,645,41904
27,646,42008
27,647,42094
27,648,42235
27,649,42239
27,650,42293
27,651,42334
27,652,42366
27,653,42462
27,654,42661
27,655,42744
27,656,42762
27,657,42775
27,658,42940
27,659,43006
27,660,43510
27,661,43530
27,662,43602
27,663,43660
27,664,43693
27,665,43704
27,666,43854
27,667,43930
27,668,43939
27,669,43967
27,670,44002
27,671,44009
27,672,44042
27,673,44124
27,674,44207
27,675,44217
27,676,44246
27,677,44382
27,678,44383
27,679,44426
27,680,44533
27,681,44542
27,682,44600
27,683,44715
27,684,44847
27,685,44916
27,686,44940
27,687,45069
27,688,45107
27,689,45145
27,690,45154
27,691,45216
27,692,45302
27,693,45329
27,694,45570
27,695,45578
27,696,45594
27,697,45632
27,698,45773
27,699,45885
27,700,45897
27,701,45941
27,702,45996
27,703,46082
27,704,46140
27,705,46183
27,706,46219
27,707,46225
27,708,46263
27,709,46314
27,710,46459
27,711,46585
27,712,46627
27,713,46747
27,714,46966
27,715,46979
27,716,47023
27,717,47090
27,718,47096
27,719,47132
27,720,47205
27,721,47223
27,722,47225
27,723,47226
27,724,47271
27,725,47276
27,726,47287
27,727,47325
27,728,47500
27,729,47668
27,730,47727
27,731,47729
27,732,47890
27,733,48135
27,734,48184
27,735,48200
27,736,48349
27,737,48366
27,738,48380
27,739,48683
27,740,48686
27,741,48706
27,742,48710
27,743,48741
27,744,48743
27,745,48803
27,746,48879
27,747,48949
27,748,49014
27,749,49030
27,750,49053
27,751,49116
27,752,49177
27,753,49207
27,754,49263
27,755,49288
27,756,49296
27,757,49308
27,758,49311
27,759,49320
27,760,49483
27,761,49585
27,762,49683
27,763,49708
27,764,49740
27,765,49810
27,766,49854
27,767,49912
27,768,49913
27,769,49954
27,770,49956
27,771,50102
27,772,50161
27,773,50221
27,774,50225
27,775,50256
27,776,50274
27,777,50280
27,778,50425
27,779,50460
27,780,50763
27,781,50786
27,782,50866
27,783,51005
27,784,51025
27,785,51055
27,786,51056
27,787,51125
27,788,51167
27,789,51244
27,790,51245
27,791,51338
27,792,51487
27,793,51564
27,794,51591
27,795,51661
27,796,51712
27,797,51759
27,798,51774
27,799,51838
27,800,51906
27,801,51911
27,802,51986
27,803,51995
27,804,52048
27,805,52184
27,806,52356
27,807,52536
27,808,52562
27,809,52564
27,810,52596
27,811,52657
27,812,52671
27,813,52729
27,814,52843
27,815,52863
27,816,52904
27,817,52970
27,818,53093
27,819,53262
27,820,53330
27,821,53333
27,822,53370
27,823,53390
27,824,53486
27,825,53505
27,826,53544
27,827,53600
27,828,53985
27,829,53990
27,830,54005
27,831,54016
27,832,54066
27,833,54174
27,834,54342
27,835,54358
27,836,54375
27,837,54384
27,838,54435
27,839,54480
27,840,54505
27,841,54574
27,842,54642
27,843,54670
27,844,54674
27,845,54682
27,846,54691
27,847,54762
27,848,54765
27,849,54784
27,850,54792
27,851,54878
27,852,54890
27,853,54945
27,854,55016
27,855,55085
27,856,55089
27,857,55128
27,858,55297
27,859,55322
27,860,55357
27,861,55386
27,862,55459
27,863,55471
27,864,55482
27,865,55485
27,866,55563
27,867,55759
27,868,55760
27,869,55816
27,870,55984
27,871,55986
27,872,56000
27,873,56052
27,874,56068
27,875,56174
27,876,56279
27,877,56439
27,878,56649
27,879,56650
27,880,56735
27,881,56890
27,882,56903
27,883,56968
27,884,57206
27,885,57327
27,886,57390
27,887,57421
27,888,57446
27,889,57456
27,890,57523
27,891,57530
27,892,57604
27,893,57738
27,894,57884
27,895,57902
27,896,57903
27,897,57916
27,898,57967
27,899,58008
27,900,58028
27,901,58080
27,902,58084
27,903,58157
27,904,58194
27,905,58294
27,906,58336
27,907,58345
27,908,58356
27,909,58361
27,910,58419
27,911,58531
27,912,58616
27,913,58654
27,914,58694
27,915,58707
27,916,58710
27,917,58759
27,918,58770
27,919,58772
27,920,58816
27,921,58862
27,922,58878
27,923,58949
27,924,59033
27,925,59043
27,926,59113
27,927,59158
27,928,59231
27,929,59318
27,930,59377
27,931,59379
27,932,59423
27,933,59438
27,934,59481
27,935,59486
27,936,59541
27,937,59573
27,938,59755
27,939,59878
27,940,59881
27,941,59972
27,942,59975
27,943,60055
27,944,60113
27,945,60149
27,946,60203
27,947,60274
27,948,60437
27,949,60525
27,950,60591
27,951,60596
27,952,60598
27,953,60606
27,954,60848
27,955,60862
27,956,61123
27,957,61129
27,958,61198
27,959,61270
27,960,61319
27,961,61350
27,962,61423
27,963,61521
27,964,61544
27,965,61582
27,966,61641
27,967,61802
27,968,61871
27,969,62229
27,970,62334
27,971,62399
27,972,62454
27,973,62482
27,974,62502
27,975,62512
27,976,62582
27,977,62603
27,978,62670
27,979,62736
27,980,62792
27,981,62810
27,982,62814
27,983,62833
27,984,62879
27,985,62900
27,986,62931
27,987,63026
27,988,63115
27,989,63171
27,990,63258
27,991,63261
27,992,63297
27,993,63405
27,994,63472
27,995,63629
27,996,63763
27,997,63766
27,998,63792
27,999,63821
27,1000,63918
27,1001,63931
27,1002,63948
27,1003,64029
27,1004,64100
27,1005,64124
27,1006,64307
27,1007,64313
27,1008,64345
27,1009,64420
27,1010,64426
27,1011,64544
27,1012,64550
27,1013,64559
27,1014,64597
27,1015,64627
27,1016,64663
27,1017,64783
27,1018,64795
27,1019,64804
27,1020,64925
27,1021,65212
27,1022,65302
27,1023,65389
28,0,86
28,1,105
28,2,137
28,3,244
28,4,270
28,5,295
28,6,317
28,7,408
28,8,423
28,9,475
28,10,486
28,11,508
28,12,510
28,13,524
28,14,597
28,15,628
28,16,641
28,17,661
28,18,710
28,19,762
28,20,786
28,21,788
28,22,855
28,23,897
28,24,915
28,25,1023
28,26,1052
28,27,1066
28,28,1146
28,29,1398
28,30,1468
28,31,1569
28,32,1686
28,33,1779
28,34,1934
28,35,1938
28,36,1947
28,37,2148
28,38,2150
28,39,2154
28,40,2170
28,41,2174
28,42,2224
28,43,2240
28,44,2353
28,45,2436
28,46,2439
28,47,2467
28,48,2712
28,49,2898
28,50,2917
28,51,3031
28,52,3210
28,53,3335
28,54,3367
28,55,3377
28,56,3401
28,57,3411
28,58,3453
28,59,3567
28,60,3673
28,61,3871
28,62,3878
28,63,3905
28,64,3908
28,65,3941
28,66,4079
28,67,4152
28,68,4175
28,69,4207
28,70,4214
28,71,4216
28,72,4290
28,73,4307
28,74,4382
28,75,4410
28,76,4471
28,77,4497
28,78,4587
28,79,4638
28,80,4722
28,81,4838
28,82,4865
28,83,4874
28,84,4875
28,85,4897
28,86,4922
28,87,4936
28,88,4953
28,89,5013
28,90,5354
28,91,5415
28,92,5439
28,93,5443
28,94,5467
28,95,5595
28,96,5888
28,97,5901
28,98,5927
28,99,5939
28,100,5969
28,101,6087
28,102,6115
28,103,6204
28,104,6289
28,105,6388
28,106,6547
28,107,6556
28,108,6576
28,109,6580
28,110,6640
28,111,6730
28,112,6745
28,113,6804
28,114,6877
28,115,6901
28,116,6988
28,117,7068
28,118,7147
28,119,7160
28,120,7264
28,121,7277
28,122,7457
28,123,7615
28,124,7676
28,125,7715
28,126,7789
28,127,7871
28,128,7966
28,129,7985
28,130,8002
28,131,8067
28,132,8078
28,133,8152
28,134,8266
28,135,8318
28,136,8329
28,137,8409
28,138,8427
28,139,8460
28,140,8548
28,141,8550
28,142,8671
28,143,8763
28,144,8820
28,145,9102
28,146,9203
28,147,9293
28,148,9301
28,149,9408
28,150,9457
28,151,9493
28,152,9539
28,153,9563
28,154,9602
28,155,9655
28,156,9825
28,157,9832
28,158,9854
28,159,9897
28,160,9957
28,161,10003
28,162,10023
28,163,10047
28,164,10055
28,165,10114
28,166,10172
28,167,10406
28,168,10411
28,169,10462
28,170,10478
28,171,10531
28,172,10588
28,173,10663
28,174,10665
28,175,10719
28,176,10741
28,177,10749
28,178,10787
28,179,10816
28,180,10950
28,181,11026
28,182,11122
28,183,11303
28,184,11320
28,185,11340
28,186,11371
28,187,11376
28,188,11391
28,189,11453
28,190,11563
28,191,11846
28,192,11987
28,193,12054
28,194,12117
28,195,12289
28,196,12362
28,197,12399
28,198,12465
28,199,12527
28,200,12597
28,201,12618
28,202,12734
28,203,12884
28,204,12949
28,205,12952
28,206,13007
28,207,13038
28,208,13109
28,209,13118
28,210,13153
28,211,13212
28,212,13237
28,213,13266
28,214,13290
28,215,13365
28,216,13388
28,217,13427
28,218,13466
28,219,13486
28,220,13529
28,221,13606
28,222,13608
28,223,13914
28,224,14168
28,225,14207
28,226,14333
28,227,14350
28,228,14352
28,229,14397
28,230,14504
28,231,14577
28,232,14794
28,233,14956
28,234,15004
28,235,15106
28,236,15136
28,237,15281
28,238,15355
28,239,15462
28,240,15477
28,241,15488
28,242,15500
28,243,15548
28,244,15648
28,245,15665
28,246,15787
28,247,15822
28,248,15960
28,249,16008
28,250,16103
28,251,16112
28,252,16137
28,253,16162
28,254,16191
28,255,16193
28,256,16202
28,257,16372
28,258,16415
28,259,16440
28,260,16458
28,261,16519
28,262,16534
28,263,16561
28,264,16603
28,265,16651
28,266,16679
28,267,16749
28,268,16752
28,269,16791
28,270,16866
28,271,16893
28,272,16901
28,273,16968
28,274,16969
28,275,16995
28,276,17089
28,277,17190
28,278,17207
28,279,17245
28,280,17349
28,281,17395
28,282,17403
28,283,17501
28,284,17505
28,285,17565
28,286,17591
28,287,17621
28,288,17632
28,289,17647
28,290,17782
28,291,17867
28,292,17902
28,293,17936
28,294,18057
28,295,18099
28,296,18190
28,297,18208
28,298,18229
28,299,18457
28,300,18489
28,301,18521
28,302,18539
28,303,18578
28,304,18585
28,305,18606
28,306,18840
28,307,18851
28,308,18867
28,309,18992
28,310,19034
28,311,19041
28,312,19088
28,313,19093
28,314,19142
28,315,19199
28,316,19236
28,317,19292
28,318,19656
28,319,19682
28,320,19879
28,321,19892
28,322,19895
28,323,19927
28,324,19935
28,325,20045
28,326,20159
28,327,20222
28,328,20308
28,329,20393
28,330,20468
28,331,20470
28,332,20705
28,333,20748
28,334,20807
28,335,20870
28,336,20971
28,337,21088
28,338,21169
28,339,21176
28,340,21298
28,341,21432
28,342,21444
28,343,21446
28,344,21479
28,345,21533
28,346,21564
28,347,21584
28,348,21612
28,349,21671
28,350,21894
28,351,21920
28,352,21999
28,353,22010
28,354,22104
28,355,22225
28,356,22288
28,357,22290
28,358,22347
28,359,22396
28,360,22460
28,361,22559
28,362,22560
28,363,22569
28,364,22726
28,365,23043
28,366,23071
28,367,23154
28,368,23163
28,369,23197
28,370,23210
28,371,23282
28,372,23322
28,373,23330
28,374,23387
28,375,23388
28,376,23397
28,377,23409
28,378,23466
28,379,23491
28,380,23582
28,381,23585
28,382,23759
28,383,23910
28,384,23949
28,385,24002
28,386,24024
28,387,24055
28,388,24461
28,389,24492
28,390,24535
28,391,24546
28,392,24554
28,393,24558
28,394,24623
28,395,24761
28,396,24786
28,397,24791
28,398,24839
28,399,24954
28,400,24985
28,401,25000
28,402,25111
28,403,25121
28,404,25153
28,405,25154
28,406,25243
28,407,25430
28,408,25455
28,409,25609
28,410,25770
28,411,25776
28,412,25823
28,413,25913
28,414,25973
28,415,26099
28,416,26108
28,417,26177
28,418,26183
28,419,26207
28,420,26265
28,421,26275
28,422,26424
28,423,26429
28,424,26437
28,425,26579
28,426,26929
28,427,26970
28,428,27026
28,429,27042
28,430,27083
28,431,27150
28,432,27164
28,433,27234
28,434,27277
28,435,27309
28,436,27349
28,437,27425
28,438,27445
28,439,27451
28,440,27464
28,441,27515
28,442,27535
28,443,27836
28,444,27900
28,445,27901
28,446,27905
28,447,27985
28,448,28073
28,449,28077
28,450,28099
28,451,28277
28,452,28285
28,453,28290
28,454,28416
28,455,28439
28,456,28560
28,457,28573
28,458,28780
28,459,28804
28,460,28811
28,461,28887
28,462,28936
28,463,29100
28,464,29190
28,465,29367
28,466,29482
28,467,29518
28,468,29661
28,469,29786
28,470,29834
28,471,29897
28,472,29912
28,473,30006
28,474,30080
28,475,30092
28,476,30105
28,477,30121
28,478,30218
28,479,30296
28,480,30342
28,481,30393
28,482,30440
28,483,30442
28,484,30493
28,485,30534
28,486,30586
28,487,30657
28,488,30718
28,489,30721
28,490,30837
28,491,31087
28,492,31295
28,493,31302
28,494,31385
28,495,31402
28,496,31500
28,497,31533
28,498,31618
28,499,31676
28,500,31700
28,501,31721
28,502,31810
28,503,31891
28,504,31938
28,505,31961
28,506,32242
28,507,32264
28,508,32417
28,509,32467
28,510,32540
28,511,32726
28,512,32734
28,513,32884
28,514,33035
28,515,33099
28,516,33147
28,517,33177
28,518,33383
28,519,33408
28,520,33452
28,521,33454
28,522,33491
28,523,33521
28,524,33570
28,525,33658
28,526,33676
28,527,33814
28,528,33882
28,529,33986
28,530,34044
28,531,34065
28,532,34113
28,533,34182
28,534,34252
28,535,34344
28,536,34358
28,537,34424
28,538,34474
28,539,34527
28,540,34676
28,541,34705
28,542,34729
28,543,34749
28,544,34837
28,545,34838
28,546,34873
28,547,34973
28,548,34980
28,549,35098
28,550,35185
28,551,35187
28,552,35251
28,553,35406
28,554,35471
28,555,35482
28,556,35610
28,557,35657
28,558,35735
28,559,35825
28,560,35867
28,561,35948
28,562,36004
28,563,36142
28,564,36185
28,565,36199
28,566,36240
28,567,36242
28,568,36246
28,569,36296
28,570,36402
28,571,36489
28,572,36513
28,573,36541
28,574,36548
28,575,36641
28,576,36724
28,577,37039
28,578,37130
28,579,37196
28,580,37248
28,581,37323
28,582,37366
28,583,37423
28,584,37438
28,585,37445
28,586,37586
28,587,37608
28,588,37612
28,589,37712
28,590,37771
28,591,37885
28,592,37930
28,593,38035
28,594,38125
28,595,38154
28,596,38211
28,597,38245
28,598,38272
28,599,38319
28,600,38443
28,601,38455
28,602,38499
28,603,38515
28,604,38530
28,605,38628
28,606,38632
28,607,38837
28,608,38845
28,609,38868
28,610,38884
28,611,38911
28,612,38987
28,613,39000
28,614,39071
28,615,39083
28,616,39121
28,617,39177
28,618,39193
28,619,39215
28,620,39216
28,621,39469
28,622,39516
28,623,39564
28,624,39569
28,625,39597
28,626,39618
28,627,39704
28,628,39771
28,629,39961
28,630,39975
28,631,40126
28,632,40146
28,633,40169
28,634,40245
28,635,40303
28,636,40333
28,637,40356
28,638,40504
28,639,40520
28,640,40794
28,641,40809
28,642,40939
28,643,41049
28,644,41121
28,645,41135
28,646,41175
28,647,41224
28,648,41226
28,649,41288
28,650,41342
28,651,41348
28,652,41351
28,653,41381
28,654,41474
28,655,41490
28,656,41539
28,657,41644
28,658,41729
28,659,41749
28,660,41760
28,661,41797
28,662,41940
28,663,42096
28,664,42220
28,665,42231
28,666,42248
28,667,42258
28,668,42279
28,669,42343
28,670,42437
28,671,42452
28,672,42458
28,673,42563
28,674,42718
28,675,42740
28,676,42918
28,677,42926
28,678,42947
28,679,43002
28,680,43162
28,681,43213
28,682,43267
28,683,43268
28,684,43272
28,685,43341
28,686,43377
28,687,43401
28,688,43636
28,689,43750
28,690,43914
28,691,43929
28,692,43937
28,693,44024
28,694,44026
28,695,44205
28,696,44330
28,697,44406
28,698,44441
28,699,44503
28,700,44646
28,701,44699
28,702,44710
28,703,44737
28,704,44811
28,705,44957
28,706,45088
28,707,45201
28,708,45250
28,709,45270
28,710,45331
28,711,45400
28,712,45482
28,713,45515
28,714,45562
28,715,45566
28,716,45598
28,717,45643
28,718,45742
28,719,45851
28,720,45908
28,721,46084
28,722,46176
28,723,46250
28,724,46348
28,725,46449
28,726,46471
28,727,46628
28,728,46698
28,729,46742
28,730,46849
28,731,46944
28,732,47012
28,733,47032
28,734,47044
28,735,47279
28,736,47470
28,737,47513
28,738,47548
28,739,47647
28,740,47668
28,741,47725
28,742,47749
28,743,47870
28,744,47953
28,745,47997
28,746,48375
28,747,48378
28,748,48381
28,749,48663
28,750,48675
28,751,48758
28,752,48807
28,753,48824
28,754,48864
28,755,48896
28,756,48905
28,757,48981
28,758,48994
28,759,49156
28,760,49157
28,761,49193
28,762,49221
28,763,49318
28,764,49367
28,765,49545
28,766,49654
28,767,49723
28,768,49779
28,769,49798
28,770,49880
28,771,49898
28,772,49938
28,773,50067
28,774,50068
28,775,50143
28,776,50169
28,777,50218
28,778,50293
28,779,50339
28,780,50357
28,781,50380
28,782,50404
28,783,50480
28,784,50485
28,785,50546
28,786,50568
28,787,50578
28,788,50816
28,789,50852
28,790,50982
28,791,51134
28,792,51156
28,793,51193
28,794,51326
28,795,51372
28,796,51404
28,797,51500
28,798,51502
28,799,51695
28,800,51700
28,801,51704
28,802,51765
28,803,51802
28,804,51860
28,805,51907
28,806,51936
28,807,51959
28,808,52097
28,809,52159
28,810,52230
28,811,52278
28,812,52312
28,813,52318
28,814,52322
28,815,52325
28,816,52406
28,817,52548
28,818,52658
28,819,52693
28,820,52762
28,821,52763
28,822,52781
28,823,52864
28,824,52930
28,825,53004
28,826,53082
28,827,53089
28,828,53185
28,829,53266
28,830,53274
28,831,53292
28,832,53344
28,833,53366
28,834,53551
28,835,53578
28,836,53663
28,837,53724
28,838,53748
28,839,53903
28,840,53995
28,841,54017
28,842,54093
28,843,54133
28,844,54134
28,845,54158
28,846,54250
28,847,54375
28,848,54448
28,849,54615
28,850,54639
28,851,54671
28,852,54781
28,853,55046
28,854,55126
28,855,55156
28,856,55187
28,857,55298
28,858,55327
28,859,55377
28,860,55475
28,861,55502
28,862,55529
28,863,55548
28,864,55586
28,865,55597
28,866,55610
28,867,55651
28,868,55676
28,869,55701
28,870,55750
28,871,55780
28,872,55826
28,873,55924
28,874,55929
28,875,56053
28,876,56092
28,877,56103
28,878,56169
28,879,56199
28,880,56210
28,881,56247
28,882,56290
28,883,56324
28,884,56480
28,885,56576
28,886,56687
28,887,56703
28,888,56706
28,889,56770
28,890,56774
28,891,56873
28,892,56879
28,893,56942
28,894,57113
28,895,57161
28,896,57202
28,897,57241
28,898,57303
28,899,57439
28,900,57474
28,901,57529
28,902,57695
28,903,57790
28,904,57804
28,905,57839
28,906,57879
28,907,57945
28,908,57974
28,909,57998
28,910,58355
28,911,58385
28,912,58475
28,913,58488
28,914,58494
28,915,58543
28,916,58638
28,917,58712
28,918,58752
28,919,58859
28,920,58970
28,921,59001
28,922,59037
28,923,59051
28,924,59171
28,925,59197
28,926,59263
28,927,59418
28,928,59455
28,929,59459
28,930,59497
28,931,59542
28,932,59682
28,933,59817
28,934,59820
28,935,59830
28,936,59842
28,937,59857
28,938,59872
28,939,60071
28,940,60089
28,941,60246
28,942,60247
28,943,60259
28,944,60377
28,945,60393
28,946,60394
28,947,60459
28,948,60583
28,949,60675
28,950,60681
28,951,60686
28,952,60745
28,953,60815
28,954,60879
28,955,60891
28,956,61064
28,957,61170
28,958,61211
28,959,61289
28,960,61317
28,961,61394
28,962,61440
28,963,61462
28,964,61548
28,965,61607
28,966,61622
28,967,61784
28,968,61823
28,969,61857
28,970,62113
28,971,62165
28,972,62218
28,973,62253
28,974,62256
28,975,62341
28,976,62432
28,977,62486
28,978,62549
28,979,62551
28,980,62656
28,981,62696
28,982,62738
28,983,62753
28,984,62801
28,985,62853
28,986,62909
28,987,62926
28,988,63067
28,989,63071
28,990,63089
28,991,63197
28,992,63274
28,993,63275
28,994,63278
28,995,63421
28,996,63586
28,997,63600
28,998,63601
28,999,63710
28,1000,64143
28,1001,64199
28,1002,64245
28,1003,64517
28,1004,64579
28,1005,64633
28,1006,64738
28,1007,64772
28,1008,64819
28,1009,64822
28,1010,64830
28,1011,64857
28,1012,64919
28,1013,65003
28,1014,65054
28,1015,65209
28,1016,65259
28,1017,65272
28,1018,65275
28,1019,65353
28,1020,65373
28,1021,65450
28,1022,65486
28,1023,65520
29,0,63
29,1,281
29,2,331
29,3,516
29,4,604
29,5,741
29,6,770
29,7,843
29,8,1078
29,9,1234
29,10,1238
29,11,1244
29,12,1292
29,13,1364
29,14,1375
29,15,1483
29,16,1536
29,17,1935
29,18,2006
29,19,2322
29,20,2343
29,21,2507
29,22,2593
29,23,2607
29,24,2650
29,25,2680
29,26,2720
29,27,2744
29,28,2800
29,29,2844
29,30,2890
29,31,3068
29,32,3106
29,33,3129
29,34,3163
29,35,3231
29,36,3246
29,37,3511
29,38,3625
29,39,3693
29,40,3742
29,41,3767
29,42,3797
29,43,3864
29,44,4084
29,45,4163
29,46,4207
29,47,4210
29,48,4292
29,49,4446
29,50,4525
29,51,4544
29,52,4609
29,53,4644
29,54,4694
29,55,4930
29,56,5032
29,57,5045
29,58,5111
29,59,5139
29,60,5158
29,61,5160
29,62,5319
29,63,5323
29,64,5428
29,65,5664
29,66,5691
29,67,5783
29,68,5792
29,69,5796
29,70,5818
29,71,5820
29,72,5832
29,73,5929
29,74,5953
29,75,6054
29,76,6068
29,77,6095
29,78,6165
29,79,6211
29,80,6277
29,81,6303
29,82,6310
29,83,6329
29,84,6362
29,85,6503
29,86,6524
29,87,6585
29,88,6928
29,89,6978
29,90,7140
29,91,7323
29,92,7334
29,93,7412
29,94,7540
29,95,7662
29,96,7684
29,97,7714
29,98,7826
29,99,7828
29,100,7853
29,101,7946
29,102,8022
29,103,8297
29,104,8395
29,105,8412
29,106,8579
29,107,8771
29,108,8896
29,109,8928
29,110,8956
29,111,8963
29,112,8974
29,113,8976
29,114,8986
29,115,8992
29,116,9021
29,117,9109
29,118,9115
29,119,9143
29,120,9160
29,121,9336
29,122,9350
29,123,9352
29,124,9369
29,125,9425
29,126,9713
29,127,9723
29,128,9761
29,129,9799
29,130,9876
29,131,9885
29,132,10096
29,133,10145
29,134,10148
29,135,10469
29,136,10480
29,137,10483
29,138,10526
29,139,10593
29,140,10741
29,141,10811
29,142,10923
29,143,10973
29,144,11055
29,145,11059
29,146,11095
29,147,11110
29,148,11142
29,149,11152
29,150,11207
29,151,11271
29,152,11277
29,153,11337
29,154,11387
29,155,11390
29,156,11413
29,157,11526
29,158,11541
29,159,11566
29,160,11695
29,161,11704
29,162,11826
29,163,11848
29,164,12073
29,165,12090
29,166,12135
29,167,12216
29,168,12255
29,169,12374
29,170,12511
29,171,12539
29,172,12575
29,173,12612
29,174,12622
29,175,12735
29,176,12747
29,177,12804
29,178,12841
29,179,12971
29,180,12986
29,181,13064
29,182,13080
29,183,13125
29,184,13160
29,185,13250
29,186,13269
29,187,13353
29,188,13455
29,189,13554
29,190,13606
29,191,13660
29,192,13675
29,193,13780
29,194,13806
29,195,13847
29,196,13917
29,197,14017
29,198,14136
29,199,14243
29,200,14451
29,201,14491
29,202,14720
29,203,14732
29,204,14748
29,205,15217
29,206,15222
29,207,15316
29,208,15364
29,209,15427
29,210,15457
29,211,15459
29,212,15468
29,213,15508
29,214,15534
29,215,15570
29,216,15821
29,217,15939
29,218,16153
29,219,16183
29,220,16223
29,221,16290
29,222,16296
29,223,16370
29,224,16390
29,225,16422
29,226,16500
29,227,16538
29,228,16553
29,229,16609
29,230,16626
29,231,16799
29,232,16824
29,233,16871
29,234,16927
29,235,16947
29,236,16955
29,237,16999
29,238,17008
29,239,17020
29,240,17026
29,241,17072
29,242,17112
29,243,17266
29,244,17581
29,245,17612
29,246,17631
29,247,17796
29,248,17895
29,249,17903
29,250,18021
29,251,18023
29,252,18033
29,253,18055
29,254,18062
29,255,18065
29,256,18073
29,257,18091
29,258,18199
29,259,18327
29,260,18366
29,261,18400
29,262,18510
29,263,18553
29,264,18563
29,265,18576
29,266,18592
29,267,18685
29,268,18706
29,269,18911
29,270,18921
29,271,19003
29,272,19065
29,273,19163
29,274,19276
29,275,19384
29,276,19434
29,277,19515
29,278,19592
29,279,19601
29,280,19655
29,281,19767
29,282,19813
29,283,19988
29,284,20049
29,285,20071
29,286,20273
29,287,20276
29,288,20328
29,289,20381
29,290,20426
29,291,20440
29,292,20444
29,293,20591
29,294,20649
29,295,20724
29,296,20843
29,297,21034
29,298,21036
29,299,21066
29,300,21111
29,301,21144
29,302,21188
29,303,21308
29,304,21453
29,305,21460
29,306,21495
29,307,21599
29,308,21718
29,309,21874
29,310,21909
29,311,22026
29,312,22045
29,313,22070
29,314,22129
29,315,22187
29,316,22287
29,317,22321
29,318,22506
29,319,22527
29,320,22537
29,321,22587
29,322,22601
29,323,22650
29,324,22669
29,325,22779
29,326,22915
29,327,22929
29,328,22964
29,329,23077
29,330,23113
29,331,23194
29,332,23198
29,333,23334
29,334,23348
29,335,23357
29,336,23399
29,337,23454
29,338,23547
29,339,23618
29,340,23663
29,341,23678
29,342,23725
29,343,23798
29,344,23913
29,345,24024
29,346,24057
29,347,24077
29,348,24148
29,349,24161
29,350,24266
29,351,24272
29,352,24423
29,353,24463
29,354,24477
29,355,24528
29,356,24568
29,357,24693
29,358,24751
29,359,24771
29,360,24793
29,361,24825
29,362,24849
29,363,24888
29,364,24953
29,365,24973
29,366,25004
29,367,25010
29,368,25016
29,369,25055
29,370,25206
29,371,25212
29,372,25282
29,373,25313
29,374,25441
29,375,25507
29,376,25513
29,377,25525
29,378,25632
29,379,25698
29,380,25830
29,381,25835
29,382,25915
29,383,26015
29,384,26098
29,385,26183
29,386,26231
29,387,26345
29,388,26371
29,389,26443
29,390,26589
29,391,26594
29,392,26835
29,393,26879
29,394,26890
29,395,27017
29,396,27023
29,397,27115
29,398,27232
29,399,27248
29,400,27377
29,401,27463
29,402,27506
29,403,27517
29,404,27519
29,405,27567
29,406,27642
29,407,27661
29,408,27728
29,409,27883
29,410,27906
29,411,28030
29,412,28139
29,413,28180
29,414,28212
29,415,28271
29,416,28340
29,417,28516
29,418,28564
29,419,28628
29,420,28637
29,421,28665
29,422,28719
29,423,28967
29,424,28991
29,425,28994
29,426,28995
29,427,29033
29,428,29036
29,429,29049
29,430,29055
29,431,29065
29,432,29125
29,433,29195
29,434,29245
29,435,29279
29,436,29281
29,437,29327
29,438,29346
29,439,29602
29,440,29629
29,441,29703
29,442,29759
29,443,29787
29,444,29819
29,445,29915
29,446,29956
29,447,29982
29,448,29989
29,449,30258
29,450,30387
29,451,30443
29,452,30465
29,453,30478
29,454,30510
29,455,30637
29,456,30696
29,457,30714
29,458,30766
29,459,30776
29,460,30796
29,461,31003
29,462,31029
29,463,31156
29,464,31157
29,465,31258
29,466,31446
29,467,31683
29,468,31697
29,469,31778
29,470,31794
29,471,31795
29,472,31805
29,473,31864
29,474,31909
29,475,31995
29,476,32065
29,477,32074
29,478,32083
29,479,32123
29,480,32146
29,481,32200
29,482,32300
29,483,32337
29,484,32352
29,485,32455
29,486,32472
29,487,32605
29,488,32653
29,489,32761
29,490,32817
29,491,32888
29,492,32990
29,493,33073
29,494,33128
29,495,33133
29,496,33146
29,497,33214
29,498,33220
29,499,33242
29,500,33297
29,501,33399
29,502,33605
29,503,33642
29,504,33684
29,505,33737
29,506,33740
29,507,33754
29,508,33835
29,509,33914
29,510,33939
29,511,34052
29,512,34082
29,513,34083
29,514,34251
29,515,34340
29,516,34365
29,517,34387
29,518,34646
29,519,34681
29,520,34683
29,521,34848
29,522,34849
29,523,35031
29,524,35255
29,525,35265
29,526,35273
29,527,35282
29,528,35337
29,529,35352
29,530,35365
29,531,35395
29,532,35452
29,533,35469
29,534,35508
29,535,35523
29,536,35571
29,537,35627
29,538,35672
29,539,35680
29,540,35775
29,541,35852
29,542,35956
29,543,35957
29,544,35999
29,545,36012
29,546,36020
29,547,36145
29,548,36174
29,549,36263
29,550,36619
29,551,36622
29,552,36628
29,553,36738
29,554,36759
29,555,36808
29,556,36865
29,557,37004
29,558,37029
29,559,37140
29,560,37232
29,561,37281
29,562,37328
29,563,37343
29,564,37467
29,565,37519
29,566,37566
29,567,37640
29,568,37643
29,569,37698
29,570,37721
29,571,37785
29,572,37794
29,573,37817
29,574,37923
29,575,38025
29,576,38208
29,577,38284
29,578,38334
29,579,38478
29,580,38616
29,581,38670
29,582,38682
29,583,38690
29,584,38715
29,585,38744
29,586,38792
29,587,38821
29,588,38852
29,589,38878
29,590,38884
29,591,38943
29,592,38976
29,593,38999
29,594,39083
29,595,39161
29,596,39280
29,597,39327
29,598,39582
29,599,39757
29,600,39788
29,601,39964
29,602,39975
29,603,40010
29,604,40199
29,605,40372
29,606,40429
29,607,40516
29,608,40578
29,609,40591
29,610,40640
29,611,40653
29,612,40704
29,613,40709
29,614,40729
29,615,40786
29,616,40787
29,617,40875
29,618,40975
29,619,41136
29,620,41153
29,621,41157
29,622,41214
29,623,41362
29,624,41369
29,625,41466
29,626,41483
29,627,41533
29,628,41553
29,629,41676
29,630,41751
29,631,41957
29,632,42039
29,633,42064
29,634,42167
29,635,42249
29,636,42251
29,637,42272
29,638,42320
29,639,42446
29,640,42613
29,641,42790
29,642,42825
29,643,42900
29,644,42903
29,645,42968
29,646,43102
29,647,43161
29,648,43170
29,649,43216
29,650,43523
29,651,43543
29,652,43672
29,653,43690
29,654,43764
29,655,43949
29,656,44057
29,657,44176
29,658,44186
29,659,44191
29,660,44267
29,661,44345
29,662,44467
29,663,44559
29,664,44671
29,665,44820
29,666,44867
29,667,44995
29,668,45006
29,669,45010
29,670,45048
29,671,45058
29,672,45069
29,673,45082
29,674,45201
29,675,45315
29,676,45321
29,677,45390
29,678,45405
29,679,45446
29,680,45555
29,681,45598
29,682,45656
29,683,45676
29,684,45725
29,685,45786
29,686,45858
29,687,45879
29,688,45904
29,689,45934
29,690,45938
29,691,46095
29,692,46152
29,693,46173
29,694,46204
29,695,46219
29,696,46228
29,697,46262
29,698,46280
29,699,46320
29,700,46483
29,701,46667
29,702,46676
29,703,46680
29,704,46689
29,705,46721
29,706,47040
29,707,47078
29,708,47083
29,709,47140
29,710,47173
29,711,47235
29,712,47336
29,713,47367
29,714,47434
29,715,47472
29,716,47480
29,717,47491
29,718,47608
29,719,47618
29,720,47650
29,721,47663
29,722,47676
29,723,47725
29,724,47745
29,725,47766
29,726,47845
29,727,47935
29,728,47956
29,729,48001
29,730,48021
29,731,48024
29,732,48058
29,733,48066
29,734,48086
29,735,48100
29,736,48119
29,737,48146
29,738,48154
29,739,48360
29,740,48388
29,741,48402
29,742,48421
29,743,48785
29,744,48942
29,745,48984
29,746,49004
29,747,49011
29,748,49055
29,749,49088
29,750,49112
29,751,49137
29,752,49177
29,753,49229
29,754,49277
29,755,49337
29,756,49353
29,757,49421
29,758,49434
29,759,49446
29,760,49547
29,761,49555
29,762,49565
29,763,49602
29,764,49634
29,765,49665
29,766,49722
29,767,49788
29,768,49796
29,769,49850
29,770,50019
29,771,50067
29,772,50113
29,773,50174
29,774,50184
29,775,50327
29,776,50331
29,777,50343
29,778,50348
29,779,50353
29,780,50492
29,781,50503
29,782,50519
29,783,50535
29,784,50539
29,785,50668
29,786,50699
29,787,50765
29,788,50864
29,789,50890
29,790,51106
29,791,51201
29,792,51295
29,793,51442
29,794,51464
29,795,51465
29,796,51710
29,797,51761
29,798,51801
29,799,51844
29,800,51846
29,801,51924
29,802,51951
29,803,52009
29,804,52089
29,805,52221
29,806,52243
29,807,52361
29,808,52486
29,809,52520
29,810,52541
29,811,52552
29,812,52567
29,813,52574
29,814,52587
29,815,52610
29,816,52647
29,817,52762
29,818,52800
29,819,52803
29,820,53005
29,821,53006
29,822,53067
29,823,53074
29,824,53208
29,825,53227
29,826,53268
29,827,53274
29,828,53301
29,829,53434
29,830,53490
29,831,53500
29,832,53519
29,833,53520
29,834,53551
29,835,53620
29,836,53872
29,837,53925
29,838,54036
29,839,54093
29,840,54106
29,841,54128
29,842,54132
29,843,54138
29,844,54190
29,845,54605
29,846,54761
29,847,54783
29,848,54976
29,849,55009
29,850,55170
29,851,55215
29,852,55285
29,853,55324
29,854,55376
29,855,55475
29,856,55556
29,857,55561
29,858,55567
29,859,55623
29,860,55768
29,861,55776
29,862,55842
29,863,55852
29,864,55888
29,865,55964
29,866,55974
29,867,56186
29,868,56476
29,869,56508
29,870,56687
29,871,56762
29,872,56793
29,873,56959
29,874,56998
29,875,57048
29,876,57054
29,877,57092
29,878,57106
29,879,57112
29,880,57145
29,881,57158
29,882,57169
29,883,57255
29,884,57259
29,885,57321
29,886,57360
29,887,57370
29,888,57473
29,889,57533
29,890,57541
29,891,57595
29,892,57789
29,893,57848
29,894,57888
29,895,57932
29,896,57949
29,897,57968
29,898,58051
29,899,58056
29,900,58092
29,901,58196
29,902,58202
29,903,58240
29,904,58256
29,905,58267
29,906,58343
29,907,58381
29,908,58456
29,909,58482
29,910,58559
29,911,58618
29,912,58654
29,913,58662
29,914,58815
29,915,58832
29,916,58863
29,917,58881
29,918,58894
29,919,58994
29,920,59036
29,921,59077
29,922,59190
29,923,59232
29,924,59246
29,925,59381
29,926,59408
29,927,59488
29,928,59552
29,929,59556
29,930,59629
29,931,59788
29,932,59893
29,933,59925
29,934,60006
29,935,60046
29,936,60090
29,937,60149
29,938,60162
29,939,60310
29,940,60390
29,941,60543
29,942,60579
29,943,60619
29,944,60660
29,945,60705
29,946,60708
29,947,60744
29,948,60760
29,949,60813
29,950,60914
29,951,60979
29,952,60983
29,953,60995
29,954,61007
29,955,61033
29,956,61120
29,957,61198
29,958,61216
29,959,61254
29,960,61265
29,961,61323
29,962,61382
29,963,61488
29,964,61711
29,965,61775
29,966,61779
29,967,61787
29,968,61800
29,969,61864
29,970,61950
29,971,61991
29,972,62013
29,973,62016
29,974,62058
29,975,62128
29,976,62165
29,977,62168
29,978,62295
29,979,62418
29,980,62430
29,981,62512
29,982,62614
29,983,62662
29,984,62672
29,985,62698
29,986,62744
29,987,62757
29,988,62815
29,989,62875
29,990,63131
29,991,63206
29,992,63475
29,993,63509
29,994,63612
29,995,63700
29,996,63847
29,997,63908
29,998,63962
29,999,64040
29,1000,64136
29,1001,64202
29,1002,64218
29,1003,64246
29,1004,64270
29,1005,64292
29,1006,64303
29,1007,64348
29,1008,64378
29,1009,64407
29,1010,64433
29,1011,64514
29,1012,64598
29,1013,64640
29,1014,64698
29,1015,64772
29,1016,64928
29,1017,65200
29,1018,65209
29,1019,65281
29,1020,65324
29,1021,65376
29,1022,65418
29,1023,65470
