config,b,N,trial,map_type,m,t,mt_over_N,mt2_over_N,nominal_positions,covered_states,coverage_fraction,duplicate_positions,distinct_endpoints,ma_hong_fraction,iid_fraction,residual_vs_ma_hong
stop-b12-a,12,4096,0,des,64,8,0.125000000000,1.000000000000,512,440,0.107421875000,72,61,0.104435921238,0.117503097415,0.002985953762
stop-b12-a,12,4096,0,random,64,8,0.125000000000,1.000000000000,512,427,0.104248046875,85,58,0.104435921238,0.117503097415,-0.000187874363
stop-b12-b,12,4096,0,des,16,16,0.062500000000,1.000000000000,256,209,0.051025390625,47,16,0.053028480822,0.060586937187,-0.002003090197
stop-b12-b,12,4096,0,random,16,16,0.062500000000,1.000000000000,256,176,0.042968750000,80,15,0.053028480822,0.060586937187,-0.010059730822
stop-b12-a,12,4096,1,des,64,8,0.125000000000,1.000000000000,512,436,0.106445312500,76,57,0.104435921238,0.117503097415,0.002009391262
stop-b12-a,12,4096,1,random,64,8,0.125000000000,1.000000000000,512,417,0.101806640625,95,60,0.104435921238,0.117503097415,-0.002629280613
stop-b12-b,12,4096,1,des,16,16,0.062500000000,1.000000000000,256,213,0.052001953125,43,15,0.053028480822,0.060586937187,-0.001026527697
stop-b12-b,12,4096,1,random,16,16,0.062500000000,1.000000000000,256,221,0.053955078125,35,16,0.053028480822,0.060586937187,0.000926597303
stop-b12-a,12,4096,2,des,64,8,0.125000000000,1.000000000000,512,452,0.110351562500,60,62,0.104435921238,0.117503097415,0.005915641262
stop-b12-a,12,4096,2,random,64,8,0.125000000000,1.000000000000,512,426,0.104003906250,86,57,0.104435921238,0.117503097415,-0.000432014988
stop-b12-b,12,4096,2,des,16,16,0.062500000000,1.000000000000,256,236,0.057617187500,20,16,0.053028480822,0.060586937187,0.004588706678
stop-b12-b,12,4096,2,random,16,16,0.062500000000,1.000000000000,256,247,0.060302734375,9,16,0.053028480822,0.060586937187,0.007274253553
stop-b12-a,12,4096,3,des,64,8,0.125000000000,1.000000000000,512,424,0.103515625000,88,60,0.104435921238,0.117503097415,-0.000920296238
stop-b12-a,12,4096,3,random,64,8,0.125000000000,1.000000000000,512,439,0.107177734375,73,60,0.104435921238,0.117503097415,0.002741813137
stop-b12-b,12,4096,3,des,16,16,0.062500000000,1.000000000000,256,216,0.052734375000,40,16,0.053028480822,0.060586937187,-0.000294105822
stop-b12-b,12,4096,3,random,16,16,0.062500000000,1.000000000000,256,242,0.059082031250,14,16,0.053028480822,0.060586937187,0.006053550428
stop-b12-a,12,4096,4,des,64,8,0.125000000000,1.000000000000,512,413,0.100830078125,99,60,0.104435921238,0.117503097415,-0.003605843113
stop-b12-a,12,4096,4,random,64,8,0.125000000000,1.000000000000,512,401,0.097900390625,111,60,0.104435921238,0.117503097415,-0.006535530613
stop-b12-b,12,4096,4,des,16,16,0.062500000000,1.000000000000,256,232,0.056640625000,24,16,0.053028480822,0.060586937187,0.003612144178
stop-b12-b,12,4096,4,random,16,16,0.062500000000,1.000000000000,256,211,0.051513671875,45,15,0.053028480822,0.060586937187,-0.001514808947
stop-b12-a,12,4096,5,des,64,8,0.125000000000,1.000000000000,512,410,0.100097656250,102,59,0.104435921238,0.117503097415,-0.004338264988
stop-b12-a,12,4096,5,random,64,8,0.125000000000,1.000000000000,512,424,0.103515625000,88,57,0.104435921238,0.117503097415,-0.000920296238
stop-b12-b,12,4096,5,des,16,16,0.062500000000,1.000000000000,256,205,0.050048828125,51,15,0.053028480822,0.060586937187,-0.002979652697
stop-b12-b,12,4096,5,random,16,16,0.062500000000,1.000000000000,256,209,0.051025390625,47,15,0.053028480822,0.060586937187,-0.002003090197
stop-b12-a,12,4096,6,des,64,8,0.125000000000,1.000000000000,512,431,0.105224609375,81,60,0.104435921238,0.117503097415,0.000788688137
stop-b12-a,12,4096,6,random,64,8,0.125000000000,1.000000000000,512,436,0.106445312500,76,61,0.104435921238,0.117503097415,0.002009391262
stop-b12-b,12,4096,6,des,16,16,0.062500000000,1.000000000000,256,202,0.049316406250,54,16,0.053028480822,0.060586937187,-0.003712074572
stop-b12-b,12,4096,6,random,16,16,0.062500000000,1.000000000000,256,233,0.056884765625,23,16,0.053028480822,0.060586937187,0.003856284803
stop-b12-a,12,4096,7,des,64,8,0.125000000000,1.000000000000,512,453,0.110595703125,59,60,0.104435921238,0.117503097415,0.006159781887
stop-b12-a,12,4096,7,random,64,8,0.125000000000,1.000000000000,512,438,0.106933593750,74,58,0.104435921238,0.117503097415,0.002497672512
stop-b12-b,12,4096,7,des,16,16,0.062500000000,1.000000000000,256,211,0.051513671875,45,16,0.053028480822,0.060586937187,-0.001514808947
stop-b12-b,12,4096,7,random,16,16,0.062500000000,1.000000000000,256,185,0.045166015625,71,14,0.053028480822,0.060586937187,-0.007862465197
stop-b12-a,12,4096,8,des,64,8,0.125000000000,1.000000000000,512,431,0.105224609375,81,64,0.104435921238,0.117503097415,0.000788688137
stop-b12-a,12,4096,8,random,64,8,0.125000000000,1.000000000000,512,415,0.101318359375,97,57,0.104435921238,0.117503097415,-0.003117561863
stop-b12-b,12,4096,8,des,16,16,0.062500000000,1.000000000000,256,226,0.055175781250,30,16,0.053028480822,0.060586937187,0.002147300428
stop-b12-b,12,4096,8,random,16,16,0.062500000000,1.000000000000,256,218,0.053222656250,38,15,0.053028480822,0.060586937187,0.000194175428
stop-b12-a,12,4096,9,des,64,8,0.125000000000,1.000000000000,512,402,0.098144531250,110,54,0.104435921238,0.117503097415,-0.006291389988
stop-b12-a,12,4096,9,random,64,8,0.125000000000,1.000000000000,512,447,0.109130859375,65,62,0.104435921238,0.117503097415,0.004694938137
stop-b12-b,12,4096,9,des,16,16,0.062500000000,1.000000000000,256,229,0.055908203125,27,15,0.053028480822,0.060586937187,0.002879722303
stop-b12-b,12,4096,9,random,16,16,0.062500000000,1.000000000000,256,222,0.054199218750,34,15,0.053028480822,0.060586937187,0.001170737928
stop-b12-a,12,4096,10,des,64,8,0.125000000000,1.000000000000,512,430,0.104980468750,82,62,0.104435921238,0.117503097415,0.000544547512
stop-b12-a,12,4096,10,random,64,8,0.125000000000,1.000000000000,512,416,0.101562500000,96,62,0.104435921238,0.117503097415,-0.002873421238
stop-b12-b,12,4096,10,des,16,16,0.062500000000,1.000000000000,256,214,0.052246093750,42,16,0.053028480822,0.060586937187,-0.000782387072
stop-b12-b,12,4096,10,random,16,16,0.062500000000,1.000000000000,256,238,0.058105468750,18,16,0.053028480822,0.060586937187,0.005076987928
stop-b12-a,12,4096,11,des,64,8,0.125000000000,1.000000000000,512,413,0.100830078125,99,55,0.104435921238,0.117503097415,-0.003605843113
stop-b12-a,12,4096,11,random,64,8,0.125000000000,1.000000000000,512,409,0.099853515625,103,59,0.104435921238,0.117503097415,-0.004582405613
stop-b12-b,12,4096,11,des,16,16,0.062500000000,1.000000000000,256,239,0.058349609375,17,16,0.053028480822,0.060586937187,0.005321128553
stop-b12-b,12,4096,11,random,16,16,0.062500000000,1.000000000000,256,225,0.054931640625,31,15,0.053028480822,0.060586937187,0.001903159803
stop-b12-a,12,4096,12,des,64,8,0.125000000000,1.000000000000,512,425,0.103759765625,87,62,0.104435921238,0.117503097415,-0.000676155613
stop-b12-a,12,4096,12,random,64,8,0.125000000000,1.000000000000,512,436,0.106445312500,76,61,0.104435921238,0.117503097415,0.002009391262
stop-b12-b,12,4096,12,des,16,16,0.062500000000,1.000000000000,256,216,0.052734375000,40,16,0.053028480822,0.060586937187,-0.000294105822
stop-b12-b,12,4096,12,random,16,16,0.062500000000,1.000000000000,256,215,0.052490234375,41,16,0.053028480822,0.060586937187,-0.000538246447
stop-b12-a,12,4096,13,des,64,8,0.125000000000,1.000000000000,512,434,0.105957031250,78,62,0.104435921238,0.117503097415,0.001521110012
stop-b12-a,12,4096,13,random,64,8,0.125000000000,1.000000000000,512,416,0.101562500000,96,62,0.104435921238,0.117503097415,-0.002873421238
stop-b12-b,12,4096,13,des,16,16,0.062500000000,1.000000000000,256,203,0.049560546875,53,16,0.053028480822,0.060586937187,-0.003467933947
stop-b12-b,12,4096,13,random,16,16,0.062500000000,1.000000000000,256,217,0.052978515625,39,16,0.053028480822,0.060586937187,-0.000049965197
stop-b12-a,12,4096,14,des,64,8,0.125000000000,1.000000000000,512,433,0.105712890625,79,61,0.104435921238,0.117503097415,0.001276969387
stop-b12-a,12,4096,14,random,64,8,0.125000000000,1.000000000000,512,437,0.106689453125,75,60,0.104435921238,0.117503097415,0.002253531887
stop-b12-b,12,4096,14,des,16,16,0.062500000000,1.000000000000,256,221,0.053955078125,35,16,0.053028480822,0.060586937187,0.000926597303
stop-b12-b,12,4096,14,random,16,16,0.062500000000,1.000000000000,256,222,0.054199218750,34,14,0.053028480822,0.060586937187,0.001170737928
stop-b12-a,12,4096,15,des,64,8,0.125000000000,1.000000000000,512,412,0.100585937500,100,60,0.104435921238,0.117503097415,-0.003849983738
stop-b12-a,12,4096,15,random,64,8,0.125000000000,1.000000000000,512,442,0.107910156250,70,61,0.104435921238,0.117503097415,0.003474235012
stop-b12-b,12,4096,15,des,16,16,0.062500000000,1.000000000000,256,230,0.056152343750,26,16,0.053028480822,0.060586937187,0.003123862928
stop-b12-b,12,4096,15,random,16,16,0.062500000000,1.000000000000,256,215,0.052490234375,41,16,0.053028480822,0.060586937187,-0.000538246447
stop-b12-a,12,4096,16,des,64,8,0.125000000000,1.000000000000,512,430,0.104980468750,82,59,0.104435921238,0.117503097415,0.000544547512
stop-b12-a,12,4096,16,random,64,8,0.125000000000,1.000000000000,512,432,0.105468750000,80,60,0.104435921238,0.117503097415,0.001032828762
stop-b12-b,12,4096,16,des,16,16,0.062500000000,1.000000000000,256,212,0.051757812500,44,14,0.053028480822,0.060586937187,-0.001270668322
stop-b12-b,12,4096,16,random,16,16,0.062500000000,1.000000000000,256,209,0.051025390625,47,16,0.053028480822,0.060586937187,-0.002003090197
stop-b12-a,12,4096,17,des,64,8,0.125000000000,1.000000000000,512,445,0.108642578125,67,62,0.104435921238,0.117503097415,0.004206656887
stop-b12-a,12,4096,17,random,64,8,0.125000000000,1.000000000000,512,434,0.105957031250,78,61,0.104435921238,0.117503097415,0.001521110012
stop-b12-b,12,4096,17,des,16,16,0.062500000000,1.000000000000,256,243,0.059326171875,13,16,0.053028480822,0.060586937187,0.006297691053
stop-b12-b,12,4096,17,random,16,16,0.062500000000,1.000000000000,256,198,0.048339843750,58,15,0.053028480822,0.060586937187,-0.004688637072
stop-b12-a,12,4096,18,des,64,8,0.125000000000,1.000000000000,512,430,0.104980468750,82,59,0.104435921238,0.117503097415,0.000544547512
stop-b12-a,12,4096,18,random,64,8,0.125000000000,1.000000000000,512,419,0.102294921875,93,60,0.104435921238,0.117503097415,-0.002140999363
stop-b12-b,12,4096,18,des,16,16,0.062500000000,1.000000000000,256,240,0.058593750000,16,16,0.053028480822,0.060586937187,0.005565269178
stop-b12-b,12,4096,18,random,16,16,0.062500000000,1.000000000000,256,204,0.049804687500,52,15,0.053028480822,0.060586937187,-0.003223793322
stop-b12-a,12,4096,19,des,64,8,0.125000000000,1.000000000000,512,405,0.098876953125,107,60,0.104435921238,0.117503097415,-0.005558968113
stop-b12-a,12,4096,19,random,64,8,0.125000000000,1.000000000000,512,419,0.102294921875,93,63,0.104435921238,0.117503097415,-0.002140999363
stop-b12-b,12,4096,19,des,16,16,0.062500000000,1.000000000000,256,216,0.052734375000,40,16,0.053028480822,0.060586937187,-0.000294105822
stop-b12-b,12,4096,19,random,16,16,0.062500000000,1.000000000000,256,224,0.054687500000,32,16,0.053028480822,0.060586937187,0.001659019178
stop-b12-a,12,4096,20,des,64,8,0.125000000000,1.000000000000,512,422,0.103027343750,90,61,0.104435921238,0.117503097415,-0.001408577488
stop-b12-a,12,4096,20,random,64,8,0.125000000000,1.000000000000,512,434,0.105957031250,78,60,0.104435921238,0.117503097415,0.001521110012
stop-b12-b,12,4096,20,des,16,16,0.062500000000,1.000000000000,256,208,0.050781250000,48,16,0.053028480822,0.060586937187,-0.002247230822
stop-b12-b,12,4096,20,random,16,16,0.062500000000,1.000000000000,256,215,0.052490234375,41,16,0.053028480822,0.060586937187,-0.000538246447
stop-b12-a,12,4096,21,des,64,8,0.125000000000,1.000000000000,512,462,0.112792968750,50,62,0.104435921238,0.117503097415,0.008357047512
stop-b12-a,12,4096,21,random,64,8,0.125000000000,1.000000000000,512,457,0.111572265625,55,63,0.104435921238,0.117503097415,0.007136344387
stop-b12-b,12,4096,21,des,16,16,0.062500000000,1.000000000000,256,230,0.056152343750,26,16,0.053028480822,0.060586937187,0.003123862928
stop-b12-b,12,4096,21,random,16,16,0.062500000000,1.000000000000,256,229,0.055908203125,27,16,0.053028480822,0.060586937187,0.002879722303
stop-b12-a,12,4096,22,des,64,8,0.125000000000,1.000000000000,512,437,0.106689453125,75,59,0.104435921238,0.117503097415,0.002253531887
stop-b12-a,12,4096,22,random,64,8,0.125000000000,1.000000000000,512,436,0.106445312500,76,61,0.104435921238,0.117503097415,0.002009391262
stop-b12-b,12,4096,22,des,16,16,0.062500000000,1.000000000000,256,210,0.051269531250,46,15,0.053028480822,0.060586937187,-0.001758949572
stop-b12-b,12,4096,22,random,16,16,0.062500000000,1.000000000000,256,214,0.052246093750,42,15,0.053028480822,0.060586937187,-0.000782387072
stop-b12-a,12,4096,23,des,64,8,0.125000000000,1.000000000000,512,465,0.113525390625,47,62,0.104435921238,0.117503097415,0.009089469387
stop-b12-a,12,4096,23,random,64,8,0.125000000000,1.000000000000,512,450,0.109863281250,62,60,0.104435921238,0.117503097415,0.005427360012
stop-b12-b,12,4096,23,des,16,16,0.062500000000,1.000000000000,256,197,0.048095703125,59,16,0.053028480822,0.060586937187,-0.004932777697
stop-b12-b,12,4096,23,random,16,16,0.062500000000,1.000000000000,256,227,0.055419921875,29,15,0.053028480822,0.060586937187,0.002391441053
stop-b12-a,12,4096,24,des,64,8,0.125000000000,1.000000000000,512,416,0.101562500000,96,59,0.104435921238,0.117503097415,-0.002873421238
stop-b12-a,12,4096,24,random,64,8,0.125000000000,1.000000000000,512,434,0.105957031250,78,60,0.104435921238,0.117503097415,0.001521110012
stop-b12-b,12,4096,24,des,16,16,0.062500000000,1.000000000000,256,205,0.050048828125,51,16,0.053028480822,0.060586937187,-0.002979652697
stop-b12-b,12,4096,24,random,16,16,0.062500000000,1.000000000000,256,202,0.049316406250,54,15,0.053028480822,0.060586937187,-0.003712074572
stop-b12-a,12,4096,25,des,64,8,0.125000000000,1.000000000000,512,444,0.108398437500,68,60,0.104435921238,0.117503097415,0.003962516262
stop-b12-a,12,4096,25,random,64,8,0.125000000000,1.000000000000,512,449,0.109619140625,63,63,0.104435921238,0.117503097415,0.005183219387
stop-b12-b,12,4096,25,des,16,16,0.062500000000,1.000000000000,256,208,0.050781250000,48,16,0.053028480822,0.060586937187,-0.002247230822
stop-b12-b,12,4096,25,random,16,16,0.062500000000,1.000000000000,256,229,0.055908203125,27,16,0.053028480822,0.060586937187,0.002879722303
stop-b12-a,12,4096,26,des,64,8,0.125000000000,1.000000000000,512,433,0.105712890625,79,62,0.104435921238,0.117503097415,0.001276969387
stop-b12-a,12,4096,26,random,64,8,0.125000000000,1.000000000000,512,419,0.102294921875,93,58,0.104435921238,0.117503097415,-0.002140999363
stop-b12-b,12,4096,26,des,16,16,0.062500000000,1.000000000000,256,231,0.056396484375,25,16,0.053028480822,0.060586937187,0.003368003553
stop-b12-b,12,4096,26,random,16,16,0.062500000000,1.000000000000,256,213,0.052001953125,43,16,0.053028480822,0.060586937187,-0.001026527697
stop-b12-a,12,4096,27,des,64,8,0.125000000000,1.000000000000,512,383,0.093505859375,129,59,0.104435921238,0.117503097415,-0.010930061863
stop-b12-a,12,4096,27,random,64,8,0.125000000000,1.000000000000,512,441,0.107666015625,71,58,0.104435921238,0.117503097415,0.003230094387
stop-b12-b,12,4096,27,des,16,16,0.062500000000,1.000000000000,256,213,0.052001953125,43,16,0.053028480822,0.060586937187,-0.001026527697
stop-b12-b,12,4096,27,random,16,16,0.062500000000,1.000000000000,256,201,0.049072265625,55,15,0.053028480822,0.060586937187,-0.003956215197
stop-b12-a,12,4096,28,des,64,8,0.125000000000,1.000000000000,512,428,0.104492187500,84,60,0.104435921238,0.117503097415,0.000056266262
stop-b12-a,12,4096,28,random,64,8,0.125000000000,1.000000000000,512,444,0.108398437500,68,62,0.104435921238,0.117503097415,0.003962516262
stop-b12-b,12,4096,28,des,16,16,0.062500000000,1.000000000000,256,234,0.057128906250,22,16,0.053028480822,0.060586937187,0.004100425428
stop-b12-b,12,4096,28,random,16,16,0.062500000000,1.000000000000,256,205,0.050048828125,51,15,0.053028480822,0.060586937187,-0.002979652697
stop-b12-a,12,4096,29,des,64,8,0.125000000000,1.000000000000,512,439,0.107177734375,73,59,0.104435921238,0.117503097415,0.002741813137
stop-b12-a,12,4096,29,random,64,8,0.125000000000,1.000000000000,512,427,0.104248046875,85,62,0.104435921238,0.117503097415,-0.000187874363
stop-b12-b,12,4096,29,des,16,16,0.062500000000,1.000000000000,256,211,0.051513671875,45,14,0.053028480822,0.060586937187,-0.001514808947
stop-b12-b,12,4096,29,random,16,16,0.062500000000,1.000000000000,256,202,0.049316406250,54,16,0.053028480822,0.060586937187,-0.003712074572
stop-b14-a,14,16384,0,des,64,16,0.062500000000,1.000000000000,1024,846,0.051635742188,178,63,0.053028480822,0.060586937187,-0.001392738635
stop-b14-a,14,16384,0,random,64,16,0.062500000000,1.000000000000,1024,913,0.055725097656,111,63,0.053028480822,0.060586937187,0.002696616834
stop-b14-b,14,16384,0,des,16,32,0.031250000000,1.000000000000,512,451,0.027526855469,61,16,0.026712618228,0.030766765524,0.000814237241
stop-b14-b,14,16384,0,random,16,32,0.031250000000,1.000000000000,512,478,0.029174804688,34,16,0.026712618228,0.030766765524,0.002462186459
stop-b14-a,14,16384,1,des,64,16,0.062500000000,1.000000000000,1024,887,0.054138183594,137,62,0.053028480822,0.060586937187,0.001109702771
stop-b14-a,14,16384,1,random,64,16,0.062500000000,1.000000000000,1024,827,0.050476074219,197,60,0.053028480822,0.060586937187,-0.002552406604
stop-b14-b,14,16384,1,des,16,32,0.031250000000,1.000000000000,512,431,0.026306152344,81,15,0.026712618228,0.030766765524,-0.000406465884
stop-b14-b,14,16384,1,random,16,32,0.031250000000,1.000000000000,512,450,0.027465820312,62,16,0.026712618228,0.030766765524,0.000753202084
stop-b14-a,14,16384,2,des,64,16,0.062500000000,1.000000000000,1024,858,0.052368164062,166,63,0.053028480822,0.060586937187,-0.000660316760
stop-b14-a,14,16384,2,random,64,16,0.062500000000,1.000000000000,1024,886,0.054077148438,138,63,0.053028480822,0.060586937187,0.001048667615
stop-b14-b,14,16384,2,des,16,32,0.031250000000,1.000000000000,512,446,0.027221679688,66,16,0.026712618228,0.030766765524,0.000509061459
stop-b14-b,14,16384,2,random,16,32,0.031250000000,1.000000000000,512,441,0.026916503906,71,16,0.026712618228,0.030766765524,0.000203885678
stop-b14-a,14,16384,3,des,64,16,0.062500000000,1.000000000000,1024,861,0.052551269531,163,61,0.053028480822,0.060586937187,-0.000477211291
stop-b14-a,14,16384,3,random,64,16,0.062500000000,1.000000000000,1024,812,0.049560546875,212,63,0.053028480822,0.060586937187,-0.003467933947
stop-b14-b,14,16384,3,des,16,32,0.031250000000,1.000000000000,512,491,0.029968261719,21,16,0.026712618228,0.030766765524,0.003255643491
stop-b14-b,14,16384,3,random,16,32,0.031250000000,1.000000000000,512,384,0.023437500000,128,16,0.026712618228,0.030766765524,-0.003275118228
stop-b14-a,14,16384,4,des,64,16,0.062500000000,1.000000000000,1024,861,0.052551269531,163,64,0.053028480822,0.060586937187,-0.000477211291
stop-b14-a,14,16384,4,random,64,16,0.062500000000,1.000000000000,1024,878,0.053588867188,146,63,0.053028480822,0.060586937187,0.000560386365
stop-b14-b,14,16384,4,des,16,32,0.031250000000,1.000000000000,512,437,0.026672363281,75,15,0.026712618228,0.030766765524,-0.000040254947
stop-b14-b,14,16384,4,random,16,32,0.031250000000,1.000000000000,512,443,0.027038574219,69,16,0.026712618228,0.030766765524,0.000325955991
stop-b14-a,14,16384,5,des,64,16,0.062500000000,1.000000000000,1024,887,0.054138183594,137,60,0.053028480822,0.060586937187,0.001109702771
stop-b14-a,14,16384,5,random,64,16,0.062500000000,1.000000000000,1024,837,0.051086425781,187,59,0.053028480822,0.060586937187,-0.001942055041
stop-b14-b,14,16384,5,des,16,32,0.031250000000,1.000000000000,512,462,0.028198242188,50,15,0.026712618228,0.030766765524,0.001485623959
stop-b14-b,14,16384,5,random,16,32,0.031250000000,1.000000000000,512,473,0.028869628906,39,16,0.026712618228,0.030766765524,0.002157010678
stop-b14-a,14,16384,6,des,64,16,0.062500000000,1.000000000000,1024,915,0.055847167969,109,62,0.053028480822,0.060586937187,0.002818687146
stop-b14-a,14,16384,6,random,64,16,0.062500000000,1.000000000000,1024,892,0.054443359375,132,61,0.053028480822,0.060586937187,0.001414878553
stop-b14-b,14,16384,6,des,16,32,0.031250000000,1.000000000000,512,422,0.025756835938,90,16,0.026712618228,0.030766765524,-0.000955782291
stop-b14-b,14,16384,6,random,16,32,0.031250000000,1.000000000000,512,401,0.024475097656,111,16,0.026712618228,0.030766765524,-0.002237520572
stop-b14-a,14,16384,7,des,64,16,0.062500000000,1.000000000000,1024,885,0.054016113281,139,63,0.053028480822,0.060586937187,0.000987632459
stop-b14-a,14,16384,7,random,64,16,0.062500000000,1.000000000000,1024,873,0.053283691406,151,62,0.053028480822,0.060586937187,0.000255210584
stop-b14-b,14,16384,7,des,16,32,0.031250000000,1.000000000000,512,440,0.026855468750,72,16,0.026712618228,0.030766765524,0.000142850522
stop-b14-b,14,16384,7,random,16,32,0.031250000000,1.000000000000,512,422,0.025756835938,90,16,0.026712618228,0.030766765524,-0.000955782291
stop-b14-a,14,16384,8,des,64,16,0.062500000000,1.000000000000,1024,946,0.057739257812,78,64,0.053028480822,0.060586937187,0.004710776990
stop-b14-a,14,16384,8,random,64,16,0.062500000000,1.000000000000,1024,859,0.052429199219,165,60,0.053028480822,0.060586937187,-0.000599281604
stop-b14-b,14,16384,8,des,16,32,0.031250000000,1.000000000000,512,472,0.028808593750,40,16,0.026712618228,0.030766765524,0.002095975522
stop-b14-b,14,16384,8,random,16,32,0.031250000000,1.000000000000,512,379,0.023132324219,133,15,0.026712618228,0.030766765524,-0.003580294009
stop-b14-a,14,16384,9,des,64,16,0.062500000000,1.000000000000,1024,906,0.055297851562,118,62,0.053028480822,0.060586937187,0.002269370740
stop-b14-a,14,16384,9,random,64,16,0.062500000000,1.000000000000,1024,859,0.052429199219,165,61,0.053028480822,0.060586937187,-0.000599281604
stop-b14-b,14,16384,9,des,16,32,0.031250000000,1.000000000000,512,444,0.027099609375,68,16,0.026712618228,0.030766765524,0.000386991147
stop-b14-b,14,16384,9,random,16,32,0.031250000000,1.000000000000,512,420,0.025634765625,92,16,0.026712618228,0.030766765524,-0.001077852603
stop-b14-a,14,16384,10,des,64,16,0.062500000000,1.000000000000,1024,854,0.052124023438,170,61,0.053028480822,0.060586937187,-0.000904457385
stop-b14-a,14,16384,10,random,64,16,0.062500000000,1.000000000000,1024,827,0.050476074219,197,60,0.053028480822,0.060586937187,-0.002552406604
stop-b14-b,14,16384,10,des,16,32,0.031250000000,1.000000000000,512,509,0.031066894531,3,16,0.026712618228,0.030766765524,0.004354276303
stop-b14-b,14,16384,10,random,16,32,0.031250000000,1.000000000000,512,445,0.027160644531,67,16,0.026712618228,0.030766765524,0.000448026303
stop-b14-a,14,16384,11,des,64,16,0.062500000000,1.000000000000,1024,871,0.053161621094,153,63,0.053028480822,0.060586937187,0.000133140271
stop-b14-a,14,16384,11,random,64,16,0.062500000000,1.000000000000,1024,865,0.052795410156,159,61,0.053028480822,0.060586937187,-0.000233070666
stop-b14-b,14,16384,11,des,16,32,0.031250000000,1.000000000000,512,433,0.026428222656,79,16,0.026712618228,0.030766765524,-0.000284395572
stop-b14-b,14,16384,11,random,16,32,0.031250000000,1.000000000000,512,463,0.028259277344,49,16,0.026712618228,0.030766765524,0.001546659116
stop-b14-a,14,16384,12,des,64,16,0.062500000000,1.000000000000,1024,873,0.053283691406,151,62,0.053028480822,0.060586937187,0.000255210584
stop-b14-a,14,16384,12,random,64,16,0.062500000000,1.000000000000,1024,894,0.054565429688,130,64,0.053028480822,0.060586937187,0.001536948865
stop-b14-b,14,16384,12,des,16,32,0.031250000000,1.000000000000,512,458,0.027954101562,54,16,0.026712618228,0.030766765524,0.001241483334
stop-b14-b,14,16384,12,random,16,32,0.031250000000,1.000000000000,512,415,0.025329589844,97,16,0.026712618228,0.030766765524,-0.001383028384
stop-b14-a,14,16384,13,des,64,16,0.062500000000,1.000000000000,1024,892,0.054443359375,132,63,0.053028480822,0.060586937187,0.001414878553
stop-b14-a,14,16384,13,random,64,16,0.062500000000,1.000000000000,1024,825,0.050354003906,199,60,0.053028480822,0.060586937187,-0.002674476916
stop-b14-b,14,16384,13,des,16,32,0.031250000000,1.000000000000,512,407,0.024841308594,105,16,0.026712618228,0.030766765524,-0.001871309634
stop-b14-b,14,16384,13,random,16,32,0.031250000000,1.000000000000,512,440,0.026855468750,72,16,0.026712618228,0.030766765524,0.000142850522
stop-b14-a,14,16384,14,des,64,16,0.062500000000,1.000000000000,1024,876,0.053466796875,148,62,0.053028480822,0.060586937187,0.000438316053
stop-b14-a,14,16384,14,random,64,16,0.062500000000,1.000000000000,1024,833,0.050842285156,191,62,0.053028480822,0.060586937187,-0.002186195666
stop-b14-b,14,16384,14,des,16,32,0.031250000000,1.000000000000,512,429,0.026184082031,83,16,0.026712618228,0.030766765524,-0.000528536197
stop-b14-b,14,16384,14,random,16,32,0.031250000000,1.000000000000,512,471,0.028747558594,41,16,0.026712618228,0.030766765524,0.002034940366
stop-b14-a,14,16384,15,des,64,16,0.062500000000,1.000000000000,1024,904,0.055175781250,120,62,0.053028480822,0.060586937187,0.002147300428
stop-b14-a,14,16384,15,random,64,16,0.062500000000,1.000000000000,1024,879,0.053649902344,145,62,0.053028480822,0.060586937187,0.000621421521
stop-b14-b,14,16384,15,des,16,32,0.031250000000,1.000000000000,512,452,0.027587890625,60,16,0.026712618228,0.030766765524,0.000875272397
stop-b14-b,14,16384,15,random,16,32,0.031250000000,1.000000000000,512,423,0.025817871094,89,16,0.026712618228,0.030766765524,-0.000894747134
stop-b14-a,14,16384,16,des,64,16,0.062500000000,1.000000000000,1024,862,0.052612304688,162,61,0.053028480822,0.060586937187,-0.000416176135
stop-b14-a,14,16384,16,random,64,16,0.062500000000,1.000000000000,1024,851,0.051940917969,173,60,0.053028480822,0.060586937187,-0.001087562854
stop-b14-b,14,16384,16,des,16,32,0.031250000000,1.000000000000,512,361,0.022033691406,151,16,0.026712618228,0.030766765524,-0.004678926822
stop-b14-b,14,16384,16,random,16,32,0.031250000000,1.000000000000,512,460,0.028076171875,52,15,0.026712618228,0.030766765524,0.001363553647
stop-b14-a,14,16384,17,des,64,16,0.062500000000,1.000000000000,1024,942,0.057495117188,82,64,0.053028480822,0.060586937187,0.004466636365
stop-b14-a,14,16384,17,random,64,16,0.062500000000,1.000000000000,1024,875,0.053405761719,149,62,0.053028480822,0.060586937187,0.000377280896
stop-b14-b,14,16384,17,des,16,32,0.031250000000,1.000000000000,512,484,0.029541015625,28,16,0.026712618228,0.030766765524,0.002828397397
stop-b14-b,14,16384,17,random,16,32,0.031250000000,1.000000000000,512,409,0.024963378906,103,16,0.026712618228,0.030766765524,-0.001749239322
stop-b14-a,14,16384,18,des,64,16,0.062500000000,1.000000000000,1024,856,0.052246093750,168,60,0.053028480822,0.060586937187,-0.000782387072
stop-b14-a,14,16384,18,random,64,16,0.062500000000,1.000000000000,1024,805,0.049133300781,219,62,0.053028480822,0.060586937187,-0.003895180041
stop-b14-b,14,16384,18,des,16,32,0.031250000000,1.000000000000,512,448,0.027343750000,64,16,0.026712618228,0.030766765524,0.000631131772
stop-b14-b,14,16384,18,random,16,32,0.031250000000,1.000000000000,512,444,0.027099609375,68,16,0.026712618228,0.030766765524,0.000386991147
stop-b14-a,14,16384,19,des,64,16,0.062500000000,1.000000000000,1024,953,0.058166503906,71,62,0.053028480822,0.060586937187,0.005138023084
stop-b14-a,14,16384,19,random,64,16,0.062500000000,1.000000000000,1024,837,0.051086425781,187,63,0.053028480822,0.060586937187,-0.001942055041
stop-b14-b,14,16384,19,des,16,32,0.031250000000,1.000000000000,512,430,0.026245117188,82,15,0.026712618228,0.030766765524,-0.000467501041
stop-b14-b,14,16384,19,random,16,32,0.031250000000,1.000000000000,512,459,0.028015136719,53,16,0.026712618228,0.030766765524,0.001302518491
stop-b14-a,14,16384,20,des,64,16,0.062500000000,1.000000000000,1024,855,0.052185058594,169,61,0.053028480822,0.060586937187,-0.000843422229
stop-b14-a,14,16384,20,random,64,16,0.062500000000,1.000000000000,1024,838,0.051147460938,186,64,0.053028480822,0.060586937187,-0.001881019885
stop-b14-b,14,16384,20,des,16,32,0.031250000000,1.000000000000,512,428,0.026123046875,84,16,0.026712618228,0.030766765524,-0.000589571353
stop-b14-b,14,16384,20,random,16,32,0.031250000000,1.000000000000,512,423,0.025817871094,89,16,0.026712618228,0.030766765524,-0.000894747134
stop-b14-a,14,16384,21,des,64,16,0.062500000000,1.000000000000,1024,856,0.052246093750,168,64,0.053028480822,0.060586937187,-0.000782387072
stop-b14-a,14,16384,21,random,64,16,0.062500000000,1.000000000000,1024,873,0.053283691406,151,62,0.053028480822,0.060586937187,0.000255210584
stop-b14-b,14,16384,21,des,16,32,0.031250000000,1.000000000000,512,464,0.028320312500,48,16,0.026712618228,0.030766765524,0.001607694272
stop-b14-b,14,16384,21,random,16,32,0.031250000000,1.000000000000,512,421,0.025695800781,91,16,0.026712618228,0.030766765524,-0.001016817447
stop-b14-a,14,16384,22,des,64,16,0.062500000000,1.000000000000,1024,897,0.054748535156,127,63,0.053028480822,0.060586937187,0.001720054334
stop-b14-a,14,16384,22,random,64,16,0.062500000000,1.000000000000,1024,814,0.049682617188,210,62,0.053028480822,0.060586937187,-0.003345863635
stop-b14-b,14,16384,22,des,16,32,0.031250000000,1.000000000000,512,445,0.027160644531,67,15,0.026712618228,0.030766765524,0.000448026303
stop-b14-b,14,16384,22,random,16,32,0.031250000000,1.000000000000,512,434,0.026489257812,78,16,0.026712618228,0.030766765524,-0.000223360416
stop-b14-a,14,16384,23,des,64,16,0.062500000000,1.000000000000,1024,873,0.053283691406,151,62,0.053028480822,0.060586937187,0.000255210584
stop-b14-a,14,16384,23,random,64,16,0.062500000000,1.000000000000,1024,882,0.053833007812,142,62,0.053028480822,0.060586937187,0.000804526990
stop-b14-b,14,16384,23,des,16,32,0.031250000000,1.000000000000,512,420,0.025634765625,92,16,0.026712618228,0.030766765524,-0.001077852603
stop-b14-b,14,16384,23,random,16,32,0.031250000000,1.000000000000,512,405,0.024719238281,107,15,0.026712618228,0.030766765524,-0.001993379947
stop-b14-a,14,16384,24,des,64,16,0.062500000000,1.000000000000,1024,804,0.049072265625,220,63,0.053028480822,0.060586937187,-0.003956215197
stop-b14-a,14,16384,24,random,64,16,0.062500000000,1.000000000000,1024,867,0.052917480469,157,62,0.053028480822,0.060586937187,-0.000111000354
stop-b14-b,14,16384,24,des,16,32,0.031250000000,1.000000000000,512,423,0.025817871094,89,15,0.026712618228,0.030766765524,-0.000894747134
stop-b14-b,14,16384,24,random,16,32,0.031250000000,1.000000000000,512,448,0.027343750000,64,16,0.026712618228,0.030766765524,0.000631131772
stop-b14-a,14,16384,25,des,64,16,0.062500000000,1.000000000000,1024,881,0.053771972656,143,63,0.053028480822,0.060586937187,0.000743491834
stop-b14-a,14,16384,25,random,64,16,0.062500000000,1.000000000000,1024,864,0.052734375000,160,61,0.053028480822,0.060586937187,-0.000294105822
stop-b14-b,14,16384,25,des,16,32,0.031250000000,1.000000000000,512,423,0.025817871094,89,16,0.026712618228,0.030766765524,-0.000894747134
stop-b14-b,14,16384,25,random,16,32,0.031250000000,1.000000000000,512,412,0.025146484375,100,16,0.026712618228,0.030766765524,-0.001566133853
stop-b14-a,14,16384,26,des,64,16,0.062500000000,1.000000000000,1024,862,0.052612304688,162,64,0.053028480822,0.060586937187,-0.000416176135
stop-b14-a,14,16384,26,random,64,16,0.062500000000,1.000000000000,1024,871,0.053161621094,153,62,0.053028480822,0.060586937187,0.000133140271
stop-b14-b,14,16384,26,des,16,32,0.031250000000,1.000000000000,512,387,0.023620605469,125,16,0.026712618228,0.030766765524,-0.003092012759
stop-b14-b,14,16384,26,random,16,32,0.031250000000,1.000000000000,512,478,0.029174804688,34,16,0.026712618228,0.030766765524,0.002462186459
stop-b14-a,14,16384,27,des,64,16,0.062500000000,1.000000000000,1024,885,0.054016113281,139,64,0.053028480822,0.060586937187,0.000987632459
stop-b14-a,14,16384,27,random,64,16,0.062500000000,1.000000000000,1024,815,0.049743652344,209,63,0.053028480822,0.060586937187,-0.003284828479
stop-b14-b,14,16384,27,des,16,32,0.031250000000,1.000000000000,512,445,0.027160644531,67,16,0.026712618228,0.030766765524,0.000448026303
stop-b14-b,14,16384,27,random,16,32,0.031250000000,1.000000000000,512,423,0.025817871094,89,16,0.026712618228,0.030766765524,-0.000894747134
stop-b14-a,14,16384,28,des,64,16,0.062500000000,1.000000000000,1024,886,0.054077148438,138,60,0.053028480822,0.060586937187,0.001048667615
stop-b14-a,14,16384,28,random,64,16,0.062500000000,1.000000000000,1024,863,0.052673339844,161,60,0.053028480822,0.060586937187,-0.000355140979
stop-b14-b,14,16384,28,des,16,32,0.031250000000,1.000000000000,512,455,0.027770996094,57,16,0.026712618228,0.030766765524,0.001058377866
stop-b14-b,14,16384,28,random,16,32,0.031250000000,1.000000000000,512,464,0.028320312500,48,16,0.026712618228,0.030766765524,0.001607694272
stop-b14-a,14,16384,29,des,64,16,0.062500000000,1.000000000000,1024,915,0.055847167969,109,63,0.053028480822,0.060586937187,0.002818687146
stop-b14-a,14,16384,29,random,64,16,0.062500000000,1.000000000000,1024,875,0.053405761719,149,64,0.053028480822,0.060586937187,0.000377280896
stop-b14-b,14,16384,29,des,16,32,0.031250000000,1.000000000000,512,443,0.027038574219,69,16,0.026712618228,0.030766765524,0.000325955991
stop-b14-b,14,16384,29,random,16,32,0.031250000000,1.000000000000,512,461,0.028137207031,51,16,0.026712618228,0.030766765524,0.001424588803
stop-b16-a,16,65536,0,des,256,16,0.062500000000,1.000000000000,4096,3487,0.053207397461,609,250,0.053028480822,0.060586937187,0.000178916638
stop-b16-a,16,65536,0,random,256,16,0.062500000000,1.000000000000,4096,3555,0.054244995117,541,250,0.053028480822,0.060586937187,0.001216514295
stop-b16-b,16,65536,0,des,64,32,0.031250000000,1.000000000000,2048,1645,0.025100708008,403,62,0.026712618228,0.030766765524,-0.001611910220
stop-b16-b,16,65536,0,random,64,32,0.031250000000,1.000000000000,2048,1643,0.025070190430,405,62,0.026712618228,0.030766765524,-0.001642427798
stop-b16-c,16,65536,0,des,16,64,0.015625000000,1.000000000000,1024,918,0.014007568359,106,16,0.013405351497,0.015503562995,0.000602216863
stop-b16-c,16,65536,0,random,16,64,0.015625000000,1.000000000000,1024,906,0.013824462891,118,16,0.013405351497,0.015503562995,0.000419111394
budget-b16-t16,16,65536,0,des,4096,16,1.000000000000,16.000000000000,65536,20747,0.316574096680,44789,2715,0.311693306129,0.632120558829,0.004880790551
budget-b16-t16,16,65536,0,random,4096,16,1.000000000000,16.000000000000,65536,20592,0.314208984375,44944,2703,0.311693306129,0.632120558829,0.002515678246
budget-b16-t32,16,65536,0,des,2048,32,1.000000000000,32.000000000000,65536,15250,0.232696533203,50286,1397,0.229509256274,0.632120558829,0.003187276929
budget-b16-t32,16,65536,0,random,2048,32,1.000000000000,32.000000000000,65536,15079,0.230087280273,50457,1415,0.229509256274,0.632120558829,0.000578023999
stress-b16-current,16,65536,0,des,1024,64,1.000000000000,64.000000000000,65536,11041,0.168472290039,54495,700,0.166514303028,0.632120558829,0.001957987011
stress-b16-current,16,65536,0,random,1024,64,1.000000000000,64.000000000000,65536,11206,0.170989990234,54330,702,0.166514303028,0.632120558829,0.004475687206
budget-b16-t128,16,65536,0,des,512,128,1.000000000000,128.000000000000,65536,7838,0.119598388672,57698,335,0.119846812240,0.632120558829,-0.000248423568
budget-b16-t128,16,65536,0,random,512,128,1.000000000000,128.000000000000,65536,7699,0.117477416992,57837,339,0.119846812240,0.632120558829,-0.002369395248
stop-b16-a,16,65536,1,des,256,16,0.062500000000,1.000000000000,4096,3434,0.052398681641,662,248,0.053028480822,0.060586937187,-0.000629799182
stop-b16-a,16,65536,1,random,256,16,0.062500000000,1.000000000000,4096,3457,0.052749633789,639,244,0.053028480822,0.060586937187,-0.000278847033
stop-b16-b,16,65536,1,des,64,32,0.031250000000,1.000000000000,2048,1802,0.027496337891,246,64,0.026712618228,0.030766765524,0.000783719662
stop-b16-b,16,65536,1,random,64,32,0.031250000000,1.000000000000,2048,1639,0.025009155273,409,62,0.026712618228,0.030766765524,-0.001703462955
stop-b16-c,16,65536,1,des,16,64,0.015625000000,1.000000000000,1024,895,0.013656616211,129,16,0.013405351497,0.015503562995,0.000251264714
stop-b16-c,16,65536,1,random,16,64,0.015625000000,1.000000000000,1024,808,0.012329101562,216,16,0.013405351497,0.015503562995,-0.001076249934
budget-b16-t16,16,65536,1,des,4096,16,1.000000000000,16.000000000000,65536,20581,0.314041137695,44955,2757,0.311693306129,0.632120558829,0.002347831566
budget-b16-t16,16,65536,1,random,4096,16,1.000000000000,16.000000000000,65536,20818,0.317657470703,44718,2704,0.311693306129,0.632120558829,0.005964164574
budget-b16-t32,16,65536,1,des,2048,32,1.000000000000,32.000000000000,65536,15114,0.230621337891,50422,1420,0.229509256274,0.632120558829,0.001112081617
budget-b16-t32,16,65536,1,random,2048,32,1.000000000000,32.000000000000,65536,15121,0.230728149414,50415,1386,0.229509256274,0.632120558829,0.001218893140
stress-b16-current,16,65536,1,des,1024,64,1.000000000000,64.000000000000,65536,10980,0.167541503906,54556,703,0.166514303028,0.632120558829,0.001027200878
stress-b16-current,16,65536,1,random,1024,64,1.000000000000,64.000000000000,65536,11034,0.168365478516,54502,682,0.166514303028,0.632120558829,0.001851175487
budget-b16-t128,16,65536,1,des,512,128,1.000000000000,128.000000000000,65536,8091,0.123458862305,57445,346,0.119846812240,0.632120558829,0.003612050065
budget-b16-t128,16,65536,1,random,512,128,1.000000000000,128.000000000000,65536,7932,0.121032714844,57604,366,0.119846812240,0.632120558829,0.001185902604
stop-b16-a,16,65536,2,des,256,16,0.062500000000,1.000000000000,4096,3639,0.055526733398,457,252,0.053028480822,0.060586937187,0.002498252576
stop-b16-a,16,65536,2,random,256,16,0.062500000000,1.000000000000,4096,3507,0.053512573242,589,248,0.053028480822,0.060586937187,0.000484092420
stop-b16-b,16,65536,2,des,64,32,0.031250000000,1.000000000000,2048,1756,0.026794433594,292,63,0.026712618228,0.030766765524,0.000081815366
stop-b16-b,16,65536,2,random,64,32,0.031250000000,1.000000000000,2048,1776,0.027099609375,272,63,0.026712618228,0.030766765524,0.000386991147
stop-b16-c,16,65536,2,des,16,64,0.015625000000,1.000000000000,1024,853,0.013015747070,171,16,0.013405351497,0.015503562995,-0.000389604426
stop-b16-c,16,65536,2,random,16,64,0.015625000000,1.000000000000,1024,869,0.013259887695,155,16,0.013405351497,0.015503562995,-0.000145463801
budget-b16-t16,16,65536,2,des,4096,16,1.000000000000,16.000000000000,65536,20833,0.317886352539,44703,2732,0.311693306129,0.632120558829,0.006193046410
budget-b16-t16,16,65536,2,random,4096,16,1.000000000000,16.000000000000,65536,20551,0.313583374023,44985,2688,0.311693306129,0.632120558829,0.001890067894
budget-b16-t32,16,65536,2,des,2048,32,1.000000000000,32.000000000000,65536,15164,0.231384277344,50372,1389,0.229509256274,0.632120558829,0.001875021070
budget-b16-t32,16,65536,2,random,2048,32,1.000000000000,32.000000000000,65536,14868,0.226867675781,50668,1337,0.229509256274,0.632120558829,-0.002641580493
stress-b16-current,16,65536,2,des,1024,64,1.000000000000,64.000000000000,65536,11144,0.170043945312,54392,720,0.166514303028,0.632120558829,0.003529642284
stress-b16-current,16,65536,2,random,1024,64,1.000000000000,64.000000000000,65536,10851,0.165573120117,54685,683,0.166514303028,0.632120558829,-0.000941182911
budget-b16-t128,16,65536,2,des,512,128,1.000000000000,128.000000000000,65536,8124,0.123962402344,57412,353,0.119846812240,0.632120558829,0.004115590104
budget-b16-t128,16,65536,2,random,512,128,1.000000000000,128.000000000000,65536,7841,0.119644165039,57695,359,0.119846812240,0.632120558829,-0.000202647201
stop-b16-a,16,65536,3,des,256,16,0.062500000000,1.000000000000,4096,3597,0.054885864258,499,249,0.053028480822,0.060586937187,0.001857383435
stop-b16-a,16,65536,3,random,256,16,0.062500000000,1.000000000000,4096,3539,0.054000854492,557,251,0.053028480822,0.060586937187,0.000972373670
stop-b16-b,16,65536,3,des,64,32,0.031250000000,1.000000000000,2048,1817,0.027725219727,231,63,0.026712618228,0.030766765524,0.001012601498
stop-b16-b,16,65536,3,random,64,32,0.031250000000,1.000000000000,2048,1742,0.026580810547,306,63,0.026712618228,0.030766765524,-0.000131807681
stop-b16-c,16,65536,3,des,16,64,0.015625000000,1.000000000000,1024,826,0.012603759766,198,15,0.013405351497,0.015503562995,-0.000801591731
stop-b16-c,16,65536,3,random,16,64,0.015625000000,1.000000000000,1024,851,0.012985229492,173,16,0.013405351497,0.015503562995,-0.000420122004
budget-b16-t16,16,65536,3,des,4096,16,1.000000000000,16.000000000000,65536,20741,0.316482543945,44795,2812,0.311693306129,0.632120558829,0.004789237816
budget-b16-t16,16,65536,3,random,4096,16,1.000000000000,16.000000000000,65536,20956,0.319763183594,44580,2722,0.311693306129,0.632120558829,0.008069877465
budget-b16-t32,16,65536,3,des,2048,32,1.000000000000,32.000000000000,65536,14883,0.227096557617,50653,1402,0.229509256274,0.632120558829,-0.002412698657
budget-b16-t32,16,65536,3,random,2048,32,1.000000000000,32.000000000000,65536,15357,0.234329223633,50179,1328,0.229509256274,0.632120558829,0.004819967359
stress-b16-current,16,65536,3,des,1024,64,1.000000000000,64.000000000000,65536,11002,0.167877197266,54534,688,0.166514303028,0.632120558829,0.001362894237
stress-b16-current,16,65536,3,random,1024,64,1.000000000000,64.000000000000,65536,11237,0.171463012695,54299,699,0.166514303028,0.632120558829,0.004948709667
budget-b16-t128,16,65536,3,des,512,128,1.000000000000,128.000000000000,65536,7958,0.121429443359,57578,340,0.119846812240,0.632120558829,0.001582631120
budget-b16-t128,16,65536,3,random,512,128,1.000000000000,128.000000000000,65536,7803,0.119064331055,57733,331,0.119846812240,0.632120558829,-0.000782481185
stop-b16-a,16,65536,4,des,256,16,0.062500000000,1.000000000000,4096,3446,0.052581787109,650,244,0.053028480822,0.060586937187,-0.000446693713
stop-b16-a,16,65536,4,random,256,16,0.062500000000,1.000000000000,4096,3503,0.053451538086,593,251,0.053028480822,0.060586937187,0.000423057263
stop-b16-b,16,65536,4,des,64,32,0.031250000000,1.000000000000,2048,1817,0.027725219727,231,63,0.026712618228,0.030766765524,0.001012601498
stop-b16-b,16,65536,4,random,64,32,0.031250000000,1.000000000000,2048,1755,0.026779174805,293,64,0.026712618228,0.030766765524,0.000066556577
stop-b16-c,16,65536,4,des,16,64,0.015625000000,1.000000000000,1024,787,0.012008666992,237,16,0.013405351497,0.015503562995,-0.001396684504
stop-b16-c,16,65536,4,random,16,64,0.015625000000,1.000000000000,1024,822,0.012542724609,202,15,0.013405351497,0.015503562995,-0.000862626887
budget-b16-t16,16,65536,4,des,4096,16,1.000000000000,16.000000000000,65536,20919,0.319198608398,44617,2767,0.311693306129,0.632120558829,0.007505302269
budget-b16-t16,16,65536,4,random,4096,16,1.000000000000,16.000000000000,65536,21068,0.321472167969,44468,2722,0.311693306129,0.632120558829,0.009778861840
budget-b16-t32,16,65536,4,des,2048,32,1.000000000000,32.000000000000,65536,15145,0.231094360352,50391,1423,0.229509256274,0.632120558829,0.001585104078
budget-b16-t32,16,65536,4,random,2048,32,1.000000000000,32.000000000000,65536,15177,0.231582641602,50359,1347,0.229509256274,0.632120558829,0.002073385328
stress-b16-current,16,65536,4,des,1024,64,1.000000000000,64.000000000000,65536,10954,0.167144775391,54582,674,0.166514303028,0.632120558829,0.000630472362
stress-b16-current,16,65536,4,random,1024,64,1.000000000000,64.000000000000,65536,11032,0.168334960938,54504,675,0.166514303028,0.632120558829,0.001820657909
budget-b16-t128,16,65536,4,des,512,128,1.000000000000,128.000000000000,65536,7896,0.120483398438,57640,334,0.119846812240,0.632120558829,0.000636586198
budget-b16-t128,16,65536,4,random,512,128,1.000000000000,128.000000000000,65536,7844,0.119689941406,57692,339,0.119846812240,0.632120558829,-0.000156870834
stop-b16-a,16,65536,5,des,256,16,0.062500000000,1.000000000000,4096,3390,0.051727294922,706,247,0.053028480822,0.060586937187,-0.001301185901
stop-b16-a,16,65536,5,random,256,16,0.062500000000,1.000000000000,4096,3440,0.052490234375,656,249,0.053028480822,0.060586937187,-0.000538246447
stop-b16-b,16,65536,5,des,64,32,0.031250000000,1.000000000000,2048,1759,0.026840209961,289,63,0.026712618228,0.030766765524,0.000127591733
stop-b16-b,16,65536,5,random,64,32,0.031250000000,1.000000000000,2048,1796,0.027404785156,252,63,0.026712618228,0.030766765524,0.000692166928
stop-b16-c,16,65536,5,des,16,64,0.015625000000,1.000000000000,1024,849,0.012954711914,175,16,0.013405351497,0.015503562995,-0.000450639583
stop-b16-c,16,65536,5,random,16,64,0.015625000000,1.000000000000,1024,830,0.012664794922,194,16,0.013405351497,0.015503562995,-0.000740556575
budget-b16-t16,16,65536,5,des,4096,16,1.000000000000,16.000000000000,65536,20841,0.318008422852,44695,2763,0.311693306129,0.632120558829,0.006315116723
budget-b16-t16,16,65536,5,random,4096,16,1.000000000000,16.000000000000,65536,20892,0.318786621094,44644,2744,0.311693306129,0.632120558829,0.007093314965
budget-b16-t32,16,65536,5,des,2048,32,1.000000000000,32.000000000000,65536,15524,0.236877441406,50012,1402,0.229509256274,0.632120558829,0.007368185132
budget-b16-t32,16,65536,5,random,2048,32,1.000000000000,32.000000000000,65536,15259,0.232833862305,50277,1337,0.229509256274,0.632120558829,0.003324606031
stress-b16-current,16,65536,5,des,1024,64,1.000000000000,64.000000000000,65536,11245,0.171585083008,54291,693,0.166514303028,0.632120558829,0.005070779980
stress-b16-current,16,65536,5,random,1024,64,1.000000000000,64.000000000000,65536,10931,0.166793823242,54605,666,0.166514303028,0.632120558829,0.000279520214
budget-b16-t128,16,65536,5,des,512,128,1.000000000000,128.000000000000,65536,8074,0.123199462891,57462,340,0.119846812240,0.632120558829,0.003352650651
budget-b16-t128,16,65536,5,random,512,128,1.000000000000,128.000000000000,65536,7855,0.119857788086,57681,320,0.119846812240,0.632120558829,0.000010975846
stop-b16-a,16,65536,6,des,256,16,0.062500000000,1.000000000000,4096,3470,0.052947998047,626,243,0.053028480822,0.060586937187,-0.000080482776
stop-b16-a,16,65536,6,random,256,16,0.062500000000,1.000000000000,4096,3576,0.054565429688,520,248,0.053028480822,0.060586937187,0.001536948865
stop-b16-b,16,65536,6,des,64,32,0.031250000000,1.000000000000,2048,1702,0.025970458984,346,63,0.026712618228,0.030766765524,-0.000742159244
stop-b16-b,16,65536,6,random,64,32,0.031250000000,1.000000000000,2048,1782,0.027191162109,266,64,0.026712618228,0.030766765524,0.000478543881
stop-b16-c,16,65536,6,des,16,64,0.015625000000,1.000000000000,1024,730,0.011138916016,294,16,0.013405351497,0.015503562995,-0.002266435481
stop-b16-c,16,65536,6,random,16,64,0.015625000000,1.000000000000,1024,927,0.014144897461,97,16,0.013405351497,0.015503562995,0.000739545964
budget-b16-t16,16,65536,6,des,4096,16,1.000000000000,16.000000000000,65536,20997,0.320388793945,44539,2777,0.311693306129,0.632120558829,0.008695487816
budget-b16-t16,16,65536,6,random,4096,16,1.000000000000,16.000000000000,65536,20736,0.316406250000,44800,2678,0.311693306129,0.632120558829,0.004712943871
budget-b16-t32,16,65536,6,des,2048,32,1.000000000000,32.000000000000,65536,15381,0.234695434570,50155,1391,0.229509256274,0.632120558829,0.005186178296
budget-b16-t32,16,65536,6,random,2048,32,1.000000000000,32.000000000000,65536,15089,0.230239868164,50447,1330,0.229509256274,0.632120558829,0.000730611890
stress-b16-current,16,65536,6,des,1024,64,1.000000000000,64.000000000000,65536,10871,0.165878295898,54665,716,0.166514303028,0.632120558829,-0.000636007130
stress-b16-current,16,65536,6,random,1024,64,1.000000000000,64.000000000000,65536,11252,0.171691894531,54284,680,0.166514303028,0.632120558829,0.005177591503
budget-b16-t128,16,65536,6,des,512,128,1.000000000000,128.000000000000,65536,7996,0.122009277344,57540,337,0.119846812240,0.632120558829,0.002162465104
budget-b16-t128,16,65536,6,random,512,128,1.000000000000,128.000000000000,65536,7721,0.117813110352,57815,350,0.119846812240,0.632120558829,-0.002033701888
stop-b16-a,16,65536,7,des,256,16,0.062500000000,1.000000000000,4096,3450,0.052642822266,646,248,0.053028480822,0.060586937187,-0.000385658557
stop-b16-a,16,65536,7,random,256,16,0.062500000000,1.000000000000,4096,3388,0.051696777344,708,251,0.053028480822,0.060586937187,-0.001331703479
stop-b16-b,16,65536,7,des,64,32,0.031250000000,1.000000000000,2048,1674,0.025543212891,374,64,0.026712618228,0.030766765524,-0.001169405338
stop-b16-b,16,65536,7,random,64,32,0.031250000000,1.000000000000,2048,1772,0.027038574219,276,62,0.026712618228,0.030766765524,0.000325955991
stop-b16-c,16,65536,7,des,16,64,0.015625000000,1.000000000000,1024,809,0.012344360352,215,15,0.013405351497,0.015503562995,-0.001060991145
stop-b16-c,16,65536,7,random,16,64,0.015625000000,1.000000000000,1024,840,0.012817382812,184,16,0.013405351497,0.015503562995,-0.000587968684
budget-b16-t16,16,65536,7,des,4096,16,1.000000000000,16.000000000000,65536,20685,0.315628051758,44851,2791,0.311693306129,0.632120558829,0.003934745629
budget-b16-t16,16,65536,7,random,4096,16,1.000000000000,16.000000000000,65536,20561,0.313735961914,44975,2719,0.311693306129,0.632120558829,0.002042655785
budget-b16-t32,16,65536,7,des,2048,32,1.000000000000,32.000000000000,65536,15161,0.231338500977,50375,1409,0.229509256274,0.632120558829,0.001829244703
budget-b16-t32,16,65536,7,random,2048,32,1.000000000000,32.000000000000,65536,15301,0.233474731445,50235,1390,0.229509256274,0.632120558829,0.003965475171
stress-b16-current,16,65536,7,des,1024,64,1.000000000000,64.000000000000,65536,11010,0.167999267578,54526,693,0.166514303028,0.632120558829,0.001484964550
stress-b16-current,16,65536,7,random,1024,64,1.000000000000,64.000000000000,65536,11017,0.168106079102,54519,684,0.166514303028,0.632120558829,0.001591776073
budget-b16-t128,16,65536,7,des,512,128,1.000000000000,128.000000000000,65536,8170,0.124664306641,57366,339,0.119846812240,0.632120558829,0.004817494401
budget-b16-t128,16,65536,7,random,512,128,1.000000000000,128.000000000000,65536,7881,0.120254516602,57655,318,0.119846812240,0.632120558829,0.000407704362
stop-b16-a,16,65536,8,des,256,16,0.062500000000,1.000000000000,4096,3572,0.054504394531,524,249,0.053028480822,0.060586937187,0.001475913709
stop-b16-a,16,65536,8,random,256,16,0.062500000000,1.000000000000,4096,3404,0.051940917969,692,244,0.053028480822,0.060586937187,-0.001087562854
stop-b16-b,16,65536,8,des,64,32,0.031250000000,1.000000000000,2048,1658,0.025299072266,390,63,0.026712618228,0.030766765524,-0.001413545963
stop-b16-b,16,65536,8,random,64,32,0.031250000000,1.000000000000,2048,1845,0.028152465820,203,64,0.026712618228,0.030766765524,0.001439847592
stop-b16-c,16,65536,8,des,16,64,0.015625000000,1.000000000000,1024,932,0.014221191406,92,16,0.013405351497,0.015503562995,0.000815839910
stop-b16-c,16,65536,8,random,16,64,0.015625000000,1.000000000000,1024,935,0.014266967773,89,16,0.013405351497,0.015503562995,0.000861616277
budget-b16-t16,16,65536,8,des,4096,16,1.000000000000,16.000000000000,65536,20826,0.317779541016,44710,2776,0.311693306129,0.632120558829,0.006086234887
budget-b16-t16,16,65536,8,random,4096,16,1.000000000000,16.000000000000,65536,21050,0.321197509766,44486,2790,0.311693306129,0.632120558829,0.009504203637
budget-b16-t32,16,65536,8,des,2048,32,1.000000000000,32.000000000000,65536,15073,0.229995727539,50463,1401,0.229509256274,0.632120558829,0.000486471265
budget-b16-t32,16,65536,8,random,2048,32,1.000000000000,32.000000000000,65536,15471,0.236068725586,50065,1464,0.229509256274,0.632120558829,0.006559469312
stress-b16-current,16,65536,8,des,1024,64,1.000000000000,64.000000000000,65536,10922,0.166656494141,54614,680,0.166514303028,0.632120558829,0.000142191112
stress-b16-current,16,65536,8,random,1024,64,1.000000000000,64.000000000000,65536,11479,0.175155639648,54057,731,0.166514303028,0.632120558829,0.008641336620
budget-b16-t128,16,65536,8,des,512,128,1.000000000000,128.000000000000,65536,7983,0.121810913086,57553,350,0.119846812240,0.632120558829,0.001964100846
budget-b16-t128,16,65536,8,random,512,128,1.000000000000,128.000000000000,65536,8051,0.122848510742,57485,364,0.119846812240,0.632120558829,0.003001698502
stop-b16-a,16,65536,9,des,256,16,0.062500000000,1.000000000000,4096,3516,0.053649902344,580,246,0.053028480822,0.060586937187,0.000621421521
stop-b16-a,16,65536,9,random,256,16,0.062500000000,1.000000000000,4096,3437,0.052444458008,659,244,0.053028480822,0.060586937187,-0.000584022815
stop-b16-b,16,65536,9,des,64,32,0.031250000000,1.000000000000,2048,1759,0.026840209961,289,61,0.026712618228,0.030766765524,0.000127591733
stop-b16-b,16,65536,9,random,64,32,0.031250000000,1.000000000000,2048,1619,0.024703979492,429,62,0.026712618228,0.030766765524,-0.002008638736
stop-b16-c,16,65536,9,des,16,64,0.015625000000,1.000000000000,1024,903,0.013778686523,121,16,0.013405351497,0.015503562995,0.000373335027
stop-b16-c,16,65536,9,random,16,64,0.015625000000,1.000000000000,1024,898,0.013702392578,126,16,0.013405351497,0.015503562995,0.000297041081
budget-b16-t16,16,65536,9,des,4096,16,1.000000000000,16.000000000000,65536,20792,0.317260742188,44744,2744,0.311693306129,0.632120558829,0.005567436058
budget-b16-t16,16,65536,9,random,4096,16,1.000000000000,16.000000000000,65536,20914,0.319122314453,44622,2799,0.311693306129,0.632120558829,0.007429008324
budget-b16-t32,16,65536,9,des,2048,32,1.000000000000,32.000000000000,65536,15324,0.233825683594,50212,1420,0.229509256274,0.632120558829,0.004316427320
budget-b16-t32,16,65536,9,random,2048,32,1.000000000000,32.000000000000,65536,15527,0.236923217773,50009,1412,0.229509256274,0.632120558829,0.007413961499
stress-b16-current,16,65536,9,des,1024,64,1.000000000000,64.000000000000,65536,10916,0.166564941406,54620,677,0.166514303028,0.632120558829,0.000050638378
stress-b16-current,16,65536,9,random,1024,64,1.000000000000,64.000000000000,65536,11241,0.171524047852,54295,711,0.166514303028,0.632120558829,0.005009744823
budget-b16-t128,16,65536,9,des,512,128,1.000000000000,128.000000000000,65536,7881,0.120254516602,57655,346,0.119846812240,0.632120558829,0.000407704362
budget-b16-t128,16,65536,9,random,512,128,1.000000000000,128.000000000000,65536,8031,0.122543334961,57505,360,0.119846812240,0.632120558829,0.002696522721
stop-b16-a,16,65536,10,des,256,16,0.062500000000,1.000000000000,4096,3438,0.052459716797,658,249,0.053028480822,0.060586937187,-0.000568764026
stop-b16-a,16,65536,10,random,256,16,0.062500000000,1.000000000000,4096,3475,0.053024291992,621,249,0.053028480822,0.060586937187,-0.000004188830
stop-b16-b,16,65536,10,des,64,32,0.031250000000,1.000000000000,2048,1762,0.026885986328,286,64,0.026712618228,0.030766765524,0.000173368100
stop-b16-b,16,65536,10,random,64,32,0.031250000000,1.000000000000,2048,1700,0.025939941406,348,63,0.026712618228,0.030766765524,-0.000772676822
stop-b16-c,16,65536,10,des,16,64,0.015625000000,1.000000000000,1024,968,0.014770507812,56,16,0.013405351497,0.015503562995,0.001365156316
stop-b16-c,16,65536,10,random,16,64,0.015625000000,1.000000000000,1024,861,0.013137817383,163,16,0.013405351497,0.015503562995,-0.000267534114
budget-b16-t16,16,65536,10,des,4096,16,1.000000000000,16.000000000000,65536,20871,0.318466186523,44665,2797,0.311693306129,0.632120558829,0.006772880394
budget-b16-t16,16,65536,10,random,4096,16,1.000000000000,16.000000000000,65536,20544,0.313476562500,44992,2722,0.311693306129,0.632120558829,0.001783256371
budget-b16-t32,16,65536,10,des,2048,32,1.000000000000,32.000000000000,65536,15370,0.234527587891,50166,1429,0.229509256274,0.632120558829,0.005018331617
budget-b16-t32,16,65536,10,random,2048,32,1.000000000000,32.000000000000,65536,14917,0.227615356445,50619,1360,0.229509256274,0.632120558829,-0.001893899829
stress-b16-current,16,65536,10,des,1024,64,1.000000000000,64.000000000000,65536,11112,0.169555664062,54424,702,0.166514303028,0.632120558829,0.003041361034
stress-b16-current,16,65536,10,random,1024,64,1.000000000000,64.000000000000,65536,10947,0.167037963867,54589,688,0.166514303028,0.632120558829,0.000523660839
budget-b16-t128,16,65536,10,des,512,128,1.000000000000,128.000000000000,65536,7966,0.121551513672,57570,337,0.119846812240,0.632120558829,0.001704701432
budget-b16-t128,16,65536,10,random,512,128,1.000000000000,128.000000000000,65536,7629,0.116409301758,57907,362,0.119846812240,0.632120558829,-0.003437510482
stop-b16-a,16,65536,11,des,256,16,0.062500000000,1.000000000000,4096,3411,0.052047729492,685,247,0.053028480822,0.060586937187,-0.000980751330
stop-b16-a,16,65536,11,random,256,16,0.062500000000,1.000000000000,4096,3528,0.053833007812,568,248,0.053028480822,0.060586937187,0.000804526990
stop-b16-b,16,65536,11,des,64,32,0.031250000000,1.000000000000,2048,1734,0.026458740234,314,62,0.026712618228,0.030766765524,-0.000253877994
stop-b16-b,16,65536,11,random,64,32,0.031250000000,1.000000000000,2048,1625,0.024795532227,423,63,0.026712618228,0.030766765524,-0.001917086002
stop-b16-c,16,65536,11,des,16,64,0.015625000000,1.000000000000,1024,850,0.012969970703,174,16,0.013405351497,0.015503562995,-0.000435380794
stop-b16-c,16,65536,11,random,16,64,0.015625000000,1.000000000000,1024,958,0.014617919922,66,16,0.013405351497,0.015503562995,0.001212568425
budget-b16-t16,16,65536,11,des,4096,16,1.000000000000,16.000000000000,65536,20872,0.318481445312,44664,2778,0.311693306129,0.632120558829,0.006788139183
budget-b16-t16,16,65536,11,random,4096,16,1.000000000000,16.000000000000,65536,20885,0.318679809570,44651,2760,0.311693306129,0.632120558829,0.006986503441
budget-b16-t32,16,65536,11,des,2048,32,1.000000000000,32.000000000000,65536,15124,0.230773925781,50412,1415,0.229509256274,0.632120558829,0.001264669507
budget-b16-t32,16,65536,11,random,2048,32,1.000000000000,32.000000000000,65536,15093,0.230300903320,50443,1374,0.229509256274,0.632120558829,0.000791647046
stress-b16-current,16,65536,11,des,1024,64,1.000000000000,64.000000000000,65536,11220,0.171203613281,54316,673,0.166514303028,0.632120558829,0.004689310253
stress-b16-current,16,65536,11,random,1024,64,1.000000000000,64.000000000000,65536,11414,0.174163818359,54122,705,0.166514303028,0.632120558829,0.007649515331
budget-b16-t128,16,65536,11,des,512,128,1.000000000000,128.000000000000,65536,7805,0.119094848633,57731,325,0.119846812240,0.632120558829,-0.000751963607
budget-b16-t128,16,65536,11,random,512,128,1.000000000000,128.000000000000,65536,7729,0.117935180664,57807,370,0.119846812240,0.632120558829,-0.001911631576
stop-b16-a,16,65536,12,des,256,16,0.062500000000,1.000000000000,4096,3504,0.053466796875,592,246,0.053028480822,0.060586937187,0.000438316053
stop-b16-a,16,65536,12,random,256,16,0.062500000000,1.000000000000,4096,3378,0.051544189453,718,246,0.053028480822,0.060586937187,-0.001484291369
stop-b16-b,16,65536,12,des,64,32,0.031250000000,1.000000000000,2048,1836,0.028015136719,212,64,0.026712618228,0.030766765524,0.001302518491
stop-b16-b,16,65536,12,random,64,32,0.031250000000,1.000000000000,2048,1729,0.026382446289,319,64,0.026712618228,0.030766765524,-0.000330171939
stop-b16-c,16,65536,12,des,16,64,0.015625000000,1.000000000000,1024,775,0.011825561523,249,16,0.013405351497,0.015503562995,-0.001579789973
stop-b16-c,16,65536,12,random,16,64,0.015625000000,1.000000000000,1024,931,0.014205932617,93,16,0.013405351497,0.015503562995,0.000800581121
budget-b16-t16,16,65536,12,des,4096,16,1.000000000000,16.000000000000,65536,20883,0.318649291992,44653,2773,0.311693306129,0.632120558829,0.006955985863
budget-b16-t16,16,65536,12,random,4096,16,1.000000000000,16.000000000000,65536,20790,0.317230224609,44746,2723,0.311693306129,0.632120558829,0.005536918480
budget-b16-t32,16,65536,12,des,2048,32,1.000000000000,32.000000000000,65536,15306,0.233551025391,50230,1414,0.229509256274,0.632120558829,0.004041769117
budget-b16-t32,16,65536,12,random,2048,32,1.000000000000,32.000000000000,65536,15017,0.229141235352,50519,1371,0.229509256274,0.632120558829,-0.000368020922
stress-b16-current,16,65536,12,des,1024,64,1.000000000000,64.000000000000,65536,11059,0.168746948242,54477,693,0.166514303028,0.632120558829,0.002232645214
stress-b16-current,16,65536,12,random,1024,64,1.000000000000,64.000000000000,65536,10904,0.166381835938,54632,663,0.166514303028,0.632120558829,-0.000132467091
budget-b16-t128,16,65536,12,des,512,128,1.000000000000,128.000000000000,65536,7796,0.118957519531,57740,342,0.119846812240,0.632120558829,-0.000889292709
budget-b16-t128,16,65536,12,random,512,128,1.000000000000,128.000000000000,65536,7858,0.119903564453,57678,326,0.119846812240,0.632120558829,0.000056752213
stop-b16-a,16,65536,13,des,256,16,0.062500000000,1.000000000000,4096,3503,0.053451538086,593,246,0.053028480822,0.060586937187,0.000423057263
stop-b16-a,16,65536,13,random,256,16,0.062500000000,1.000000000000,4096,3405,0.051956176758,691,247,0.053028480822,0.060586937187,-0.001072304065
stop-b16-b,16,65536,13,des,64,32,0.031250000000,1.000000000000,2048,1781,0.027175903320,267,63,0.026712618228,0.030766765524,0.000463285092
stop-b16-b,16,65536,13,random,64,32,0.031250000000,1.000000000000,2048,1818,0.027740478516,230,64,0.026712618228,0.030766765524,0.001027860287
stop-b16-c,16,65536,13,des,16,64,0.015625000000,1.000000000000,1024,976,0.014892578125,48,16,0.013405351497,0.015503562995,0.001487226628
stop-b16-c,16,65536,13,random,16,64,0.015625000000,1.000000000000,1024,836,0.012756347656,188,16,0.013405351497,0.015503562995,-0.000649003840
budget-b16-t16,16,65536,13,des,4096,16,1.000000000000,16.000000000000,65536,20858,0.318267822266,44678,2776,0.311693306129,0.632120558829,0.006574516137
budget-b16-t16,16,65536,13,random,4096,16,1.000000000000,16.000000000000,65536,20961,0.319839477539,44575,2715,0.311693306129,0.632120558829,0.008146171410
budget-b16-t32,16,65536,13,des,2048,32,1.000000000000,32.000000000000,65536,15128,0.230834960938,50408,1384,0.229509256274,0.632120558829,0.001325704663
budget-b16-t32,16,65536,13,random,2048,32,1.000000000000,32.000000000000,65536,15064,0.229858398438,50472,1406,0.229509256274,0.632120558829,0.000349142163
stress-b16-current,16,65536,13,des,1024,64,1.000000000000,64.000000000000,65536,10957,0.167190551758,54579,682,0.166514303028,0.632120558829,0.000676248730
stress-b16-current,16,65536,13,random,1024,64,1.000000000000,64.000000000000,65536,10750,0.164031982422,54786,720,0.166514303028,0.632120558829,-0.002482320606
budget-b16-t128,16,65536,13,des,512,128,1.000000000000,128.000000000000,65536,8090,0.123443603516,57446,340,0.119846812240,0.632120558829,0.003596791276
budget-b16-t128,16,65536,13,random,512,128,1.000000000000,128.000000000000,65536,7733,0.117996215820,57803,377,0.119846812240,0.632120558829,-0.001850596419
stop-b16-a,16,65536,14,des,256,16,0.062500000000,1.000000000000,4096,3493,0.053298950195,603,246,0.053028480822,0.060586937187,0.000270469373
stop-b16-a,16,65536,14,random,256,16,0.062500000000,1.000000000000,4096,3424,0.052246093750,672,246,0.053028480822,0.060586937187,-0.000782387072
stop-b16-b,16,65536,14,des,64,32,0.031250000000,1.000000000000,2048,1717,0.026199340820,331,62,0.026712618228,0.030766765524,-0.000513277408
stop-b16-b,16,65536,14,random,64,32,0.031250000000,1.000000000000,2048,1743,0.026596069336,305,64,0.026712618228,0.030766765524,-0.000116548892
stop-b16-c,16,65536,14,des,16,64,0.015625000000,1.000000000000,1024,871,0.013290405273,153,16,0.013405351497,0.015503562995,-0.000114946223
stop-b16-c,16,65536,14,random,16,64,0.015625000000,1.000000000000,1024,961,0.014663696289,63,16,0.013405351497,0.015503562995,0.001258344792
budget-b16-t16,16,65536,14,des,4096,16,1.000000000000,16.000000000000,65536,20597,0.314285278320,44939,2754,0.311693306129,0.632120558829,0.002591972191
budget-b16-t16,16,65536,14,random,4096,16,1.000000000000,16.000000000000,65536,20492,0.312683105469,45044,2729,0.311693306129,0.632120558829,0.000989799340
budget-b16-t32,16,65536,14,des,2048,32,1.000000000000,32.000000000000,65536,15329,0.233901977539,50207,1414,0.229509256274,0.632120558829,0.004392721265
budget-b16-t32,16,65536,14,random,2048,32,1.000000000000,32.000000000000,65536,15327,0.233871459961,50209,1375,0.229509256274,0.632120558829,0.004362203687
stress-b16-current,16,65536,14,des,1024,64,1.000000000000,64.000000000000,65536,10724,0.163635253906,54812,661,0.166514303028,0.632120558829,-0.002879049122
stress-b16-current,16,65536,14,random,1024,64,1.000000000000,64.000000000000,65536,11147,0.170089721680,54389,690,0.166514303028,0.632120558829,0.003575418651
budget-b16-t128,16,65536,14,des,512,128,1.000000000000,128.000000000000,65536,7991,0.121932983398,57545,345,0.119846812240,0.632120558829,0.002086171159
budget-b16-t128,16,65536,14,random,512,128,1.000000000000,128.000000000000,65536,7905,0.120620727539,57631,340,0.119846812240,0.632120558829,0.000773915299
stop-b16-a,16,65536,15,des,256,16,0.062500000000,1.000000000000,4096,3505,0.053482055664,591,251,0.053028480822,0.060586937187,0.000453574842
stop-b16-a,16,65536,15,random,256,16,0.062500000000,1.000000000000,4096,3474,0.053009033203,622,250,0.053028480822,0.060586937187,-0.000019447619
stop-b16-b,16,65536,15,des,64,32,0.031250000000,1.000000000000,2048,1740,0.026550292969,308,63,0.026712618228,0.030766765524,-0.000162325259
stop-b16-b,16,65536,15,random,64,32,0.031250000000,1.000000000000,2048,1797,0.027420043945,251,62,0.026712618228,0.030766765524,0.000707425717
stop-b16-c,16,65536,15,des,16,64,0.015625000000,1.000000000000,1024,825,0.012588500977,199,16,0.013405351497,0.015503562995,-0.000816850520
stop-b16-c,16,65536,15,random,16,64,0.015625000000,1.000000000000,1024,866,0.013214111328,158,16,0.013405351497,0.015503562995,-0.000191240169
budget-b16-t16,16,65536,15,des,4096,16,1.000000000000,16.000000000000,65536,20755,0.316696166992,44781,2758,0.311693306129,0.632120558829,0.005002860863
budget-b16-t16,16,65536,15,random,4096,16,1.000000000000,16.000000000000,65536,20491,0.312667846680,45045,2639,0.311693306129,0.632120558829,0.000974540551
budget-b16-t32,16,65536,15,des,2048,32,1.000000000000,32.000000000000,65536,14989,0.228713989258,50547,1425,0.229509256274,0.632120558829,-0.000795267016
budget-b16-t32,16,65536,15,random,2048,32,1.000000000000,32.000000000000,65536,14920,0.227661132812,50616,1320,0.229509256274,0.632120558829,-0.001848123462
stress-b16-current,16,65536,15,des,1024,64,1.000000000000,64.000000000000,65536,10754,0.164093017578,54782,691,0.166514303028,0.632120558829,-0.002421285450
stress-b16-current,16,65536,15,random,1024,64,1.000000000000,64.000000000000,65536,10659,0.162643432617,54877,632,0.166514303028,0.632120558829,-0.003870870411
budget-b16-t128,16,65536,15,des,512,128,1.000000000000,128.000000000000,65536,7878,0.120208740234,57658,332,0.119846812240,0.632120558829,0.000361927995
budget-b16-t128,16,65536,15,random,512,128,1.000000000000,128.000000000000,65536,7525,0.114822387695,58011,332,0.119846812240,0.632120558829,-0.005024424544
stop-b16-a,16,65536,16,des,256,16,0.062500000000,1.000000000000,4096,3495,0.053329467773,601,247,0.053028480822,0.060586937187,0.000300986951
stop-b16-a,16,65536,16,random,256,16,0.062500000000,1.000000000000,4096,3485,0.053176879883,611,249,0.053028480822,0.060586937187,0.000148399060
stop-b16-b,16,65536,16,des,64,32,0.031250000000,1.000000000000,2048,1811,0.027633666992,237,62,0.026712618228,0.030766765524,0.000921048764
stop-b16-b,16,65536,16,random,64,32,0.031250000000,1.000000000000,2048,1799,0.027450561523,249,62,0.026712618228,0.030766765524,0.000737943295
stop-b16-c,16,65536,16,des,16,64,0.015625000000,1.000000000000,1024,724,0.011047363281,300,16,0.013405351497,0.015503562995,-0.002357988215
stop-b16-c,16,65536,16,random,16,64,0.015625000000,1.000000000000,1024,871,0.013290405273,153,16,0.013405351497,0.015503562995,-0.000114946223
budget-b16-t16,16,65536,16,des,4096,16,1.000000000000,16.000000000000,65536,21062,0.321380615234,44474,2716,0.311693306129,0.632120558829,0.009687309105
budget-b16-t16,16,65536,16,random,4096,16,1.000000000000,16.000000000000,65536,20914,0.319122314453,44622,2795,0.311693306129,0.632120558829,0.007429008324
budget-b16-t32,16,65536,16,des,2048,32,1.000000000000,32.000000000000,65536,15193,0.231826782227,50343,1407,0.229509256274,0.632120558829,0.002317525953
budget-b16-t32,16,65536,16,random,2048,32,1.000000000000,32.000000000000,65536,15038,0.229461669922,50498,1398,0.229509256274,0.632120558829,-0.000047586352
stress-b16-current,16,65536,16,des,1024,64,1.000000000000,64.000000000000,65536,10854,0.165618896484,54682,683,0.166514303028,0.632120558829,-0.000895406544
stress-b16-current,16,65536,16,random,1024,64,1.000000000000,64.000000000000,65536,11117,0.169631958008,54419,712,0.166514303028,0.632120558829,0.003117654980
budget-b16-t128,16,65536,16,des,512,128,1.000000000000,128.000000000000,65536,7930,0.121002197266,57606,332,0.119846812240,0.632120558829,0.001155385026
budget-b16-t128,16,65536,16,random,512,128,1.000000000000,128.000000000000,65536,7866,0.120025634766,57670,378,0.119846812240,0.632120558829,0.000178822526
stop-b16-a,16,65536,17,des,256,16,0.062500000000,1.000000000000,4096,3505,0.053482055664,591,253,0.053028480822,0.060586937187,0.000453574842
stop-b16-a,16,65536,17,random,256,16,0.062500000000,1.000000000000,4096,3426,0.052276611328,670,252,0.053028480822,0.060586937187,-0.000751869494
stop-b16-b,16,65536,17,des,64,32,0.031250000000,1.000000000000,2048,1810,0.027618408203,238,64,0.026712618228,0.030766765524,0.000905789975
stop-b16-b,16,65536,17,random,64,32,0.031250000000,1.000000000000,2048,1684,0.025695800781,364,62,0.026712618228,0.030766765524,-0.001016817447
stop-b16-c,16,65536,17,des,16,64,0.015625000000,1.000000000000,1024,911,0.013900756836,113,16,0.013405351497,0.015503562995,0.000495405339
stop-b16-c,16,65536,17,random,16,64,0.015625000000,1.000000000000,1024,901,0.013748168945,123,16,0.013405351497,0.015503562995,0.000342817449
budget-b16-t16,16,65536,17,des,4096,16,1.000000000000,16.000000000000,65536,20970,0.319976806641,44566,2765,0.311693306129,0.632120558829,0.008283500512
budget-b16-t16,16,65536,17,random,4096,16,1.000000000000,16.000000000000,65536,20786,0.317169189453,44750,2743,0.311693306129,0.632120558829,0.005475883324
budget-b16-t32,16,65536,17,des,2048,32,1.000000000000,32.000000000000,65536,15316,0.233703613281,50220,1414,0.229509256274,0.632120558829,0.004194357007
budget-b16-t32,16,65536,17,random,2048,32,1.000000000000,32.000000000000,65536,15112,0.230590820312,50424,1302,0.229509256274,0.632120558829,0.001081564038
stress-b16-current,16,65536,17,des,1024,64,1.000000000000,64.000000000000,65536,11016,0.168090820312,54520,693,0.166514303028,0.632120558829,0.001576517284
stress-b16-current,16,65536,17,random,1024,64,1.000000000000,64.000000000000,65536,10746,0.163970947266,54790,651,0.166514303028,0.632120558829,-0.002543355763
budget-b16-t128,16,65536,17,des,512,128,1.000000000000,128.000000000000,65536,7709,0.117630004883,57827,320,0.119846812240,0.632120558829,-0.002216807357
budget-b16-t128,16,65536,17,random,512,128,1.000000000000,128.000000000000,65536,7874,0.120147705078,57662,343,0.119846812240,0.632120558829,0.000300892838
stop-b16-a,16,65536,18,des,256,16,0.062500000000,1.000000000000,4096,3485,0.053176879883,611,247,0.053028480822,0.060586937187,0.000148399060
stop-b16-a,16,65536,18,random,256,16,0.062500000000,1.000000000000,4096,3481,0.053115844727,615,247,0.053028480822,0.060586937187,0.000087363904
stop-b16-b,16,65536,18,des,64,32,0.031250000000,1.000000000000,2048,1761,0.026870727539,287,64,0.026712618228,0.030766765524,0.000158109311
stop-b16-b,16,65536,18,random,64,32,0.031250000000,1.000000000000,2048,1734,0.026458740234,314,61,0.026712618228,0.030766765524,-0.000253877994
stop-b16-c,16,65536,18,des,16,64,0.015625000000,1.000000000000,1024,949,0.014480590820,75,16,0.013405351497,0.015503562995,0.001075239324
stop-b16-c,16,65536,18,random,16,64,0.015625000000,1.000000000000,1024,832,0.012695312500,192,16,0.013405351497,0.015503562995,-0.000710038997
budget-b16-t16,16,65536,18,des,4096,16,1.000000000000,16.000000000000,65536,20698,0.315826416016,44838,2734,0.311693306129,0.632120558829,0.004133109887
budget-b16-t16,16,65536,18,random,4096,16,1.000000000000,16.000000000000,65536,20497,0.312759399414,45039,2706,0.311693306129,0.632120558829,0.001066093285
budget-b16-t32,16,65536,18,des,2048,32,1.000000000000,32.000000000000,65536,15361,0.234390258789,50175,1394,0.229509256274,0.632120558829,0.004881002515
budget-b16-t32,16,65536,18,random,2048,32,1.000000000000,32.000000000000,65536,15286,0.233245849609,50250,1384,0.229509256274,0.632120558829,0.003736593335
stress-b16-current,16,65536,18,des,1024,64,1.000000000000,64.000000000000,65536,11235,0.171432495117,54301,706,0.166514303028,0.632120558829,0.004918192089
stress-b16-current,16,65536,18,random,1024,64,1.000000000000,64.000000000000,65536,10845,0.165481567383,54691,690,0.166514303028,0.632120558829,-0.001032735645
budget-b16-t128,16,65536,18,des,512,128,1.000000000000,128.000000000000,65536,8139,0.124191284180,57397,346,0.119846812240,0.632120558829,0.004344471940
budget-b16-t128,16,65536,18,random,512,128,1.000000000000,128.000000000000,65536,7905,0.120620727539,57631,374,0.119846812240,0.632120558829,0.000773915299
stop-b16-a,16,65536,19,des,256,16,0.062500000000,1.000000000000,4096,3470,0.052947998047,626,246,0.053028480822,0.060586937187,-0.000080482776
stop-b16-a,16,65536,19,random,256,16,0.062500000000,1.000000000000,4096,3448,0.052612304688,648,250,0.053028480822,0.060586937187,-0.000416176135
stop-b16-b,16,65536,19,des,64,32,0.031250000000,1.000000000000,2048,1804,0.027526855469,244,61,0.026712618228,0.030766765524,0.000814237241
stop-b16-b,16,65536,19,random,64,32,0.031250000000,1.000000000000,2048,1736,0.026489257812,312,63,0.026712618228,0.030766765524,-0.000223360416
stop-b16-c,16,65536,19,des,16,64,0.015625000000,1.000000000000,1024,966,0.014739990234,58,16,0.013405351497,0.015503562995,0.001334638738
stop-b16-c,16,65536,19,random,16,64,0.015625000000,1.000000000000,1024,859,0.013107299805,165,16,0.013405351497,0.015503562995,-0.000298051692
budget-b16-t16,16,65536,19,des,4096,16,1.000000000000,16.000000000000,65536,20567,0.313827514648,44969,2740,0.311693306129,0.632120558829,0.002134208519
budget-b16-t16,16,65536,19,random,4096,16,1.000000000000,16.000000000000,65536,20577,0.313980102539,44959,2681,0.311693306129,0.632120558829,0.002286796410
budget-b16-t32,16,65536,19,des,2048,32,1.000000000000,32.000000000000,65536,14956,0.228210449219,50580,1405,0.229509256274,0.632120558829,-0.001298807055
budget-b16-t32,16,65536,19,random,2048,32,1.000000000000,32.000000000000,65536,15001,0.228897094727,50535,1319,0.229509256274,0.632120558829,-0.000612161547
stress-b16-current,16,65536,19,des,1024,64,1.000000000000,64.000000000000,65536,11133,0.169876098633,54403,703,0.166514303028,0.632120558829,0.003361795605
stress-b16-current,16,65536,19,random,1024,64,1.000000000000,64.000000000000,65536,10851,0.165573120117,54685,654,0.166514303028,0.632120558829,-0.000941182911
budget-b16-t128,16,65536,19,des,512,128,1.000000000000,128.000000000000,65536,7890,0.120391845703,57646,342,0.119846812240,0.632120558829,0.000545033463
budget-b16-t128,16,65536,19,random,512,128,1.000000000000,128.000000000000,65536,7609,0.116104125977,57927,329,0.119846812240,0.632120558829,-0.003742686263
stop-b16-a,16,65536,20,des,256,16,0.062500000000,1.000000000000,4096,3539,0.054000854492,557,249,0.053028480822,0.060586937187,0.000972373670
stop-b16-a,16,65536,20,random,256,16,0.062500000000,1.000000000000,4096,3494,0.053314208984,602,244,0.053028480822,0.060586937187,0.000285728162
stop-b16-b,16,65536,20,des,64,32,0.031250000000,1.000000000000,2048,1707,0.026046752930,341,64,0.026712618228,0.030766765524,-0.000665865298
stop-b16-b,16,65536,20,random,64,32,0.031250000000,1.000000000000,2048,1761,0.026870727539,287,64,0.026712618228,0.030766765524,0.000158109311
stop-b16-c,16,65536,20,des,16,64,0.015625000000,1.000000000000,1024,954,0.014556884766,70,16,0.013405351497,0.015503562995,0.001151533269
stop-b16-c,16,65536,20,random,16,64,0.015625000000,1.000000000000,1024,899,0.013717651367,125,16,0.013405351497,0.015503562995,0.000312299871
budget-b16-t16,16,65536,20,des,4096,16,1.000000000000,16.000000000000,65536,20847,0.318099975586,44689,2726,0.311693306129,0.632120558829,0.006406669457
budget-b16-t16,16,65536,20,random,4096,16,1.000000000000,16.000000000000,65536,20601,0.314346313477,44935,2751,0.311693306129,0.632120558829,0.002653007348
budget-b16-t32,16,65536,20,des,2048,32,1.000000000000,32.000000000000,65536,15189,0.231765747070,50347,1381,0.229509256274,0.632120558829,0.002256490796
budget-b16-t32,16,65536,20,random,2048,32,1.000000000000,32.000000000000,65536,15201,0.231948852539,50335,1355,0.229509256274,0.632120558829,0.002439596265
stress-b16-current,16,65536,20,des,1024,64,1.000000000000,64.000000000000,65536,11031,0.168319702148,54505,697,0.166514303028,0.632120558829,0.001805399120
stress-b16-current,16,65536,20,random,1024,64,1.000000000000,64.000000000000,65536,10934,0.166839599609,54602,680,0.166514303028,0.632120558829,0.000325296581
budget-b16-t128,16,65536,20,des,512,128,1.000000000000,128.000000000000,65536,7934,0.121063232422,57602,337,0.119846812240,0.632120558829,0.001216420182
budget-b16-t128,16,65536,20,random,512,128,1.000000000000,128.000000000000,65536,8056,0.122924804688,57480,347,0.119846812240,0.632120558829,0.003077992448
stop-b16-a,16,65536,21,des,256,16,0.062500000000,1.000000000000,4096,3405,0.051956176758,691,247,0.053028480822,0.060586937187,-0.001072304065
stop-b16-a,16,65536,21,random,256,16,0.062500000000,1.000000000000,4096,3438,0.052459716797,658,246,0.053028480822,0.060586937187,-0.000568764026
stop-b16-b,16,65536,21,des,64,32,0.031250000000,1.000000000000,2048,1834,0.027984619141,214,63,0.026712618228,0.030766765524,0.001272000912
stop-b16-b,16,65536,21,random,64,32,0.031250000000,1.000000000000,2048,1638,0.024993896484,410,62,0.026712618228,0.030766765524,-0.001718721744
stop-b16-c,16,65536,21,des,16,64,0.015625000000,1.000000000000,1024,945,0.014419555664,79,16,0.013405351497,0.015503562995,0.001014204167
stop-b16-c,16,65536,21,random,16,64,0.015625000000,1.000000000000,1024,868,0.013244628906,156,16,0.013405351497,0.015503562995,-0.000160722590
budget-b16-t16,16,65536,21,des,4096,16,1.000000000000,16.000000000000,65536,21077,0.321609497070,44459,2786,0.311693306129,0.632120558829,0.009916190941
budget-b16-t16,16,65536,21,random,4096,16,1.000000000000,16.000000000000,65536,20720,0.316162109375,44816,2708,0.311693306129,0.632120558829,0.004468803246
budget-b16-t32,16,65536,21,des,2048,32,1.000000000000,32.000000000000,65536,15202,0.231964111328,50334,1430,0.229509256274,0.632120558829,0.002454855054
budget-b16-t32,16,65536,21,random,2048,32,1.000000000000,32.000000000000,65536,14961,0.228286743164,50575,1337,0.229509256274,0.632120558829,-0.001222513110
stress-b16-current,16,65536,21,des,1024,64,1.000000000000,64.000000000000,65536,11179,0.170578002930,54357,692,0.166514303028,0.632120558829,0.004063699901
stress-b16-current,16,65536,21,random,1024,64,1.000000000000,64.000000000000,65536,11019,0.168136596680,54517,669,0.166514303028,0.632120558829,0.001622293651
budget-b16-t128,16,65536,21,des,512,128,1.000000000000,128.000000000000,65536,8000,0.122070312500,57536,340,0.119846812240,0.632120558829,0.002223500260
budget-b16-t128,16,65536,21,random,512,128,1.000000000000,128.000000000000,65536,7798,0.118988037109,57738,331,0.119846812240,0.632120558829,-0.000858775130
stop-b16-a,16,65536,22,des,256,16,0.062500000000,1.000000000000,4096,3555,0.054244995117,541,252,0.053028480822,0.060586937187,0.001216514295
stop-b16-a,16,65536,22,random,256,16,0.062500000000,1.000000000000,4096,3640,0.055541992188,456,253,0.053028480822,0.060586937187,0.002513511365
stop-b16-b,16,65536,22,des,64,32,0.031250000000,1.000000000000,2048,1774,0.027069091797,274,63,0.026712618228,0.030766765524,0.000356473569
stop-b16-b,16,65536,22,random,64,32,0.031250000000,1.000000000000,2048,1681,0.025650024414,367,63,0.026712618228,0.030766765524,-0.001062593814
stop-b16-c,16,65536,22,des,16,64,0.015625000000,1.000000000000,1024,943,0.014389038086,81,16,0.013405351497,0.015503562995,0.000983686589
stop-b16-c,16,65536,22,random,16,64,0.015625000000,1.000000000000,1024,924,0.014099121094,100,16,0.013405351497,0.015503562995,0.000693769597
budget-b16-t16,16,65536,22,des,4096,16,1.000000000000,16.000000000000,65536,21042,0.321075439453,44494,2796,0.311693306129,0.632120558829,0.009382133324
budget-b16-t16,16,65536,22,random,4096,16,1.000000000000,16.000000000000,65536,20736,0.316406250000,44800,2687,0.311693306129,0.632120558829,0.004712943871
budget-b16-t32,16,65536,22,des,2048,32,1.000000000000,32.000000000000,65536,15329,0.233901977539,50207,1414,0.229509256274,0.632120558829,0.004392721265
budget-b16-t32,16,65536,22,random,2048,32,1.000000000000,32.000000000000,65536,15053,0.229690551758,50483,1380,0.229509256274,0.632120558829,0.000181295484
stress-b16-current,16,65536,22,des,1024,64,1.000000000000,64.000000000000,65536,11223,0.171249389648,54313,703,0.166514303028,0.632120558829,0.004735086620
stress-b16-current,16,65536,22,random,1024,64,1.000000000000,64.000000000000,65536,11016,0.168090820312,54520,699,0.166514303028,0.632120558829,0.001576517284
budget-b16-t128,16,65536,22,des,512,128,1.000000000000,128.000000000000,65536,7970,0.121612548828,57566,342,0.119846812240,0.632120558829,0.001765736588
budget-b16-t128,16,65536,22,random,512,128,1.000000000000,128.000000000000,65536,7856,0.119873046875,57680,376,0.119846812240,0.632120558829,0.000026234635
stop-b16-a,16,65536,23,des,256,16,0.062500000000,1.000000000000,4096,3522,0.053741455078,574,252,0.053028480822,0.060586937187,0.000712974256
stop-b16-a,16,65536,23,random,256,16,0.062500000000,1.000000000000,4096,3424,0.052246093750,672,247,0.053028480822,0.060586937187,-0.000782387072
stop-b16-b,16,65536,23,des,64,32,0.031250000000,1.000000000000,2048,1805,0.027542114258,243,64,0.026712618228,0.030766765524,0.000829496030
stop-b16-b,16,65536,23,random,64,32,0.031250000000,1.000000000000,2048,1719,0.026229858398,329,63,0.026712618228,0.030766765524,-0.000482759830
stop-b16-c,16,65536,23,des,16,64,0.015625000000,1.000000000000,1024,922,0.014068603516,102,16,0.013405351497,0.015503562995,0.000663252019
stop-b16-c,16,65536,23,random,16,64,0.015625000000,1.000000000000,1024,898,0.013702392578,126,16,0.013405351497,0.015503562995,0.000297041081
budget-b16-t16,16,65536,23,des,4096,16,1.000000000000,16.000000000000,65536,21033,0.320938110352,44503,2752,0.311693306129,0.632120558829,0.009244804223
budget-b16-t16,16,65536,23,random,4096,16,1.000000000000,16.000000000000,65536,20598,0.314300537109,44938,2674,0.311693306129,0.632120558829,0.002607230980
budget-b16-t32,16,65536,23,des,2048,32,1.000000000000,32.000000000000,65536,15542,0.237152099609,49994,1406,0.229509256274,0.632120558829,0.007642843335
budget-b16-t32,16,65536,23,random,2048,32,1.000000000000,32.000000000000,65536,15406,0.235076904297,50130,1397,0.229509256274,0.632120558829,0.005567648023
stress-b16-current,16,65536,23,des,1024,64,1.000000000000,64.000000000000,65536,10914,0.166534423828,54622,698,0.166514303028,0.632120558829,0.000020120800
stress-b16-current,16,65536,23,random,1024,64,1.000000000000,64.000000000000,65536,11090,0.169219970703,54446,657,0.166514303028,0.632120558829,0.002705667675
budget-b16-t128,16,65536,23,des,512,128,1.000000000000,128.000000000000,65536,7916,0.120788574219,57620,329,0.119846812240,0.632120558829,0.000941761979
budget-b16-t128,16,65536,23,random,512,128,1.000000000000,128.000000000000,65536,7650,0.116729736328,57886,334,0.119846812240,0.632120558829,-0.003117075912
stop-b16-a,16,65536,24,des,256,16,0.062500000000,1.000000000000,4096,3448,0.052612304688,648,251,0.053028480822,0.060586937187,-0.000416176135
stop-b16-a,16,65536,24,random,256,16,0.062500000000,1.000000000000,4096,3415,0.052108764648,681,248,0.053028480822,0.060586937187,-0.000919716174
stop-b16-b,16,65536,24,des,64,32,0.031250000000,1.000000000000,2048,1740,0.026550292969,308,64,0.026712618228,0.030766765524,-0.000162325259
stop-b16-b,16,65536,24,random,64,32,0.031250000000,1.000000000000,2048,1708,0.026062011719,340,63,0.026712618228,0.030766765524,-0.000650606509
stop-b16-c,16,65536,24,des,16,64,0.015625000000,1.000000000000,1024,884,0.013488769531,140,16,0.013405351497,0.015503562995,0.000083418035
stop-b16-c,16,65536,24,random,16,64,0.015625000000,1.000000000000,1024,917,0.013992309570,107,16,0.013405351497,0.015503562995,0.000586958074
budget-b16-t16,16,65536,24,des,4096,16,1.000000000000,16.000000000000,65536,21175,0.323104858398,44361,2834,0.311693306129,0.632120558829,0.011411552269
budget-b16-t16,16,65536,24,random,4096,16,1.000000000000,16.000000000000,65536,20451,0.312057495117,45085,2638,0.311693306129,0.632120558829,0.000364188988
budget-b16-t32,16,65536,24,des,2048,32,1.000000000000,32.000000000000,65536,15202,0.231964111328,50334,1418,0.229509256274,0.632120558829,0.002454855054
budget-b16-t32,16,65536,24,random,2048,32,1.000000000000,32.000000000000,65536,14612,0.222961425781,50924,1281,0.229509256274,0.632120558829,-0.006547830493
stress-b16-current,16,65536,24,des,1024,64,1.000000000000,64.000000000000,65536,11250,0.171661376953,54286,697,0.166514303028,0.632120558829,0.005147073925
stress-b16-current,16,65536,24,random,1024,64,1.000000000000,64.000000000000,65536,10558,0.161102294922,54978,658,0.166514303028,0.632120558829,-0.005412008106
budget-b16-t128,16,65536,24,des,512,128,1.000000000000,128.000000000000,65536,8130,0.124053955078,57406,347,0.119846812240,0.632120558829,0.004207142838
budget-b16-t128,16,65536,24,random,512,128,1.000000000000,128.000000000000,65536,7578,0.115631103516,57958,355,0.119846812240,0.632120558829,-0.004215708724
stop-b16-a,16,65536,25,des,256,16,0.062500000000,1.000000000000,4096,3557,0.054275512695,539,246,0.053028480822,0.060586937187,0.001247031873
stop-b16-a,16,65536,25,random,256,16,0.062500000000,1.000000000000,4096,3450,0.052642822266,646,249,0.053028480822,0.060586937187,-0.000385658557
stop-b16-b,16,65536,25,des,64,32,0.031250000000,1.000000000000,2048,1706,0.026031494141,342,64,0.026712618228,0.030766765524,-0.000681124088
stop-b16-b,16,65536,25,random,64,32,0.031250000000,1.000000000000,2048,1706,0.026031494141,342,63,0.026712618228,0.030766765524,-0.000681124088
stop-b16-c,16,65536,25,des,16,64,0.015625000000,1.000000000000,1024,884,0.013488769531,140,16,0.013405351497,0.015503562995,0.000083418035
stop-b16-c,16,65536,25,random,16,64,0.015625000000,1.000000000000,1024,938,0.014312744141,86,16,0.013405351497,0.015503562995,0.000907392644
budget-b16-t16,16,65536,25,des,4096,16,1.000000000000,16.000000000000,65536,20693,0.315750122070,44843,2697,0.311693306129,0.632120558829,0.004056815941
budget-b16-t16,16,65536,25,random,4096,16,1.000000000000,16.000000000000,65536,20811,0.317550659180,44725,2721,0.311693306129,0.632120558829,0.005857353051
budget-b16-t32,16,65536,25,des,2048,32,1.000000000000,32.000000000000,65536,15109,0.230545043945,50427,1415,0.229509256274,0.632120558829,0.001035787671
budget-b16-t32,16,65536,25,random,2048,32,1.000000000000,32.000000000000,65536,15369,0.234512329102,50167,1331,0.229509256274,0.632120558829,0.005003072828
stress-b16-current,16,65536,25,des,1024,64,1.000000000000,64.000000000000,65536,11260,0.171813964844,54276,698,0.166514303028,0.632120558829,0.005299661816
stress-b16-current,16,65536,25,random,1024,64,1.000000000000,64.000000000000,65536,11032,0.168334960938,54504,654,0.166514303028,0.632120558829,0.001820657909
budget-b16-t128,16,65536,25,des,512,128,1.000000000000,128.000000000000,65536,7784,0.118774414062,57752,353,0.119846812240,0.632120558829,-0.001072398177
budget-b16-t128,16,65536,25,random,512,128,1.000000000000,128.000000000000,65536,7945,0.121231079102,57591,331,0.119846812240,0.632120558829,0.001384266862
stop-b16-a,16,65536,26,des,256,16,0.062500000000,1.000000000000,4096,3434,0.052398681641,662,249,0.053028480822,0.060586937187,-0.000629799182
stop-b16-a,16,65536,26,random,256,16,0.062500000000,1.000000000000,4096,3584,0.054687500000,512,249,0.053028480822,0.060586937187,0.001659019178
stop-b16-b,16,65536,26,des,64,32,0.031250000000,1.000000000000,2048,1760,0.026855468750,288,62,0.026712618228,0.030766765524,0.000142850522
stop-b16-b,16,65536,26,random,64,32,0.031250000000,1.000000000000,2048,1796,0.027404785156,252,64,0.026712618228,0.030766765524,0.000692166928
stop-b16-c,16,65536,26,des,16,64,0.015625000000,1.000000000000,1024,870,0.013275146484,154,16,0.013405351497,0.015503562995,-0.000130205012
stop-b16-c,16,65536,26,random,16,64,0.015625000000,1.000000000000,1024,995,0.015182495117,29,16,0.013405351497,0.015503562995,0.001777143621
budget-b16-t16,16,65536,26,des,4096,16,1.000000000000,16.000000000000,65536,20905,0.318984985352,44631,2748,0.311693306129,0.632120558829,0.007291679223
budget-b16-t16,16,65536,26,random,4096,16,1.000000000000,16.000000000000,65536,20863,0.318344116211,44673,2762,0.311693306129,0.632120558829,0.006650810082
budget-b16-t32,16,65536,26,des,2048,32,1.000000000000,32.000000000000,65536,15162,0.231353759766,50374,1408,0.229509256274,0.632120558829,0.001844503492
budget-b16-t32,16,65536,26,random,2048,32,1.000000000000,32.000000000000,65536,15393,0.234878540039,50143,1381,0.229509256274,0.632120558829,0.005369283765
stress-b16-current,16,65536,26,des,1024,64,1.000000000000,64.000000000000,65536,11248,0.171630859375,54288,700,0.166514303028,0.632120558829,0.005116556347
stress-b16-current,16,65536,26,random,1024,64,1.000000000000,64.000000000000,65536,10747,0.163986206055,54789,648,0.166514303028,0.632120558829,-0.002528096974
budget-b16-t128,16,65536,26,des,512,128,1.000000000000,128.000000000000,65536,8102,0.123626708984,57434,323,0.119846812240,0.632120558829,0.003779896745
budget-b16-t128,16,65536,26,random,512,128,1.000000000000,128.000000000000,65536,7972,0.121643066406,57564,274,0.119846812240,0.632120558829,0.001796254166
stop-b16-a,16,65536,27,des,256,16,0.062500000000,1.000000000000,4096,3484,0.053161621094,612,252,0.053028480822,0.060586937187,0.000133140271
stop-b16-a,16,65536,27,random,256,16,0.062500000000,1.000000000000,4096,3511,0.053573608398,585,247,0.053028480822,0.060586937187,0.000545127576
stop-b16-b,16,65536,27,des,64,32,0.031250000000,1.000000000000,2048,1822,0.027801513672,226,63,0.026712618228,0.030766765524,0.001088895444
stop-b16-b,16,65536,27,random,64,32,0.031250000000,1.000000000000,2048,1806,0.027557373047,242,63,0.026712618228,0.030766765524,0.000844754819
stop-b16-c,16,65536,27,des,16,64,0.015625000000,1.000000000000,1024,880,0.013427734375,144,16,0.013405351497,0.015503562995,0.000022382878
stop-b16-c,16,65536,27,random,16,64,0.015625000000,1.000000000000,1024,919,0.014022827148,105,16,0.013405351497,0.015503562995,0.000617475652
budget-b16-t16,16,65536,27,des,4096,16,1.000000000000,16.000000000000,65536,20927,0.319320678711,44609,2744,0.311693306129,0.632120558829,0.007627372582
budget-b16-t16,16,65536,27,random,4096,16,1.000000000000,16.000000000000,65536,20871,0.318466186523,44665,2678,0.311693306129,0.632120558829,0.006772880394
budget-b16-t32,16,65536,27,des,2048,32,1.000000000000,32.000000000000,65536,15218,0.232208251953,50318,1419,0.229509256274,0.632120558829,0.002698995679
budget-b16-t32,16,65536,27,random,2048,32,1.000000000000,32.000000000000,65536,15084,0.230163574219,50452,1369,0.229509256274,0.632120558829,0.000654317945
stress-b16-current,16,65536,27,des,1024,64,1.000000000000,64.000000000000,65536,11048,0.168579101562,54488,697,0.166514303028,0.632120558829,0.002064798534
stress-b16-current,16,65536,27,random,1024,64,1.000000000000,64.000000000000,65536,10793,0.164688110352,54743,698,0.166514303028,0.632120558829,-0.001826192677
budget-b16-t128,16,65536,27,des,512,128,1.000000000000,128.000000000000,65536,8008,0.122192382812,57528,359,0.119846812240,0.632120558829,0.002345570573
budget-b16-t128,16,65536,27,random,512,128,1.000000000000,128.000000000000,65536,7736,0.118041992188,57800,322,0.119846812240,0.632120558829,-0.001804820052
stop-b16-a,16,65536,28,des,256,16,0.062500000000,1.000000000000,4096,3462,0.052825927734,634,251,0.053028480822,0.060586937187,-0.000202553088
stop-b16-a,16,65536,28,random,256,16,0.062500000000,1.000000000000,4096,3542,0.054046630859,554,250,0.053028480822,0.060586937187,0.001018150037
stop-b16-b,16,65536,28,des,64,32,0.031250000000,1.000000000000,2048,1745,0.026626586914,303,64,0.026712618228,0.030766765524,-0.000086031314
stop-b16-b,16,65536,28,random,64,32,0.031250000000,1.000000000000,2048,1830,0.027923583984,218,63,0.026712618228,0.030766765524,0.001210965756
stop-b16-c,16,65536,28,des,16,64,0.015625000000,1.000000000000,1024,902,0.013763427734,122,16,0.013405351497,0.015503562995,0.000358076238
stop-b16-c,16,65536,28,random,16,64,0.015625000000,1.000000000000,1024,832,0.012695312500,192,16,0.013405351497,0.015503562995,-0.000710038997
budget-b16-t16,16,65536,28,des,4096,16,1.000000000000,16.000000000000,65536,20762,0.316802978516,44774,2752,0.311693306129,0.632120558829,0.005109672387
budget-b16-t16,16,65536,28,random,4096,16,1.000000000000,16.000000000000,65536,20835,0.317916870117,44701,2724,0.311693306129,0.632120558829,0.006223563988
budget-b16-t32,16,65536,28,des,2048,32,1.000000000000,32.000000000000,65536,15119,0.230697631836,50417,1407,0.229509256274,0.632120558829,0.001188375562
budget-b16-t32,16,65536,28,random,2048,32,1.000000000000,32.000000000000,65536,15300,0.233459472656,50236,1403,0.229509256274,0.632120558829,0.003950216382
stress-b16-current,16,65536,28,des,1024,64,1.000000000000,64.000000000000,65536,11298,0.172393798828,54238,674,0.166514303028,0.632120558829,0.005879495800
stress-b16-current,16,65536,28,random,1024,64,1.000000000000,64.000000000000,65536,10982,0.167572021484,54554,694,0.166514303028,0.632120558829,0.001057718456
budget-b16-t128,16,65536,28,des,512,128,1.000000000000,128.000000000000,65536,8016,0.122314453125,57520,339,0.119846812240,0.632120558829,0.002467640885
budget-b16-t128,16,65536,28,random,512,128,1.000000000000,128.000000000000,65536,7997,0.122024536133,57539,292,0.119846812240,0.632120558829,0.002177723893
stop-b16-a,16,65536,29,des,256,16,0.062500000000,1.000000000000,4096,3463,0.052841186523,633,248,0.053028480822,0.060586937187,-0.000187294299
stop-b16-a,16,65536,29,random,256,16,0.062500000000,1.000000000000,4096,3496,0.053344726562,600,246,0.053028480822,0.060586937187,0.000316245740
stop-b16-b,16,65536,29,des,64,32,0.031250000000,1.000000000000,2048,1708,0.026062011719,340,62,0.026712618228,0.030766765524,-0.000650606509
stop-b16-b,16,65536,29,random,64,32,0.031250000000,1.000000000000,2048,1735,0.026473999023,313,64,0.026712618228,0.030766765524,-0.000238619205
stop-b16-c,16,65536,29,des,16,64,0.015625000000,1.000000000000,1024,903,0.013778686523,121,16,0.013405351497,0.015503562995,0.000373335027
stop-b16-c,16,65536,29,random,16,64,0.015625000000,1.000000000000,1024,836,0.012756347656,188,16,0.013405351497,0.015503562995,-0.000649003840
budget-b16-t16,16,65536,29,des,4096,16,1.000000000000,16.000000000000,65536,20996,0.320373535156,44540,2775,0.311693306129,0.632120558829,0.008680229027
budget-b16-t16,16,65536,29,random,4096,16,1.000000000000,16.000000000000,65536,20810,0.317535400391,44726,2752,0.311693306129,0.632120558829,0.005842094262
budget-b16-t32,16,65536,29,des,2048,32,1.000000000000,32.000000000000,65536,15118,0.230682373047,50418,1426,0.229509256274,0.632120558829,0.001173116773
budget-b16-t32,16,65536,29,random,2048,32,1.000000000000,32.000000000000,65536,15229,0.232376098633,50307,1348,0.229509256274,0.632120558829,0.002866842359
stress-b16-current,16,65536,29,des,1024,64,1.000000000000,64.000000000000,65536,10971,0.167404174805,54565,699,0.166514303028,0.632120558829,0.000889871776
stress-b16-current,16,65536,29,random,1024,64,1.000000000000,64.000000000000,65536,11036,0.168395996094,54500,637,0.166514303028,0.632120558829,0.001881693066
budget-b16-t128,16,65536,29,des,512,128,1.000000000000,128.000000000000,65536,7949,0.121292114258,57587,338,0.119846812240,0.632120558829,0.001445302018
budget-b16-t128,16,65536,29,random,512,128,1.000000000000,128.000000000000,65536,7857,0.119888305664,57679,268,0.119846812240,0.632120558829,0.000041493424
stop-b18-a,18,262144,0,des,256,32,0.031250000000,1.000000000000,8192,6846,0.026115417480,1346,255,0.026712618228,0.030766765524,-0.000597200748
stop-b18-a,18,262144,0,random,256,32,0.031250000000,1.000000000000,8192,6992,0.026672363281,1200,254,0.026712618228,0.030766765524,-0.000040254947
stop-b18-b,18,262144,0,des,64,64,0.015625000000,1.000000000000,4096,3550,0.013542175293,546,64,0.013405351497,0.015503562995,0.000136823796
stop-b18-b,18,262144,0,random,64,64,0.015625000000,1.000000000000,4096,3346,0.012763977051,750,63,0.013405351497,0.015503562995,-0.000641374446
stop-b18-c,18,262144,0,des,16,128,0.007812500000,1.000000000000,2048,1744,0.006652832031,304,16,0.006714866097,0.007782061740,-0.000062034066
stop-b18-c,18,262144,0,random,16,128,0.007812500000,1.000000000000,2048,1866,0.007118225098,182,16,0.006714866097,0.007782061740,0.000403359000
stop-b18-a,18,262144,1,des,256,32,0.031250000000,1.000000000000,8192,7007,0.026729583740,1185,253,0.026712618228,0.030766765524,0.000016965512
stop-b18-a,18,262144,1,random,256,32,0.031250000000,1.000000000000,8192,6942,0.026481628418,1250,253,0.026712618228,0.030766765524,-0.000230989810
stop-b18-b,18,262144,1,des,64,64,0.015625000000,1.000000000000,4096,3492,0.013320922852,604,63,0.013405351497,0.015503562995,-0.000084428645
stop-b18-b,18,262144,1,random,64,64,0.015625000000,1.000000000000,4096,3618,0.013801574707,478,63,0.013405351497,0.015503562995,0.000396223210
stop-b18-c,18,262144,1,des,16,128,0.007812500000,1.000000000000,2048,1827,0.006969451904,221,16,0.006714866097,0.007782061740,0.000254585807
stop-b18-c,18,262144,1,random,16,128,0.007812500000,1.000000000000,2048,1532,0.005844116211,516,16,0.006714866097,0.007782061740,-0.000870749886
stop-b18-a,18,262144,2,des,256,32,0.031250000000,1.000000000000,8192,7150,0.027275085449,1042,252,0.026712618228,0.030766765524,0.000562467221
stop-b18-a,18,262144,2,random,256,32,0.031250000000,1.000000000000,8192,6938,0.026466369629,1254,253,0.026712618228,0.030766765524,-0.000246248599
stop-b18-b,18,262144,2,des,64,64,0.015625000000,1.000000000000,4096,3592,0.013702392578,504,64,0.013405351497,0.015503562995,0.000297041081
stop-b18-b,18,262144,2,random,64,64,0.015625000000,1.000000000000,4096,3492,0.013320922852,604,64,0.013405351497,0.015503562995,-0.000084428645
stop-b18-c,18,262144,2,des,16,128,0.007812500000,1.000000000000,2048,1726,0.006584167480,322,16,0.006714866097,0.007782061740,-0.000130698617
stop-b18-c,18,262144,2,random,16,128,0.007812500000,1.000000000000,2048,1549,0.005908966064,499,16,0.006714866097,0.007782061740,-0.000805900033
stop-b18-a,18,262144,3,des,256,32,0.031250000000,1.000000000000,8192,7006,0.026725769043,1186,252,0.026712618228,0.030766765524,0.000013150815
stop-b18-a,18,262144,3,random,256,32,0.031250000000,1.000000000000,8192,6967,0.026576995850,1225,251,0.026712618228,0.030766765524,-0.000135622379
stop-b18-b,18,262144,3,des,64,64,0.015625000000,1.000000000000,4096,3292,0.012557983398,804,64,0.013405351497,0.015503562995,-0.000847368098
stop-b18-b,18,262144,3,random,64,64,0.015625000000,1.000000000000,4096,3539,0.013500213623,557,63,0.013405351497,0.015503562995,0.000094862126
stop-b18-c,18,262144,3,des,16,128,0.007812500000,1.000000000000,2048,1855,0.007076263428,193,16,0.006714866097,0.007782061740,0.000361397330
stop-b18-c,18,262144,3,random,16,128,0.007812500000,1.000000000000,2048,1489,0.005680084229,559,16,0.006714866097,0.007782061740,-0.001034781869
stop-b18-a,18,262144,4,des,256,32,0.031250000000,1.000000000000,8192,6988,0.026657104492,1204,253,0.026712618228,0.030766765524,-0.000055513736
stop-b18-a,18,262144,4,random,256,32,0.031250000000,1.000000000000,8192,7028,0.026809692383,1164,252,0.026712618228,0.030766765524,0.000097074155
stop-b18-b,18,262144,4,des,64,64,0.015625000000,1.000000000000,4096,3625,0.013828277588,471,63,0.013405351497,0.015503562995,0.000422926091
stop-b18-b,18,262144,4,random,64,64,0.015625000000,1.000000000000,4096,3508,0.013381958008,588,63,0.013405351497,0.015503562995,-0.000023393489
stop-b18-c,18,262144,4,des,16,128,0.007812500000,1.000000000000,2048,1758,0.006706237793,290,16,0.006714866097,0.007782061740,-0.000008628304
stop-b18-c,18,262144,4,random,16,128,0.007812500000,1.000000000000,2048,1577,0.006015777588,471,16,0.006714866097,0.007782061740,-0.000699088509
stop-b18-a,18,262144,5,des,256,32,0.031250000000,1.000000000000,8192,6988,0.026657104492,1204,250,0.026712618228,0.030766765524,-0.000055513736
stop-b18-a,18,262144,5,random,256,32,0.031250000000,1.000000000000,8192,7002,0.026710510254,1190,252,0.026712618228,0.030766765524,-0.000002107974
stop-b18-b,18,262144,5,des,64,64,0.015625000000,1.000000000000,4096,3555,0.013561248779,541,63,0.013405351497,0.015503562995,0.000155897283
stop-b18-b,18,262144,5,random,64,64,0.015625000000,1.000000000000,4096,3427,0.013072967529,669,64,0.013405351497,0.015503562995,-0.000332383967
stop-b18-c,18,262144,5,des,16,128,0.007812500000,1.000000000000,2048,1945,0.007419586182,103,16,0.006714866097,0.007782061740,0.000704720084
stop-b18-c,18,262144,5,random,16,128,0.007812500000,1.000000000000,2048,1914,0.007301330566,134,16,0.006714866097,0.007782061740,0.000586464469
stop-b18-a,18,262144,6,des,256,32,0.031250000000,1.000000000000,8192,6731,0.025676727295,1461,253,0.026712618228,0.030766765524,-0.001035890933
stop-b18-a,18,262144,6,random,256,32,0.031250000000,1.000000000000,8192,6916,0.026382446289,1276,252,0.026712618228,0.030766765524,-0.000330171939
stop-b18-b,18,262144,6,des,64,64,0.015625000000,1.000000000000,4096,3511,0.013393402100,585,63,0.013405351497,0.015503562995,-0.000011949397
stop-b18-b,18,262144,6,random,64,64,0.015625000000,1.000000000000,4096,3539,0.013500213623,557,64,0.013405351497,0.015503562995,0.000094862126
stop-b18-c,18,262144,6,des,16,128,0.007812500000,1.000000000000,2048,1759,0.006710052490,289,16,0.006714866097,0.007782061740,-0.000004813607
stop-b18-c,18,262144,6,random,16,128,0.007812500000,1.000000000000,2048,1669,0.006366729736,379,16,0.006714866097,0.007782061740,-0.000348136361
stop-b18-a,18,262144,7,des,256,32,0.031250000000,1.000000000000,8192,7193,0.027439117432,999,249,0.026712618228,0.030766765524,0.000726499203
stop-b18-a,18,262144,7,random,256,32,0.031250000000,1.000000000000,8192,7073,0.026981353760,1119,254,0.026712618228,0.030766765524,0.000268735532
stop-b18-b,18,262144,7,des,64,64,0.015625000000,1.000000000000,4096,3163,0.012065887451,933,64,0.013405351497,0.015503562995,-0.001339464046
stop-b18-b,18,262144,7,random,64,64,0.015625000000,1.000000000000,4096,3226,0.012306213379,870,62,0.013405351497,0.015503562995,-0.001099138118
stop-b18-c,18,262144,7,des,16,128,0.007812500000,1.000000000000,2048,1489,0.005680084229,559,16,0.006714866097,0.007782061740,-0.001034781869
stop-b18-c,18,262144,7,random,16,128,0.007812500000,1.000000000000,2048,1719,0.006557464600,329,16,0.006714866097,0.007782061740,-0.000157401498
stop-b18-a,18,262144,8,des,256,32,0.031250000000,1.000000000000,8192,7152,0.027282714844,1040,253,0.026712618228,0.030766765524,0.000570096616
stop-b18-a,18,262144,8,random,256,32,0.031250000000,1.000000000000,8192,6948,0.026504516602,1244,249,0.026712618228,0.030766765524,-0.000208101627
stop-b18-b,18,262144,8,des,64,64,0.015625000000,1.000000000000,4096,3474,0.013252258301,622,64,0.013405351497,0.015503562995,-0.000153093196
stop-b18-b,18,262144,8,random,64,64,0.015625000000,1.000000000000,4096,3467,0.013225555420,629,62,0.013405351497,0.015503562995,-0.000179796077
stop-b18-c,18,262144,8,des,16,128,0.007812500000,1.000000000000,2048,1813,0.006916046143,235,16,0.006714866097,0.007782061740,0.000201180045
stop-b18-c,18,262144,8,random,16,128,0.007812500000,1.000000000000,2048,1785,0.006809234619,263,16,0.006714866097,0.007782061740,0.000094368522
stop-b18-a,18,262144,9,des,256,32,0.031250000000,1.000000000000,8192,7083,0.027019500732,1109,253,0.026712618228,0.030766765524,0.000306882504
stop-b18-a,18,262144,9,random,256,32,0.031250000000,1.000000000000,8192,7173,0.027362823486,1019,250,0.026712618228,0.030766765524,0.000650205258
stop-b18-b,18,262144,9,des,64,64,0.015625000000,1.000000000000,4096,3512,0.013397216797,584,64,0.013405351497,0.015503562995,-0.000008134700
stop-b18-b,18,262144,9,random,64,64,0.015625000000,1.000000000000,4096,3369,0.012851715088,727,64,0.013405351497,0.015503562995,-0.000553636409
stop-b18-c,18,262144,9,des,16,128,0.007812500000,1.000000000000,2048,1768,0.006744384766,280,16,0.006714866097,0.007782061740,0.000029518668
stop-b18-c,18,262144,9,random,16,128,0.007812500000,1.000000000000,2048,1762,0.006721496582,286,16,0.006714866097,0.007782061740,0.000006630485
stop-b18-a,18,262144,10,des,256,32,0.031250000000,1.000000000000,8192,6907,0.026348114014,1285,254,0.026712618228,0.030766765524,-0.000364504215
stop-b18-a,18,262144,10,random,256,32,0.031250000000,1.000000000000,8192,6954,0.026527404785,1238,250,0.026712618228,0.030766765524,-0.000185213443
stop-b18-b,18,262144,10,des,64,64,0.015625000000,1.000000000000,4096,3555,0.013561248779,541,63,0.013405351497,0.015503562995,0.000155897283
stop-b18-b,18,262144,10,random,64,64,0.015625000000,1.000000000000,4096,3466,0.013221740723,630,64,0.013405351497,0.015503562995,-0.000183610774
stop-b18-c,18,262144,10,des,16,128,0.007812500000,1.000000000000,2048,1750,0.006675720215,298,16,0.006714866097,0.007782061740,-0.000039145882
stop-b18-c,18,262144,10,random,16,128,0.007812500000,1.000000000000,2048,2011,0.007671356201,37,16,0.006714866097,0.007782061740,0.000956490104
stop-b18-a,18,262144,11,des,256,32,0.031250000000,1.000000000000,8192,6997,0.026691436768,1195,252,0.026712618228,0.030766765524,-0.000021181461
stop-b18-a,18,262144,11,random,256,32,0.031250000000,1.000000000000,8192,7127,0.027187347412,1065,251,0.026712618228,0.030766765524,0.000474729184
stop-b18-b,18,262144,11,des,64,64,0.015625000000,1.000000000000,4096,3620,0.013809204102,476,63,0.013405351497,0.015503562995,0.000403852605
stop-b18-b,18,262144,11,random,64,64,0.015625000000,1.000000000000,4096,3569,0.013614654541,527,64,0.013405351497,0.015503562995,0.000209303044
stop-b18-c,18,262144,11,des,16,128,0.007812500000,1.000000000000,2048,1847,0.007045745850,201,16,0.006714866097,0.007782061740,0.000330879752
stop-b18-c,18,262144,11,random,16,128,0.007812500000,1.000000000000,2048,1879,0.007167816162,169,15,0.006714866097,0.007782061740,0.000452950065
stop-b18-a,18,262144,12,des,256,32,0.031250000000,1.000000000000,8192,6765,0.025806427002,1427,248,0.026712618228,0.030766765524,-0.000906191226
stop-b18-a,18,262144,12,random,256,32,0.031250000000,1.000000000000,8192,6938,0.026466369629,1254,251,0.026712618228,0.030766765524,-0.000246248599
stop-b18-b,18,262144,12,des,64,64,0.015625000000,1.000000000000,4096,3333,0.012714385986,763,63,0.013405351497,0.015503562995,-0.000690965510
stop-b18-b,18,262144,12,random,64,64,0.015625000000,1.000000000000,4096,3573,0.013629913330,523,64,0.013405351497,0.015503562995,0.000224561833
stop-b18-c,18,262144,12,des,16,128,0.007812500000,1.000000000000,2048,1728,0.006591796875,320,16,0.006714866097,0.007782061740,-0.000123069222
stop-b18-c,18,262144,12,random,16,128,0.007812500000,1.000000000000,2048,1935,0.007381439209,113,16,0.006714866097,0.007782061740,0.000666573112
stop-b18-a,18,262144,13,des,256,32,0.031250000000,1.000000000000,8192,7024,0.026794433594,1168,252,0.026712618228,0.030766765524,0.000081815366
stop-b18-a,18,262144,13,random,256,32,0.031250000000,1.000000000000,8192,6924,0.026412963867,1268,253,0.026712618228,0.030766765524,-0.000299654361
stop-b18-b,18,262144,13,des,64,64,0.015625000000,1.000000000000,4096,3604,0.013748168945,492,63,0.013405351497,0.015503562995,0.000342817449
stop-b18-b,18,262144,13,random,64,64,0.015625000000,1.000000000000,4096,3492,0.013320922852,604,63,0.013405351497,0.015503562995,-0.000084428645
stop-b18-c,18,262144,13,des,16,128,0.007812500000,1.000000000000,2048,1762,0.006721496582,286,16,0.006714866097,0.007782061740,0.000006630485
stop-b18-c,18,262144,13,random,16,128,0.007812500000,1.000000000000,2048,1827,0.006969451904,221,16,0.006714866097,0.007782061740,0.000254585807
stop-b18-a,18,262144,14,des,256,32,0.031250000000,1.000000000000,8192,6918,0.026390075684,1274,251,0.026712618228,0.030766765524,-0.000322542545
stop-b18-a,18,262144,14,random,256,32,0.031250000000,1.000000000000,8192,6882,0.026252746582,1310,251,0.026712618228,0.030766765524,-0.000459871646
stop-b18-b,18,262144,14,des,64,64,0.015625000000,1.000000000000,4096,3379,0.012889862061,717,61,0.013405351497,0.015503562995,-0.000515489436
stop-b18-b,18,262144,14,random,64,64,0.015625000000,1.000000000000,4096,3558,0.013572692871,538,64,0.013405351497,0.015503562995,0.000167341374
stop-b18-c,18,262144,14,des,16,128,0.007812500000,1.000000000000,2048,1716,0.006546020508,332,16,0.006714866097,0.007782061740,-0.000168845589
stop-b18-c,18,262144,14,random,16,128,0.007812500000,1.000000000000,2048,1663,0.006343841553,385,16,0.006714866097,0.007782061740,-0.000371024545
stop-b18-a,18,262144,15,des,256,32,0.031250000000,1.000000000000,8192,7041,0.026859283447,1151,253,0.026712618228,0.030766765524,0.000146665219
stop-b18-a,18,262144,15,random,256,32,0.031250000000,1.000000000000,8192,6918,0.026390075684,1274,251,0.026712618228,0.030766765524,-0.000322542545
stop-b18-b,18,262144,15,des,64,64,0.015625000000,1.000000000000,4096,3457,0.013187408447,639,64,0.013405351497,0.015503562995,-0.000217943049
stop-b18-b,18,262144,15,random,64,64,0.015625000000,1.000000000000,4096,3505,0.013370513916,591,64,0.013405351497,0.015503562995,-0.000034837581
stop-b18-c,18,262144,15,des,16,128,0.007812500000,1.000000000000,2048,1920,0.007324218750,128,16,0.006714866097,0.007782061740,0.000609352653
stop-b18-c,18,262144,15,random,16,128,0.007812500000,1.000000000000,2048,1684,0.006423950195,364,16,0.006714866097,0.007782061740,-0.000290915902
stop-b18-a,18,262144,16,des,256,32,0.031250000000,1.000000000000,8192,7006,0.026725769043,1186,251,0.026712618228,0.030766765524,0.000013150815
stop-b18-a,18,262144,16,random,256,32,0.031250000000,1.000000000000,8192,7056,0.026916503906,1136,253,0.026712618228,0.030766765524,0.000203885678
stop-b18-b,18,262144,16,des,64,64,0.015625000000,1.000000000000,4096,3747,0.014293670654,349,63,0.013405351497,0.015503562995,0.000888319158
stop-b18-b,18,262144,16,random,64,64,0.015625000000,1.000000000000,4096,3544,0.013519287109,552,63,0.013405351497,0.015503562995,0.000113935613
stop-b18-c,18,262144,16,des,16,128,0.007812500000,1.000000000000,2048,1691,0.006450653076,357,16,0.006714866097,0.007782061740,-0.000264213021
stop-b18-c,18,262144,16,random,16,128,0.007812500000,1.000000000000,2048,1889,0.007205963135,159,16,0.006714866097,0.007782061740,0.000491097038
stop-b18-a,18,262144,17,des,256,32,0.031250000000,1.000000000000,8192,6847,0.026119232178,1345,249,0.026712618228,0.030766765524,-0.000593386050
stop-b18-a,18,262144,17,random,256,32,0.031250000000,1.000000000000,8192,6956,0.026535034180,1236,253,0.026712618228,0.030766765524,-0.000177584048
stop-b18-b,18,262144,17,des,64,64,0.015625000000,1.000000000000,4096,3647,0.013912200928,449,64,0.013405351497,0.015503562995,0.000506849431
stop-b18-b,18,262144,17,random,64,64,0.015625000000,1.000000000000,4096,3468,0.013229370117,628,64,0.013405351497,0.015503562995,-0.000175981379
stop-b18-c,18,262144,17,des,16,128,0.007812500000,1.000000000000,2048,1797,0.006855010986,251,16,0.006714866097,0.007782061740,0.000140144889
stop-b18-c,18,262144,17,random,16,128,0.007812500000,1.000000000000,2048,1781,0.006793975830,267,16,0.006714866097,0.007782061740,0.000079109733
stop-b18-a,18,262144,18,des,256,32,0.031250000000,1.000000000000,8192,6844,0.026107788086,1348,248,0.026712618228,0.030766765524,-0.000604830142
stop-b18-a,18,262144,18,random,256,32,0.031250000000,1.000000000000,8192,6995,0.026683807373,1197,255,0.026712618228,0.030766765524,-0.000028810855
stop-b18-b,18,262144,18,des,64,64,0.015625000000,1.000000000000,4096,3419,0.013042449951,677,64,0.013405351497,0.015503562995,-0.000362901546
stop-b18-b,18,262144,18,random,64,64,0.015625000000,1.000000000000,4096,3596,0.013717651367,500,64,0.013405351497,0.015503562995,0.000312299871
stop-b18-c,18,262144,18,des,16,128,0.007812500000,1.000000000000,2048,1606,0.006126403809,442,16,0.006714866097,0.007782061740,-0.000588462289
stop-b18-c,18,262144,18,random,16,128,0.007812500000,1.000000000000,2048,1801,0.006870269775,247,16,0.006714866097,0.007782061740,0.000155403678
stop-b18-a,18,262144,19,des,256,32,0.031250000000,1.000000000000,8192,7129,0.027194976807,1063,250,0.026712618228,0.030766765524,0.000482358578
stop-b18-a,18,262144,19,random,256,32,0.031250000000,1.000000000000,8192,6705,0.025577545166,1487,250,0.026712618228,0.030766765524,-0.001135073062
stop-b18-b,18,262144,19,des,64,64,0.015625000000,1.000000000000,4096,3520,0.013427734375,576,63,0.013405351497,0.015503562995,0.000022382878
stop-b18-b,18,262144,19,random,64,64,0.015625000000,1.000000000000,4096,3519,0.013423919678,577,64,0.013405351497,0.015503562995,0.000018568181
stop-b18-c,18,262144,19,des,16,128,0.007812500000,1.000000000000,2048,1791,0.006832122803,257,16,0.006714866097,0.007782061740,0.000117256705
stop-b18-c,18,262144,19,random,16,128,0.007812500000,1.000000000000,2048,1747,0.006664276123,301,16,0.006714866097,0.007782061740,-0.000050589974
stop-b18-a,18,262144,20,des,256,32,0.031250000000,1.000000000000,8192,6929,0.026432037354,1263,247,0.026712618228,0.030766765524,-0.000280580875
stop-b18-a,18,262144,20,random,256,32,0.031250000000,1.000000000000,8192,6990,0.026664733887,1202,251,0.026712618228,0.030766765524,-0.000047884341
stop-b18-b,18,262144,20,des,64,64,0.015625000000,1.000000000000,4096,3489,0.013309478760,607,64,0.013405351497,0.015503562995,-0.000095872737
stop-b18-b,18,262144,20,random,64,64,0.015625000000,1.000000000000,4096,3573,0.013629913330,523,64,0.013405351497,0.015503562995,0.000224561833
stop-b18-c,18,262144,20,des,16,128,0.007812500000,1.000000000000,2048,1800,0.006866455078,248,16,0.006714866097,0.007782061740,0.000151588981
stop-b18-c,18,262144,20,random,16,128,0.007812500000,1.000000000000,2048,1728,0.006591796875,320,16,0.006714866097,0.007782061740,-0.000123069222
stop-b18-a,18,262144,21,des,256,32,0.031250000000,1.000000000000,8192,7061,0.026935577393,1131,252,0.026712618228,0.030766765524,0.000222959164
stop-b18-a,18,262144,21,random,256,32,0.031250000000,1.000000000000,8192,7107,0.027111053467,1085,252,0.026712618228,0.030766765524,0.000398435239
stop-b18-b,18,262144,21,des,64,64,0.015625000000,1.000000000000,4096,3558,0.013572692871,538,64,0.013405351497,0.015503562995,0.000167341374
stop-b18-b,18,262144,21,random,64,64,0.015625000000,1.000000000000,4096,3567,0.013607025146,529,64,0.013405351497,0.015503562995,0.000201673650
stop-b18-c,18,262144,21,des,16,128,0.007812500000,1.000000000000,2048,1776,0.006774902344,272,16,0.006714866097,0.007782061740,0.000060036247
stop-b18-c,18,262144,21,random,16,128,0.007812500000,1.000000000000,2048,1912,0.007293701172,136,16,0.006714866097,0.007782061740,0.000578835075
stop-b18-a,18,262144,22,des,256,32,0.031250000000,1.000000000000,8192,6949,0.026508331299,1243,252,0.026712618228,0.030766765524,-0.000204286929
stop-b18-a,18,262144,22,random,256,32,0.031250000000,1.000000000000,8192,7021,0.026782989502,1171,254,0.026712618228,0.030766765524,0.000070371274
stop-b18-b,18,262144,22,des,64,64,0.015625000000,1.000000000000,4096,3542,0.013511657715,554,64,0.013405351497,0.015503562995,0.000106306218
stop-b18-b,18,262144,22,random,64,64,0.015625000000,1.000000000000,4096,3366,0.012840270996,730,62,0.013405351497,0.015503562995,-0.000565080501
stop-b18-c,18,262144,22,des,16,128,0.007812500000,1.000000000000,2048,1641,0.006259918213,407,16,0.006714866097,0.007782061740,-0.000454947884
stop-b18-c,18,262144,22,random,16,128,0.007812500000,1.000000000000,2048,1868,0.007125854492,180,16,0.006714866097,0.007782061740,0.000410988395
stop-b18-a,18,262144,23,des,256,32,0.031250000000,1.000000000000,8192,7031,0.026821136475,1161,253,0.026712618228,0.030766765524,0.000108518246
stop-b18-a,18,262144,23,random,256,32,0.031250000000,1.000000000000,8192,7030,0.026817321777,1162,253,0.026712618228,0.030766765524,0.000104703549
stop-b18-b,18,262144,23,des,64,64,0.015625000000,1.000000000000,4096,3623,0.013820648193,473,64,0.013405351497,0.015503562995,0.000415296697
stop-b18-b,18,262144,23,random,64,64,0.015625000000,1.000000000000,4096,3465,0.013217926025,631,63,0.013405351497,0.015503562995,-0.000187425471
stop-b18-c,18,262144,23,des,16,128,0.007812500000,1.000000000000,2048,1828,0.006973266602,220,16,0.006714866097,0.007782061740,0.000258400504
stop-b18-c,18,262144,23,random,16,128,0.007812500000,1.000000000000,2048,1797,0.006855010986,251,16,0.006714866097,0.007782061740,0.000140144889
stop-b18-a,18,262144,24,des,256,32,0.031250000000,1.000000000000,8192,6930,0.026435852051,1262,248,0.026712618228,0.030766765524,-0.000276766177
stop-b18-a,18,262144,24,random,256,32,0.031250000000,1.000000000000,8192,6960,0.026550292969,1232,255,0.026712618228,0.030766765524,-0.000162325259
stop-b18-b,18,262144,24,des,64,64,0.015625000000,1.000000000000,4096,3570,0.013618469238,526,62,0.013405351497,0.015503562995,0.000213117742
stop-b18-b,18,262144,24,random,64,64,0.015625000000,1.000000000000,4096,3538,0.013496398926,558,64,0.013405351497,0.015503562995,0.000091047429
stop-b18-c,18,262144,24,des,16,128,0.007812500000,1.000000000000,2048,1716,0.006546020508,332,16,0.006714866097,0.007782061740,-0.000168845589
stop-b18-c,18,262144,24,random,16,128,0.007812500000,1.000000000000,2048,1825,0.006961822510,223,16,0.006714866097,0.007782061740,0.000246956413
stop-b18-a,18,262144,25,des,256,32,0.031250000000,1.000000000000,8192,6874,0.026222229004,1318,254,0.026712618228,0.030766765524,-0.000490389224
stop-b18-a,18,262144,25,random,256,32,0.031250000000,1.000000000000,8192,7048,0.026885986328,1144,253,0.026712618228,0.030766765524,0.000173368100
stop-b18-b,18,262144,25,des,64,64,0.015625000000,1.000000000000,4096,3465,0.013217926025,631,64,0.013405351497,0.015503562995,-0.000187425471
stop-b18-b,18,262144,25,random,64,64,0.015625000000,1.000000000000,4096,3450,0.013160705566,646,64,0.013405351497,0.015503562995,-0.000244645930
stop-b18-c,18,262144,25,des,16,128,0.007812500000,1.000000000000,2048,1663,0.006343841553,385,16,0.006714866097,0.007782061740,-0.000371024545
stop-b18-c,18,262144,25,random,16,128,0.007812500000,1.000000000000,2048,1655,0.006313323975,393,16,0.006714866097,0.007782061740,-0.000401542123
stop-b18-a,18,262144,26,des,256,32,0.031250000000,1.000000000000,8192,7069,0.026966094971,1123,252,0.026712618228,0.030766765524,0.000253476743
stop-b18-a,18,262144,26,random,256,32,0.031250000000,1.000000000000,8192,6926,0.026420593262,1266,252,0.026712618228,0.030766765524,-0.000292024966
stop-b18-b,18,262144,26,des,64,64,0.015625000000,1.000000000000,4096,3487,0.013301849365,609,63,0.013405351497,0.015503562995,-0.000103502131
stop-b18-b,18,262144,26,random,64,64,0.015625000000,1.000000000000,4096,3467,0.013225555420,629,64,0.013405351497,0.015503562995,-0.000179796077
stop-b18-c,18,262144,26,des,16,128,0.007812500000,1.000000000000,2048,1774,0.006767272949,274,16,0.006714866097,0.007782061740,0.000052406852
stop-b18-c,18,262144,26,random,16,128,0.007812500000,1.000000000000,2048,1873,0.007144927979,175,16,0.006714866097,0.007782061740,0.000430061881
stop-b18-a,18,262144,27,des,256,32,0.031250000000,1.000000000000,8192,6971,0.026592254639,1221,250,0.026712618228,0.030766765524,-0.000120363590
stop-b18-a,18,262144,27,random,256,32,0.031250000000,1.000000000000,8192,7042,0.026863098145,1150,251,0.026712618228,0.030766765524,0.000150479916
stop-b18-b,18,262144,27,des,64,64,0.015625000000,1.000000000000,4096,3644,0.013900756836,452,64,0.013405351497,0.015503562995,0.000495405339
stop-b18-b,18,262144,27,random,64,64,0.015625000000,1.000000000000,4096,3633,0.013858795166,463,63,0.013405351497,0.015503562995,0.000453443669
stop-b18-c,18,262144,27,des,16,128,0.007812500000,1.000000000000,2048,1865,0.007114410400,183,16,0.006714866097,0.007782061740,0.000399544303
stop-b18-c,18,262144,27,random,16,128,0.007812500000,1.000000000000,2048,1913,0.007297515869,135,16,0.006714866097,0.007782061740,0.000582649772
stop-b18-a,18,262144,28,des,256,32,0.031250000000,1.000000000000,8192,7016,0.026763916016,1176,254,0.026712618228,0.030766765524,0.000051297787
stop-b18-a,18,262144,28,random,256,32,0.031250000000,1.000000000000,8192,7160,0.027313232422,1032,251,0.026712618228,0.030766765524,0.000600614194
stop-b18-b,18,262144,28,des,64,64,0.015625000000,1.000000000000,4096,3553,0.013553619385,543,64,0.013405351497,0.015503562995,0.000148267888
stop-b18-b,18,262144,28,random,64,64,0.015625000000,1.000000000000,4096,3557,0.013568878174,539,63,0.013405351497,0.015503562995,0.000163526677
stop-b18-c,18,262144,28,des,16,128,0.007812500000,1.000000000000,2048,1835,0.006999969482,213,16,0.006714866097,0.007782061740,0.000285103385
stop-b18-c,18,262144,28,random,16,128,0.007812500000,1.000000000000,2048,1837,0.007007598877,211,16,0.006714866097,0.007782061740,0.000292732780
stop-b18-a,18,262144,29,des,256,32,0.031250000000,1.000000000000,8192,6865,0.026187896729,1327,252,0.026712618228,0.030766765524,-0.000524721500
stop-b18-a,18,262144,29,random,256,32,0.031250000000,1.000000000000,8192,6918,0.026390075684,1274,252,0.026712618228,0.030766765524,-0.000322542545
stop-b18-b,18,262144,29,des,64,64,0.015625000000,1.000000000000,4096,3428,0.013076782227,668,64,0.013405351497,0.015503562995,-0.000328569270
stop-b18-b,18,262144,29,random,64,64,0.015625000000,1.000000000000,4096,3333,0.012714385986,763,63,0.013405351497,0.015503562995,-0.000690965510
stop-b18-c,18,262144,29,des,16,128,0.007812500000,1.000000000000,2048,1722,0.006568908691,326,16,0.006714866097,0.007782061740,-0.000145957406
stop-b18-c,18,262144,29,random,16,128,0.007812500000,1.000000000000,2048,1743,0.006649017334,305,16,0.006714866097,0.007782061740,-0.000065848763
